{
	"credit": "Made with Blockbench by Mc_Jeronimo",
	"texture_size": [32, 32],
	"textures": {
		"0": "opensignals:blocks/projekt675signale/default/shield_black",
		"1": "opensignals:blocks/projekt675signale/default/shield_gray",
		"particle": "opensignals:blocks/projekt675signale/default/shield_black",
		"lamp_rednorth": "opensignals:blocks/projekt675signale/lamps/lamp_dark",
		"lamp_greennorth": "opensignals:blocks/projekt675signale/lamps/lamp_dark",
		"lamp_white_klnorth": "opensignals:blocks/projekt675signale/lamps/lamp_dark",
		"lamp_white_sh_zs1north": "opensignals:blocks/projekt675signale/lamps/lamp_dark",
		"lamp_white_shnorth": "opensignals:blocks/projekt675signale/lamps/lamp_dark",
		"lamp_white_zs7north": "opensignals:blocks/projekt675signale/lamps/lamp_dark"
	},
	"elements": [
		{
			"name": "lamp_red",
			"from": [-6.5, 17.75, 5.9],
			"to": [-2.5, 21.75, 5.9],
			"rotation": {"angle": 0, "axis": "y", "origin": [-17.5, 4, 0]},
			"faces": {
				"north": {"uv": [0, 0, 4.3125, 4.3125], "texture": "#lamp_rednorth"}
			}
		},
		{
			"name": "lamp_green",
			"from": [-6.5, 12.75, 5.9],
			"to": [-2.5, 16.75, 5.9],
			"rotation": {"angle": 0, "axis": "y", "origin": [-17.5, 4, 0]},
			"faces": {
				"north": {"uv": [0, 0, 4.3125, 4.3125], "texture": "#lamp_greennorth"}
			}
		},
		{
			"name": "lamp_white_kl",
			"from": [-2.5, 22.4, 5.9],
			"to": [-0.5, 24.4, 5.9],
			"rotation": {"angle": 0, "axis": "y", "origin": [-17.5, 3.9, 0]},
			"faces": {
				"north": {"uv": [0, 0, 4.3125, 4.3125], "texture": "#lamp_white_klnorth"}
			}
		},
		{
			"name": "lamp_white_sh_zs1",
			"from": [-5.5, 9.3, 5.9],
			"to": [-3.5, 11.3, 5.9],
			"rotation": {"angle": 0, "axis": "y", "origin": [-17.5, 4.3, 0]},
			"faces": {
				"north": {"uv": [0, 0, 4.3125, 4.3125], "texture": "#lamp_white_sh_zs1north"}
			}
		},
		{
			"name": "lamp_white_sh",
			"from": [-2.5, 5.3, 5.9],
			"to": [-0.5, 7.3, 5.9],
			"rotation": {"angle": 0, "axis": "y", "origin": [-17.5, 4.3, 0]},
			"faces": {
				"north": {"uv": [0, 0, 4.3125, 4.3125], "texture": "#lamp_white_shnorth"}
			}
		},
		{
			"name": "lamp_white_zs7",
			"from": [-2.5, 9.3, 5.9],
			"to": [-0.5, 11.3, 5.9],
			"rotation": {"angle": 0, "axis": "y", "origin": [-17.5, 4.3, 0]},
			"faces": {
				"north": {"uv": [0, 0, 4.3125, 4.3125], "texture": "#lamp_white_zs7north"}
			}
		},
		{
			"name": "lamp_white_zs7",
			"from": [-5.5, 5.3, 5.9],
			"to": [-3.5, 7.3, 5.9],
			"rotation": {"angle": 0, "axis": "y", "origin": [-17.5, 4.3, 0]},
			"faces": {
				"north": {"uv": [0, 0, 4.3125, 4.3125], "texture": "#lamp_white_zs7north"}
			}
		},
		{
			"name": "lamp_white_zs7",
			"from": [-8.5, 9.3, 5.9],
			"to": [-6.5, 11.3, 5.9],
			"rotation": {"angle": 0, "axis": "y", "origin": [-17.5, 4.3, 0]},
			"faces": {
				"north": {"uv": [0, 0, 4.3125, 4.3125], "texture": "#lamp_white_zs7north"}
			}
		},
		{
			"name": "shield17",
			"from": [-10, 4, 7],
			"to": [1, 26, 10],
			"rotation": {"angle": 0, "axis": "y", "origin": [-12.5, 4, 0]},
			"faces": {
				"north": {"uv": [0, 0, 5.5, 11.5], "texture": "#0"},
				"east": {"uv": [0, 0, 1, 11.5], "texture": "#0"},
				"south": {"uv": [0, 0, 5.5, 11.5], "texture": "#0"},
				"west": {"uv": [0, 0, 1, 11.5], "texture": "#0"},
				"up": {"uv": [0, 0, 5.5, 1], "texture": "#0"},
				"down": {"uv": [0, 0, 5.5, 1], "texture": "#0"}
			}
		},
		{
			"name": "shield17",
			"from": [-10, 4, 6],
			"to": [1, 4.25, 7],
			"rotation": {"angle": 0, "axis": "y", "origin": [-12.5, 4, 0]},
			"faces": {
				"north": {"uv": [0, 0, 5.5, 11.5], "texture": "#0"},
				"east": {"uv": [0, 0, 1, 11.5], "texture": "#0"},
				"south": {"uv": [0, 0, 5.5, 11.5], "texture": "#0"},
				"west": {"uv": [0, 0, 1, 11.5], "texture": "#0"},
				"up": {"uv": [0, 0, 5.5, 1], "texture": "#0"},
				"down": {"uv": [0, 0, 5.5, 1], "texture": "#0"}
			}
		},
		{
			"name": "shield17",
			"from": [-10, 4.75, 6],
			"to": [1, 14.75, 7],
			"rotation": {"angle": 0, "axis": "y", "origin": [-12.5, 4, 0]},
			"faces": {
				"north": {"uv": [0, 0, 5.5, 11.5], "texture": "#0"},
				"east": {"uv": [0, 0, 1, 11.5], "texture": "#0"},
				"south": {"uv": [0, 0, 5.5, 11.5], "texture": "#0"},
				"west": {"uv": [0, 0, 1, 11.5], "texture": "#0"},
				"up": {"uv": [0, 0, 5.5, 1], "texture": "#0"},
				"down": {"uv": [0, 0, 5.5, 1], "texture": "#0"}
			}
		},
		{
			"name": "shield17",
			"from": [-10, 25.25, 6],
			"to": [-9.25, 25.75, 7],
			"rotation": {"angle": 0, "axis": "y", "origin": [-12.5, 4, 0]},
			"faces": {
				"north": {"uv": [0, 0, 5.5, 11.5], "texture": "#0"},
				"east": {"uv": [0, 0, 1, 11.5], "texture": "#0"},
				"south": {"uv": [0, 0, 5.5, 11.5], "texture": "#0"},
				"west": {"uv": [0, 0, 1, 11.5], "texture": "#0"},
				"up": {"uv": [0, 0, 5.5, 1], "texture": "#0"},
				"down": {"uv": [0, 0, 5.5, 1], "texture": "#0"}
			}
		},
		{
			"name": "shield17",
			"from": [-9.25, 25.25, 6],
			"to": [-8.75, 25.75, 7],
			"rotation": {"angle": 0, "axis": "y", "origin": [-12.5, 4, 0]},
			"faces": {
				"north": {"uv": [0, 0, 5.5, 11.5], "texture": "#1"},
				"east": {"uv": [0, 0, 1, 11.5], "texture": "#1"},
				"south": {"uv": [0, 0, 5.5, 11.5], "texture": "#1"},
				"west": {"uv": [0, 0, 1, 11.5], "texture": "#1"},
				"up": {"uv": [0, 0, 5.5, 1], "texture": "#1"},
				"down": {"uv": [0, 0, 5.5, 1], "texture": "#1"}
			}
		},
		{
			"name": "shield17",
			"from": [-8.75, 25.25, 6],
			"to": [-6.25, 25.75, 7],
			"rotation": {"angle": 0, "axis": "y", "origin": [-12.5, 4, 0]},
			"faces": {
				"north": {"uv": [0, 0, 5.5, 11.5], "texture": "#0"},
				"east": {"uv": [0, 0, 1, 11.5], "texture": "#0"},
				"south": {"uv": [0, 0, 5.5, 11.5], "texture": "#0"},
				"west": {"uv": [0, 0, 1, 11.5], "texture": "#0"},
				"up": {"uv": [0, 0, 5.5, 1], "texture": "#0"},
				"down": {"uv": [0, 0, 5.5, 1], "texture": "#0"}
			}
		},
		{
			"name": "shield17",
			"from": [-6.25, 25.25, 6],
			"to": [-5.75, 25.75, 7],
			"rotation": {"angle": 0, "axis": "y", "origin": [-12.5, 4, 0]},
			"faces": {
				"north": {"uv": [0, 0, 5.5, 11.5], "texture": "#1"},
				"east": {"uv": [0, 0, 1, 11.5], "texture": "#1"},
				"south": {"uv": [0, 0, 5.5, 11.5], "texture": "#1"},
				"west": {"uv": [0, 0, 1, 11.5], "texture": "#1"},
				"up": {"uv": [0, 0, 5.5, 1], "texture": "#1"},
				"down": {"uv": [0, 0, 5.5, 1], "texture": "#1"}
			}
		},
		{
			"name": "shield17",
			"from": [-5.75, 25.25, 6],
			"to": [-3.25, 25.75, 7],
			"rotation": {"angle": 0, "axis": "y", "origin": [-12.5, 4, 0]},
			"faces": {
				"north": {"uv": [0, 0, 5.5, 11.5], "texture": "#0"},
				"east": {"uv": [0, 0, 1, 11.5], "texture": "#0"},
				"south": {"uv": [0, 0, 5.5, 11.5], "texture": "#0"},
				"west": {"uv": [0, 0, 1, 11.5], "texture": "#0"},
				"up": {"uv": [0, 0, 5.5, 1], "texture": "#0"},
				"down": {"uv": [0, 0, 5.5, 1], "texture": "#0"}
			}
		},
		{
			"name": "shield17",
			"from": [-3.25, 25.25, 6],
			"to": [-2.75, 25.75, 7],
			"rotation": {"angle": 0, "axis": "y", "origin": [-12.5, 4, 0]},
			"faces": {
				"north": {"uv": [0, 0, 5.5, 11.5], "texture": "#1"},
				"east": {"uv": [0, 0, 1, 11.5], "texture": "#1"},
				"south": {"uv": [0, 0, 5.5, 11.5], "texture": "#1"},
				"west": {"uv": [0, 0, 1, 11.5], "texture": "#1"},
				"up": {"uv": [0, 0, 5.5, 1], "texture": "#1"},
				"down": {"uv": [0, 0, 5.5, 1], "texture": "#1"}
			}
		},
		{
			"name": "shield17",
			"from": [-10, 15.25, 6],
			"to": [1, 25.25, 7],
			"rotation": {"angle": 0, "axis": "y", "origin": [-12.5, 4, 0]},
			"faces": {
				"north": {"uv": [0, 0, 5.5, 11.5], "texture": "#0"},
				"east": {"uv": [0, 0, 1, 11.5], "texture": "#0"},
				"south": {"uv": [0, 0, 5.5, 11.5], "texture": "#0"},
				"west": {"uv": [0, 0, 1, 11.5], "texture": "#0"},
				"up": {"uv": [0, 0, 5.5, 1], "texture": "#0"},
				"down": {"uv": [0, 0, 5.5, 1], "texture": "#0"}
			}
		},
		{
			"name": "shield17",
			"from": [-0.25, 25.25, 6],
			"to": [0.25, 25.75, 7],
			"rotation": {"angle": 0, "axis": "y", "origin": [-12.5, 4, 0]},
			"faces": {
				"north": {"uv": [0, 0, 5.5, 11.5], "texture": "#1"},
				"east": {"uv": [0, 0, 1, 11.5], "texture": "#1"},
				"south": {"uv": [0, 0, 5.5, 11.5], "texture": "#1"},
				"west": {"uv": [0, 0, 1, 11.5], "texture": "#1"},
				"up": {"uv": [0, 0, 5.5, 1], "texture": "#1"},
				"down": {"uv": [0, 0, 5.5, 1], "texture": "#1"}
			}
		},
		{
			"name": "shield17",
			"from": [0.25, 25.25, 6],
			"to": [1, 25.75, 7],
			"rotation": {"angle": 0, "axis": "y", "origin": [-12.5, 4, 0]},
			"faces": {
				"north": {"uv": [0, 0, 5.5, 11.5], "texture": "#0"},
				"east": {"uv": [0, 0, 1, 11.5], "texture": "#0"},
				"south": {"uv": [0, 0, 5.5, 11.5], "texture": "#0"},
				"west": {"uv": [0, 0, 1, 11.5], "texture": "#0"},
				"up": {"uv": [0, 0, 5.5, 1], "texture": "#0"},
				"down": {"uv": [0, 0, 5.5, 1], "texture": "#0"}
			}
		},
		{
			"name": "shield17",
			"from": [-2.75, 25.25, 6],
			"to": [-0.25, 25.75, 7],
			"rotation": {"angle": 0, "axis": "y", "origin": [-12.5, 4, 0]},
			"faces": {
				"north": {"uv": [0, 0, 5.5, 11.5], "texture": "#0"},
				"east": {"uv": [0, 0, 1, 11.5], "texture": "#0"},
				"south": {"uv": [0, 0, 5.5, 11.5], "texture": "#0"},
				"west": {"uv": [0, 0, 1, 11.5], "texture": "#0"},
				"up": {"uv": [0, 0, 5.5, 1], "texture": "#0"},
				"down": {"uv": [0, 0, 5.5, 1], "texture": "#0"}
			}
		},
		{
			"name": "shield17",
			"from": [-10, 25.75, 6],
			"to": [1, 26, 7],
			"rotation": {"angle": 0, "axis": "y", "origin": [-12.5, 4, 0]},
			"faces": {
				"north": {"uv": [0, 0, 5.5, 11.5], "texture": "#0"},
				"east": {"uv": [0, 0, 1, 11.5], "texture": "#0"},
				"south": {"uv": [0, 0, 5.5, 11.5], "texture": "#0"},
				"west": {"uv": [0, 0, 1, 11.5], "texture": "#0"},
				"up": {"uv": [0, 0, 5.5, 1], "texture": "#0"},
				"down": {"uv": [0, 0, 5.5, 1], "texture": "#0"}
			}
		},
		{
			"name": "shield17",
			"from": [0.25, 4.25, 6],
			"to": [1, 4.75, 7],
			"rotation": {"angle": 0, "axis": "y", "origin": [-12.5, 4, 0]},
			"faces": {
				"north": {"uv": [0, 0, 5.5, 11.5], "texture": "#0"},
				"east": {"uv": [0, 0, 1, 11.5], "texture": "#0"},
				"south": {"uv": [0, 0, 5.5, 11.5], "texture": "#0"},
				"west": {"uv": [0, 0, 1, 11.5], "texture": "#0"},
				"up": {"uv": [0, 0, 5.5, 1], "texture": "#0"},
				"down": {"uv": [0, 0, 5.5, 1], "texture": "#0"}
			}
		},
		{
			"name": "shield17",
			"from": [-8.75, 14.75, 6],
			"to": [-0.25, 15.25, 7],
			"rotation": {"angle": 0, "axis": "y", "origin": [-12.5, 4, 0]},
			"faces": {
				"north": {"uv": [0, 0, 5.5, 11.5], "texture": "#0"},
				"east": {"uv": [0, 0, 1, 11.5], "texture": "#0"},
				"south": {"uv": [0, 0, 5.5, 11.5], "texture": "#0"},
				"west": {"uv": [0, 0, 1, 11.5], "texture": "#0"},
				"up": {"uv": [0, 0, 5.5, 1], "texture": "#0"},
				"down": {"uv": [0, 0, 5.5, 1], "texture": "#0"}
			}
		},
		{
			"name": "shield17",
			"from": [-10, 14.75, 6],
			"to": [-9.25, 15.25, 7],
			"rotation": {"angle": 0, "axis": "y", "origin": [-12.5, 4, 0]},
			"faces": {
				"north": {"uv": [0, 0, 5.5, 11.5], "texture": "#0"},
				"east": {"uv": [0, 0, 1, 11.5], "texture": "#0"},
				"south": {"uv": [0, 0, 5.5, 11.5], "texture": "#0"},
				"west": {"uv": [0, 0, 1, 11.5], "texture": "#0"},
				"up": {"uv": [0, 0, 5.5, 1], "texture": "#0"},
				"down": {"uv": [0, 0, 5.5, 1], "texture": "#0"}
			}
		},
		{
			"name": "shield17",
			"from": [-9.25, 14.75, 6],
			"to": [-8.75, 15.25, 7],
			"rotation": {"angle": 0, "axis": "y", "origin": [-12.5, 4, 0]},
			"faces": {
				"north": {"uv": [0, 0, 5.5, 11.5], "texture": "#1"},
				"east": {"uv": [0, 0, 1, 11.5], "texture": "#1"},
				"south": {"uv": [0, 0, 5.5, 11.5], "texture": "#1"},
				"west": {"uv": [0, 0, 1, 11.5], "texture": "#1"},
				"up": {"uv": [0, 0, 5.5, 1], "texture": "#1"},
				"down": {"uv": [0, 0, 5.5, 1], "texture": "#1"}
			}
		},
		{
			"name": "shield17",
			"from": [0.25, 14.75, 6],
			"to": [1, 15.25, 7],
			"rotation": {"angle": 0, "axis": "y", "origin": [-12.5, 4, 0]},
			"faces": {
				"north": {"uv": [0, 0, 5.5, 11.5], "texture": "#0"},
				"east": {"uv": [0, 0, 1, 11.5], "texture": "#0"},
				"south": {"uv": [0, 0, 5.5, 11.5], "texture": "#0"},
				"west": {"uv": [0, 0, 1, 11.5], "texture": "#0"},
				"up": {"uv": [0, 0, 5.5, 1], "texture": "#0"},
				"down": {"uv": [0, 0, 5.5, 1], "texture": "#0"}
			}
		},
		{
			"name": "shield17",
			"from": [-10, 4.25, 6],
			"to": [-9.25, 4.75, 7],
			"rotation": {"angle": 0, "axis": "y", "origin": [-12.5, 4, 0]},
			"faces": {
				"north": {"uv": [0, 0, 5.5, 11.5], "texture": "#0"},
				"east": {"uv": [0, 0, 1, 11.5], "texture": "#0"},
				"south": {"uv": [0, 0, 5.5, 11.5], "texture": "#0"},
				"west": {"uv": [0, 0, 1, 11.5], "texture": "#0"},
				"up": {"uv": [0, 0, 5.5, 1], "texture": "#0"},
				"down": {"uv": [0, 0, 5.5, 1], "texture": "#0"}
			}
		},
		{
			"name": "shield17",
			"from": [-2.75, 4.25, 6],
			"to": [-0.25, 4.75, 7],
			"rotation": {"angle": 0, "axis": "y", "origin": [-12.5, 4, 0]},
			"faces": {
				"north": {"uv": [0, 0, 5.5, 11.5], "texture": "#0"},
				"east": {"uv": [0, 0, 1, 11.5], "texture": "#0"},
				"south": {"uv": [0, 0, 5.5, 11.5], "texture": "#0"},
				"west": {"uv": [0, 0, 1, 11.5], "texture": "#0"},
				"up": {"uv": [0, 0, 5.5, 1], "texture": "#0"},
				"down": {"uv": [0, 0, 5.5, 1], "texture": "#0"}
			}
		},
		{
			"name": "shield17",
			"from": [-5.75, 4.25, 6],
			"to": [-3.25, 4.75, 7],
			"rotation": {"angle": 0, "axis": "y", "origin": [-12.5, 4, 0]},
			"faces": {
				"north": {"uv": [0, 0, 5.5, 11.5], "texture": "#0"},
				"east": {"uv": [0, 0, 1, 11.5], "texture": "#0"},
				"south": {"uv": [0, 0, 5.5, 11.5], "texture": "#0"},
				"west": {"uv": [0, 0, 1, 11.5], "texture": "#0"},
				"up": {"uv": [0, 0, 5.5, 1], "texture": "#0"},
				"down": {"uv": [0, 0, 5.5, 1], "texture": "#0"}
			}
		},
		{
			"name": "shield17",
			"from": [-8.75, 4.25, 6],
			"to": [-6.25, 4.75, 7],
			"rotation": {"angle": 0, "axis": "y", "origin": [-12.5, 4, 0]},
			"faces": {
				"north": {"uv": [0, 0, 5.5, 11.5], "texture": "#0"},
				"east": {"uv": [0, 0, 1, 11.5], "texture": "#0"},
				"south": {"uv": [0, 0, 5.5, 11.5], "texture": "#0"},
				"west": {"uv": [0, 0, 1, 11.5], "texture": "#0"},
				"up": {"uv": [0, 0, 5.5, 1], "texture": "#0"},
				"down": {"uv": [0, 0, 5.5, 1], "texture": "#0"}
			}
		},
		{
			"name": "shield17",
			"from": [-0.25, 4.25, 6],
			"to": [0.25, 4.75, 7],
			"rotation": {"angle": 0, "axis": "y", "origin": [-12.5, 4, 0]},
			"faces": {
				"north": {"uv": [0, 0, 5.5, 11.5], "texture": "#1"},
				"east": {"uv": [0, 0, 1, 11.5], "texture": "#1"},
				"south": {"uv": [0, 0, 5.5, 11.5], "texture": "#1"},
				"west": {"uv": [0, 0, 1, 11.5], "texture": "#1"},
				"up": {"uv": [0, 0, 5.5, 1], "texture": "#1"},
				"down": {"uv": [0, 0, 5.5, 1], "texture": "#1"}
			}
		},
		{
			"name": "shield17",
			"from": [-0.25, 14.75, 6],
			"to": [0.25, 15.25, 7],
			"rotation": {"angle": 0, "axis": "y", "origin": [-12.5, 4, 0]},
			"faces": {
				"north": {"uv": [0, 0, 5.5, 11.5], "texture": "#1"},
				"east": {"uv": [0, 0, 1, 11.5], "texture": "#1"},
				"south": {"uv": [0, 0, 5.5, 11.5], "texture": "#1"},
				"west": {"uv": [0, 0, 1, 11.5], "texture": "#1"},
				"up": {"uv": [0, 0, 5.5, 1], "texture": "#1"},
				"down": {"uv": [0, 0, 5.5, 1], "texture": "#1"}
			}
		},
		{
			"name": "shield17",
			"from": [-3.25, 4.25, 6],
			"to": [-2.75, 4.75, 7],
			"rotation": {"angle": 0, "axis": "y", "origin": [-12.5, 4, 0]},
			"faces": {
				"north": {"uv": [0, 0, 5.5, 11.5], "texture": "#1"},
				"east": {"uv": [0, 0, 1, 11.5], "texture": "#1"},
				"south": {"uv": [0, 0, 5.5, 11.5], "texture": "#1"},
				"west": {"uv": [0, 0, 1, 11.5], "texture": "#1"},
				"up": {"uv": [0, 0, 5.5, 1], "texture": "#1"},
				"down": {"uv": [0, 0, 5.5, 1], "texture": "#1"}
			}
		},
		{
			"name": "shield17",
			"from": [-6.25, 4.25, 6],
			"to": [-5.75, 4.75, 7],
			"rotation": {"angle": 0, "axis": "y", "origin": [-12.5, 4, 0]},
			"faces": {
				"north": {"uv": [0, 0, 5.5, 11.5], "texture": "#1"},
				"east": {"uv": [0, 0, 1, 11.5], "texture": "#1"},
				"south": {"uv": [0, 0, 5.5, 11.5], "texture": "#1"},
				"west": {"uv": [0, 0, 1, 11.5], "texture": "#1"},
				"up": {"uv": [0, 0, 5.5, 1], "texture": "#1"},
				"down": {"uv": [0, 0, 5.5, 1], "texture": "#1"}
			}
		},
		{
			"name": "shield17",
			"from": [-9.25, 4.25, 6],
			"to": [-8.75, 4.75, 7],
			"rotation": {"angle": 0, "axis": "y", "origin": [-12.5, 4, 0]},
			"faces": {
				"north": {"uv": [0, 0, 5.5, 11.5], "texture": "#1"},
				"east": {"uv": [0, 0, 1, 11.5], "texture": "#1"},
				"south": {"uv": [0, 0, 5.5, 11.5], "texture": "#1"},
				"west": {"uv": [0, 0, 1, 11.5], "texture": "#1"},
				"up": {"uv": [0, 0, 5.5, 1], "texture": "#1"},
				"down": {"uv": [0, 0, 5.5, 1], "texture": "#1"}
			}
		},
		{
			"name": "hoods1_3",
			"from": [-4.025, 21.214, 2],
			"to": [-3.325, 21.489, 6],
			"rotation": {"angle": -22.5, "axis": "z", "origin": [-2.625, 21.225, 6]},
			"faces": {
				"north": {"uv": [0, 0, 0.5, 0.5], "rotation": 90, "texture": "#0"},
				"east": {"uv": [0, 0, 0.5, 1], "rotation": 270, "texture": "#0"},
				"west": {"uv": [0, 0, 0.5, 1], "rotation": 270, "texture": "#0"},
				"up": {"uv": [0, 0, 1, 0.5], "rotation": 270, "texture": "#0"},
				"down": {"uv": [0, 0, 1, 0.5], "rotation": 270, "texture": "#0"}
			}
		},
		{
			"name": "hoods1_2",
			"from": [-5.175, 16.745, 2],
			"to": [-3.815, 17.005, 6],
			"rotation": {"angle": 0, "axis": "y", "origin": [-12.5, -1, 0]},
			"faces": {
				"north": {"uv": [0, 0, 0.5, 0.5], "texture": "#0"},
				"east": {"uv": [0, 0, 1, 0.5], "texture": "#0"},
				"west": {"uv": [0, 0, 1, 0.5], "texture": "#0"},
				"up": {"uv": [0, 0, 1, 0.5], "texture": "#0"},
				"down": {"uv": [0, 0, 1, 0.5], "texture": "#0"}
			}
		},
		{
			"name": "hoods1_1",
			"from": [-6.7, 14.675, 5],
			"to": [-6.45, 15.5, 6],
			"rotation": {"angle": 0, "axis": "y", "origin": [-12.5, -1, 0]},
			"faces": {
				"north": {"uv": [0, 0, 0.5, 1], "texture": "#0"},
				"east": {"uv": [0, 0, 0.5, 1], "texture": "#0"},
				"west": {"uv": [0, 0, 0.5, 1], "texture": "#0"},
				"up": {"uv": [0, 0, 0.5, 0.5], "texture": "#0"},
				"down": {"uv": [0, 0, 0.5, 0.5], "texture": "#0"}
			}
		},
		{
			"name": "hoods1_1",
			"from": [-2.55, 14.675, 5],
			"to": [-2.3, 15.5, 6],
			"rotation": {"angle": 0, "axis": "y", "origin": [-12.5, -1, 0]},
			"faces": {
				"north": {"uv": [0, 0, 0.5, 1], "texture": "#0"},
				"east": {"uv": [0, 0, 0.5, 1], "texture": "#0"},
				"west": {"uv": [0, 0, 0.5, 1], "texture": "#0"},
				"up": {"uv": [0, 0, 0.5, 0.5], "texture": "#0"},
				"down": {"uv": [0, 0, 0.5, 0.5], "texture": "#0"}
			}
		},
		{
			"name": "hoods1_3",
			"from": [-6.108, 13.992, 4],
			"to": [-5.833, 14.667, 6],
			"rotation": {"angle": -22.5, "axis": "z", "origin": [-2.625, 16.225, 6]},
			"faces": {
				"north": {"uv": [0, 0, 0.5, 0.5], "texture": "#0"},
				"east": {"uv": [0, 0, 1, 0.5], "texture": "#0"},
				"west": {"uv": [0, 0, 1, 0.5], "texture": "#0"},
				"up": {"uv": [0, 0, 0.5, 1], "texture": "#0"},
				"down": {"uv": [0, 0, 0.5, 1], "texture": "#0"}
			}
		},
		{
			"name": "hoods1_3",
			"from": [-2.875, 15.425, 4],
			"to": [-2.6, 16.1, 6],
			"rotation": {"angle": 22.5, "axis": "z", "origin": [-2.625, 16.225, 6]},
			"faces": {
				"north": {"uv": [0, 0, 0.5, 0.5], "texture": "#0"},
				"east": {"uv": [0, 0, 1, 0.5], "texture": "#0"},
				"west": {"uv": [0, 0, 1, 0.5], "texture": "#0"},
				"up": {"uv": [0, 0, 0.5, 1], "texture": "#0"},
				"down": {"uv": [0, 0, 0.5, 1], "texture": "#0"}
			}
		},
		{
			"name": "hoods1_3",
			"from": [-5.397, 18.572, 4],
			"to": [-4.522, 18.847, 6],
			"rotation": {"angle": 45, "axis": "z", "origin": [-2.625, 16.225, 6]},
			"faces": {
				"north": {"uv": [0, 0, 0.5, 0.5], "rotation": 90, "texture": "#0"},
				"east": {"uv": [0, 0, 0.5, 1], "rotation": 270, "texture": "#0"},
				"west": {"uv": [0, 0, 0.5, 1], "rotation": 270, "texture": "#0"},
				"up": {"uv": [0, 0, 1, 0.5], "rotation": 270, "texture": "#0"},
				"down": {"uv": [0, 0, 1, 0.5], "rotation": 270, "texture": "#0"}
			}
		},
		{
			"name": "hoods1_3",
			"from": [-2.925, 16.1, 4],
			"to": [-2.65, 16.975, 6],
			"rotation": {"angle": 45, "axis": "z", "origin": [-2.625, 16.225, 6]},
			"faces": {
				"north": {"uv": [0, 0, 0.5, 0.5], "texture": "#0"},
				"east": {"uv": [0, 0, 1, 0.5], "texture": "#0"},
				"west": {"uv": [0, 0, 1, 0.5], "texture": "#0"},
				"up": {"uv": [0, 0, 0.5, 1], "texture": "#0"},
				"down": {"uv": [0, 0, 0.5, 1], "texture": "#0"}
			}
		},
		{
			"name": "hoods1_3",
			"from": [-5.381, 17.647, 2],
			"to": [-4.681, 17.922, 6],
			"rotation": {"angle": 22.5, "axis": "z", "origin": [-2.625, 16.225, 6]},
			"faces": {
				"north": {"uv": [0, 0, 0.5, 0.5], "rotation": 90, "texture": "#0"},
				"east": {"uv": [0, 0, 0.5, 1], "rotation": 270, "texture": "#0"},
				"west": {"uv": [0, 0, 0.5, 1], "rotation": 270, "texture": "#0"},
				"up": {"uv": [0, 0, 1, 0.5], "rotation": 270, "texture": "#0"},
				"down": {"uv": [0, 0, 1, 0.5], "rotation": 270, "texture": "#0"}
			}
		},
		{
			"name": "hoods1_3",
			"from": [-4.025, 16.214, 2],
			"to": [-3.325, 16.489, 6],
			"rotation": {"angle": -22.5, "axis": "z", "origin": [-2.625, 16.225, 6]},
			"faces": {
				"north": {"uv": [0, 0, 0.5, 0.5], "rotation": 90, "texture": "#0"},
				"east": {"uv": [0, 0, 0.5, 1], "rotation": 270, "texture": "#0"},
				"west": {"uv": [0, 0, 0.5, 1], "rotation": 270, "texture": "#0"},
				"up": {"uv": [0, 0, 1, 0.5], "rotation": 270, "texture": "#0"},
				"down": {"uv": [0, 0, 1, 0.5], "rotation": 270, "texture": "#0"}
			}
		},
		{
			"name": "hoods1_3",
			"from": [-5.381, 22.647, 2],
			"to": [-4.681, 22.922, 6],
			"rotation": {"angle": 22.5, "axis": "z", "origin": [-2.625, 21.225, 6]},
			"faces": {
				"north": {"uv": [0, 0, 0.5, 0.5], "rotation": 90, "texture": "#0"},
				"east": {"uv": [0, 0, 0.5, 1], "rotation": 270, "texture": "#0"},
				"west": {"uv": [0, 0, 0.5, 1], "rotation": 270, "texture": "#0"},
				"up": {"uv": [0, 0, 1, 0.5], "rotation": 270, "texture": "#0"},
				"down": {"uv": [0, 0, 1, 0.5], "rotation": 270, "texture": "#0"}
			}
		},
		{
			"name": "hoods1_3",
			"from": [-2.925, 21.1, 4],
			"to": [-2.65, 21.975, 6],
			"rotation": {"angle": 45, "axis": "z", "origin": [-2.625, 21.225, 6]},
			"faces": {
				"north": {"uv": [0, 0, 0.5, 0.5], "texture": "#0"},
				"east": {"uv": [0, 0, 1, 0.5], "texture": "#0"},
				"west": {"uv": [0, 0, 1, 0.5], "texture": "#0"},
				"up": {"uv": [0, 0, 0.5, 1], "texture": "#0"},
				"down": {"uv": [0, 0, 0.5, 1], "texture": "#0"}
			}
		},
		{
			"name": "hoods1_3",
			"from": [-5.397, 23.572, 4],
			"to": [-4.522, 23.847, 6],
			"rotation": {"angle": 45, "axis": "z", "origin": [-2.625, 21.225, 6]},
			"faces": {
				"north": {"uv": [0, 0, 0.5, 0.5], "rotation": 90, "texture": "#0"},
				"east": {"uv": [0, 0, 0.5, 1], "rotation": 270, "texture": "#0"},
				"west": {"uv": [0, 0, 0.5, 1], "rotation": 270, "texture": "#0"},
				"up": {"uv": [0, 0, 1, 0.5], "rotation": 270, "texture": "#0"},
				"down": {"uv": [0, 0, 1, 0.5], "rotation": 270, "texture": "#0"}
			}
		},
		{
			"name": "hoods1_3",
			"from": [-2.875, 20.425, 4],
			"to": [-2.6, 21.1, 6],
			"rotation": {"angle": 22.5, "axis": "z", "origin": [-2.625, 21.225, 6]},
			"faces": {
				"north": {"uv": [0, 0, 0.5, 0.5], "texture": "#0"},
				"east": {"uv": [0, 0, 1, 0.5], "texture": "#0"},
				"west": {"uv": [0, 0, 1, 0.5], "texture": "#0"},
				"up": {"uv": [0, 0, 0.5, 1], "texture": "#0"},
				"down": {"uv": [0, 0, 0.5, 1], "texture": "#0"}
			}
		},
		{
			"name": "hoods1_3",
			"from": [-6.108, 18.992, 4],
			"to": [-5.833, 19.667, 6],
			"rotation": {"angle": -22.5, "axis": "z", "origin": [-2.625, 21.225, 6]},
			"faces": {
				"north": {"uv": [0, 0, 0.5, 0.5], "texture": "#0"},
				"east": {"uv": [0, 0, 1, 0.5], "texture": "#0"},
				"west": {"uv": [0, 0, 1, 0.5], "texture": "#0"},
				"up": {"uv": [0, 0, 0.5, 1], "texture": "#0"},
				"down": {"uv": [0, 0, 0.5, 1], "texture": "#0"}
			}
		},
		{
			"name": "hoods1_1",
			"from": [-2.55, 19.675, 5],
			"to": [-2.3, 20.5, 6],
			"rotation": {"angle": 0, "axis": "y", "origin": [-12.5, 4, 0]},
			"faces": {
				"north": {"uv": [0, 0, 0.5, 1], "texture": "#0"},
				"east": {"uv": [0, 0, 0.5, 1], "texture": "#0"},
				"west": {"uv": [0, 0, 0.5, 1], "texture": "#0"},
				"up": {"uv": [0, 0, 0.5, 0.5], "texture": "#0"},
				"down": {"uv": [0, 0, 0.5, 0.5], "texture": "#0"}
			}
		},
		{
			"name": "hoods1_1",
			"from": [-6.7, 19.675, 5],
			"to": [-6.45, 20.5, 6],
			"rotation": {"angle": 0, "axis": "y", "origin": [-12.5, 4, 0]},
			"faces": {
				"north": {"uv": [0, 0, 0.5, 1], "texture": "#0"},
				"east": {"uv": [0, 0, 0.5, 1], "texture": "#0"},
				"west": {"uv": [0, 0, 0.5, 1], "texture": "#0"},
				"up": {"uv": [0, 0, 0.5, 0.5], "texture": "#0"},
				"down": {"uv": [0, 0, 0.5, 0.5], "texture": "#0"}
			}
		},
		{
			"name": "hoods1_2",
			"from": [-5.175, 21.745, 2],
			"to": [-3.815, 22.005, 6],
			"rotation": {"angle": 0, "axis": "y", "origin": [-12.5, 4, 0]},
			"faces": {
				"north": {"uv": [0, 0, 0.5, 0.5], "texture": "#0"},
				"east": {"uv": [0, 0, 1, 0.5], "texture": "#0"},
				"west": {"uv": [0, 0, 1, 0.5], "texture": "#0"},
				"up": {"uv": [0, 0, 1, 0.5], "texture": "#0"},
				"down": {"uv": [0, 0, 1, 0.5], "texture": "#0"}
			}
		},
		{
			"name": "hoods1_2",
			"from": [-4.817, 11.324, 4],
			"to": [-4.181, 11.584, 6],
			"rotation": {"angle": 0, "axis": "y", "origin": [-4.525, 11.525, 6]},
			"faces": {
				"north": {"uv": [0, 0, 0.5, 0.5], "rotation": 180, "texture": "#0"},
				"east": {"uv": [0, 0, 1, 0.5], "rotation": 180, "texture": "#0"},
				"west": {"uv": [0, 0, 1, 0.5], "rotation": 180, "texture": "#0"},
				"up": {"uv": [0, 0, 1, 0.5], "rotation": 180, "texture": "#0"},
				"down": {"uv": [0, 0, 1, 0.5], "rotation": 180, "texture": "#0"}
			}
		},
		{
			"name": "hoods1_2",
			"from": [-5.199, 11.427, 4],
			"to": [-4.735, 11.687, 6],
			"rotation": {"angle": 22.5, "axis": "z", "origin": [-4.509, 11.437, 6]},
			"faces": {
				"north": {"uv": [0, 0, 0.5, 0.5], "texture": "#0"},
				"east": {"uv": [0, 0, 1, 0.5], "texture": "#0"},
				"west": {"uv": [0, 0, 1, 0.5], "texture": "#0"},
				"up": {"uv": [0, 0, 1, 0.5], "texture": "#0"},
				"down": {"uv": [0, 0, 1, 0.5], "texture": "#0"}
			}
		},
		{
			"name": "hoods1_2",
			"from": [-4.259, 11.435, 4],
			"to": [-3.795, 11.695, 6],
			"rotation": {"angle": -22.5, "axis": "z", "origin": [-4.509, 11.437, 6]},
			"faces": {
				"north": {"uv": [0, 0, 0.5, 0.5], "rotation": 180, "texture": "#0"},
				"east": {"uv": [0, 0, 1, 0.5], "rotation": 180, "texture": "#0"},
				"west": {"uv": [0, 0, 1, 0.5], "rotation": 180, "texture": "#0"},
				"up": {"uv": [0, 0, 1, 0.5], "rotation": 180, "texture": "#0"},
				"down": {"uv": [0, 0, 1, 0.5], "rotation": 180, "texture": "#0"}
			}
		},
		{
			"name": "hoods1_2",
			"from": [-5.409, 11.672, 5],
			"to": [-5.049, 11.932, 6],
			"rotation": {"angle": 45, "axis": "z", "origin": [-4.509, 11.437, 6]},
			"faces": {
				"north": {"uv": [0, 0, 0.5, 0.5], "texture": "#0"},
				"east": {"uv": [0, 0, 1, 0.5], "texture": "#0"},
				"west": {"uv": [0, 0, 1, 0.5], "texture": "#0"},
				"up": {"uv": [0, 0, 1, 0.5], "texture": "#0"},
				"down": {"uv": [0, 0, 1, 0.5], "texture": "#0"}
			}
		},
		{
			"name": "hoods1_2",
			"from": [-4.268, 10.513, 5],
			"to": [-4.008, 10.873, 6],
			"rotation": {"angle": 45, "axis": "z", "origin": [-4.509, 11.437, 6]},
			"faces": {
				"north": {"uv": [0, 0, 0.5, 0.5], "rotation": 90, "texture": "#0"},
				"east": {"uv": [0, 0, 1, 0.5], "rotation": 270, "texture": "#0"},
				"west": {"uv": [0, 0, 1, 0.5], "rotation": 270, "texture": "#0"},
				"up": {"uv": [0, 0, 1, 0.5], "rotation": 270, "texture": "#0"},
				"down": {"uv": [0, 0, 1, 0.5], "rotation": 270, "texture": "#0"}
			}
		},
		{
			"name": "hoods1_2",
			"from": [-5.407, 10.196, 5],
			"to": [-5.147, 10.804, 6],
			"rotation": {"angle": -22.5, "axis": "z", "origin": [-4.605, 11.197, 6]},
			"faces": {
				"north": {"uv": [0, 0, 0.5, 0.5], "rotation": 90, "texture": "#0"},
				"east": {"uv": [0, 0, 1, 0.5], "rotation": 270, "texture": "#0"},
				"west": {"uv": [0, 0, 1, 0.5], "rotation": 270, "texture": "#0"},
				"up": {"uv": [0, 0, 1, 0.5], "rotation": 270, "texture": "#0"},
				"down": {"uv": [0, 0, 1, 0.5], "rotation": 270, "texture": "#0"}
			}
		},
		{
			"name": "hoods1_2",
			"from": [-3.867, 10.116, 5],
			"to": [-3.607, 10.724, 6],
			"rotation": {"angle": 22.5, "axis": "z", "origin": [-4.605, 11.197, 6]},
			"faces": {
				"north": {"uv": [0, 0, 0.5, 0.5], "rotation": 90, "texture": "#0"},
				"east": {"uv": [0, 0, 1, 0.5], "rotation": 270, "texture": "#0"},
				"west": {"uv": [0, 0, 1, 0.5], "rotation": 270, "texture": "#0"},
				"up": {"uv": [0, 0, 1, 0.5], "rotation": 270, "texture": "#0"},
				"down": {"uv": [0, 0, 1, 0.5], "rotation": 270, "texture": "#0"}
			}
		},
		{
			"name": "hoods1_2",
			"from": [-5.729, 10.124, 5],
			"to": [-5.469, 10.58, 6],
			"rotation": {"angle": 0, "axis": "y", "origin": [-4.605, 11.197, 6]},
			"faces": {
				"north": {"uv": [0, 0, 0.5, 0.5], "rotation": 90, "texture": "#0"},
				"east": {"uv": [0, 0, 1, 0.5], "rotation": 270, "texture": "#0"},
				"west": {"uv": [0, 0, 1, 0.5], "rotation": 270, "texture": "#0"},
				"up": {"uv": [0, 0, 1, 0.5], "rotation": 270, "texture": "#0"},
				"down": {"uv": [0, 0, 1, 0.5], "rotation": 270, "texture": "#0"}
			}
		},
		{
			"name": "hoods1_2",
			"from": [-3.529, 10.124, 5],
			"to": [-3.269, 10.58, 6],
			"rotation": {"angle": 0, "axis": "y", "origin": [-4.605, 11.197, 6]},
			"faces": {
				"north": {"uv": [0, 0, 0.5, 0.5], "rotation": 90, "texture": "#0"},
				"east": {"uv": [0, 0, 1, 0.5], "rotation": 270, "texture": "#0"},
				"west": {"uv": [0, 0, 1, 0.5], "rotation": 270, "texture": "#0"},
				"up": {"uv": [0, 0, 1, 0.5], "rotation": 270, "texture": "#0"},
				"down": {"uv": [0, 0, 1, 0.5], "rotation": 270, "texture": "#0"}
			}
		},
		{
			"name": "hoods1_2",
			"from": [-7.817, 11.324, 4],
			"to": [-7.181, 11.584, 6],
			"rotation": {"angle": 0, "axis": "y", "origin": [-7.525, 11.525, 6]},
			"faces": {
				"north": {"uv": [0, 0, 0.5, 0.5], "rotation": 180, "texture": "#0"},
				"east": {"uv": [0, 0, 1, 0.5], "rotation": 180, "texture": "#0"},
				"west": {"uv": [0, 0, 1, 0.5], "rotation": 180, "texture": "#0"},
				"up": {"uv": [0, 0, 1, 0.5], "rotation": 180, "texture": "#0"},
				"down": {"uv": [0, 0, 1, 0.5], "rotation": 180, "texture": "#0"}
			}
		},
		{
			"name": "hoods1_2",
			"from": [-8.199, 11.427, 4],
			"to": [-7.735, 11.687, 6],
			"rotation": {"angle": 22.5, "axis": "z", "origin": [-7.509, 11.437, 6]},
			"faces": {
				"north": {"uv": [0, 0, 0.5, 0.5], "texture": "#0"},
				"east": {"uv": [0, 0, 1, 0.5], "texture": "#0"},
				"west": {"uv": [0, 0, 1, 0.5], "texture": "#0"},
				"up": {"uv": [0, 0, 1, 0.5], "texture": "#0"},
				"down": {"uv": [0, 0, 1, 0.5], "texture": "#0"}
			}
		},
		{
			"name": "hoods1_2",
			"from": [-7.259, 11.435, 4],
			"to": [-6.795, 11.695, 6],
			"rotation": {"angle": -22.5, "axis": "z", "origin": [-7.509, 11.437, 6]},
			"faces": {
				"north": {"uv": [0, 0, 0.5, 0.5], "rotation": 180, "texture": "#0"},
				"east": {"uv": [0, 0, 1, 0.5], "rotation": 180, "texture": "#0"},
				"west": {"uv": [0, 0, 1, 0.5], "rotation": 180, "texture": "#0"},
				"up": {"uv": [0, 0, 1, 0.5], "rotation": 180, "texture": "#0"},
				"down": {"uv": [0, 0, 1, 0.5], "rotation": 180, "texture": "#0"}
			}
		},
		{
			"name": "hoods1_2",
			"from": [-8.409, 11.672, 5],
			"to": [-8.049, 11.932, 6],
			"rotation": {"angle": 45, "axis": "z", "origin": [-7.509, 11.437, 6]},
			"faces": {
				"north": {"uv": [0, 0, 0.5, 0.5], "texture": "#0"},
				"east": {"uv": [0, 0, 1, 0.5], "texture": "#0"},
				"west": {"uv": [0, 0, 1, 0.5], "texture": "#0"},
				"up": {"uv": [0, 0, 1, 0.5], "texture": "#0"},
				"down": {"uv": [0, 0, 1, 0.5], "texture": "#0"}
			}
		},
		{
			"name": "hoods1_2",
			"from": [-7.268, 10.513, 5],
			"to": [-7.008, 10.873, 6],
			"rotation": {"angle": 45, "axis": "z", "origin": [-7.509, 11.437, 6]},
			"faces": {
				"north": {"uv": [0, 0, 0.5, 0.5], "rotation": 90, "texture": "#0"},
				"east": {"uv": [0, 0, 1, 0.5], "rotation": 270, "texture": "#0"},
				"west": {"uv": [0, 0, 1, 0.5], "rotation": 270, "texture": "#0"},
				"up": {"uv": [0, 0, 1, 0.5], "rotation": 270, "texture": "#0"},
				"down": {"uv": [0, 0, 1, 0.5], "rotation": 270, "texture": "#0"}
			}
		},
		{
			"name": "hoods1_2",
			"from": [-8.407, 10.196, 5],
			"to": [-8.147, 10.804, 6],
			"rotation": {"angle": -22.5, "axis": "z", "origin": [-7.605, 11.197, 6]},
			"faces": {
				"north": {"uv": [0, 0, 0.5, 0.5], "rotation": 90, "texture": "#0"},
				"east": {"uv": [0, 0, 1, 0.5], "rotation": 270, "texture": "#0"},
				"west": {"uv": [0, 0, 1, 0.5], "rotation": 270, "texture": "#0"},
				"up": {"uv": [0, 0, 1, 0.5], "rotation": 270, "texture": "#0"},
				"down": {"uv": [0, 0, 1, 0.5], "rotation": 270, "texture": "#0"}
			}
		},
		{
			"name": "hoods1_2",
			"from": [-6.867, 10.116, 5],
			"to": [-6.607, 10.724, 6],
			"rotation": {"angle": 22.5, "axis": "z", "origin": [-7.605, 11.197, 6]},
			"faces": {
				"north": {"uv": [0, 0, 0.5, 0.5], "rotation": 90, "texture": "#0"},
				"east": {"uv": [0, 0, 1, 0.5], "rotation": 270, "texture": "#0"},
				"west": {"uv": [0, 0, 1, 0.5], "rotation": 270, "texture": "#0"},
				"up": {"uv": [0, 0, 1, 0.5], "rotation": 270, "texture": "#0"},
				"down": {"uv": [0, 0, 1, 0.5], "rotation": 270, "texture": "#0"}
			}
		},
		{
			"name": "hoods1_2",
			"from": [-8.729, 10.124, 5],
			"to": [-8.469, 10.58, 6],
			"rotation": {"angle": 0, "axis": "y", "origin": [-7.605, 11.197, 6]},
			"faces": {
				"north": {"uv": [0, 0, 0.5, 0.5], "rotation": 90, "texture": "#0"},
				"east": {"uv": [0, 0, 1, 0.5], "rotation": 270, "texture": "#0"},
				"west": {"uv": [0, 0, 1, 0.5], "rotation": 270, "texture": "#0"},
				"up": {"uv": [0, 0, 1, 0.5], "rotation": 270, "texture": "#0"},
				"down": {"uv": [0, 0, 1, 0.5], "rotation": 270, "texture": "#0"}
			}
		},
		{
			"name": "hoods1_2",
			"from": [-6.529, 10.124, 5],
			"to": [-6.269, 10.58, 6],
			"rotation": {"angle": 0, "axis": "y", "origin": [-7.605, 11.197, 6]},
			"faces": {
				"north": {"uv": [0, 0, 0.5, 0.5], "rotation": 90, "texture": "#0"},
				"east": {"uv": [0, 0, 1, 0.5], "rotation": 270, "texture": "#0"},
				"west": {"uv": [0, 0, 1, 0.5], "rotation": 270, "texture": "#0"},
				"up": {"uv": [0, 0, 1, 0.5], "rotation": 270, "texture": "#0"},
				"down": {"uv": [0, 0, 1, 0.5], "rotation": 270, "texture": "#0"}
			}
		},
		{
			"name": "hoods1_2",
			"from": [-1.817, 11.324, 4],
			"to": [-1.181, 11.584, 6],
			"rotation": {"angle": 0, "axis": "y", "origin": [-1.525, 11.525, 6]},
			"faces": {
				"north": {"uv": [0, 0, 0.5, 0.5], "rotation": 180, "texture": "#0"},
				"east": {"uv": [0, 0, 1, 0.5], "rotation": 180, "texture": "#0"},
				"west": {"uv": [0, 0, 1, 0.5], "rotation": 180, "texture": "#0"},
				"up": {"uv": [0, 0, 1, 0.5], "rotation": 180, "texture": "#0"},
				"down": {"uv": [0, 0, 1, 0.5], "rotation": 180, "texture": "#0"}
			}
		},
		{
			"name": "hoods1_2",
			"from": [-2.199, 11.427, 4],
			"to": [-1.735, 11.687, 6],
			"rotation": {"angle": 22.5, "axis": "z", "origin": [-1.509, 11.437, 6]},
			"faces": {
				"north": {"uv": [0, 0, 0.5, 0.5], "texture": "#0"},
				"east": {"uv": [0, 0, 1, 0.5], "texture": "#0"},
				"west": {"uv": [0, 0, 1, 0.5], "texture": "#0"},
				"up": {"uv": [0, 0, 1, 0.5], "texture": "#0"},
				"down": {"uv": [0, 0, 1, 0.5], "texture": "#0"}
			}
		},
		{
			"name": "hoods1_2",
			"from": [-1.259, 11.435, 4],
			"to": [-0.795, 11.695, 6],
			"rotation": {"angle": -22.5, "axis": "z", "origin": [-1.509, 11.437, 6]},
			"faces": {
				"north": {"uv": [0, 0, 0.5, 0.5], "rotation": 180, "texture": "#0"},
				"east": {"uv": [0, 0, 1, 0.5], "rotation": 180, "texture": "#0"},
				"west": {"uv": [0, 0, 1, 0.5], "rotation": 180, "texture": "#0"},
				"up": {"uv": [0, 0, 1, 0.5], "rotation": 180, "texture": "#0"},
				"down": {"uv": [0, 0, 1, 0.5], "rotation": 180, "texture": "#0"}
			}
		},
		{
			"name": "hoods1_2",
			"from": [-2.409, 11.672, 5],
			"to": [-2.049, 11.932, 6],
			"rotation": {"angle": 45, "axis": "z", "origin": [-1.509, 11.437, 6]},
			"faces": {
				"north": {"uv": [0, 0, 0.5, 0.5], "texture": "#0"},
				"east": {"uv": [0, 0, 1, 0.5], "texture": "#0"},
				"west": {"uv": [0, 0, 1, 0.5], "texture": "#0"},
				"up": {"uv": [0, 0, 1, 0.5], "texture": "#0"},
				"down": {"uv": [0, 0, 1, 0.5], "texture": "#0"}
			}
		},
		{
			"name": "hoods1_2",
			"from": [-1.268, 10.513, 5],
			"to": [-1.008, 10.873, 6],
			"rotation": {"angle": 45, "axis": "z", "origin": [-1.509, 11.437, 6]},
			"faces": {
				"north": {"uv": [0, 0, 0.5, 0.5], "rotation": 90, "texture": "#0"},
				"east": {"uv": [0, 0, 1, 0.5], "rotation": 270, "texture": "#0"},
				"west": {"uv": [0, 0, 1, 0.5], "rotation": 270, "texture": "#0"},
				"up": {"uv": [0, 0, 1, 0.5], "rotation": 270, "texture": "#0"},
				"down": {"uv": [0, 0, 1, 0.5], "rotation": 270, "texture": "#0"}
			}
		},
		{
			"name": "hoods1_2",
			"from": [-2.407, 10.196, 5],
			"to": [-2.147, 10.804, 6],
			"rotation": {"angle": -22.5, "axis": "z", "origin": [-1.605, 11.197, 6]},
			"faces": {
				"north": {"uv": [0, 0, 0.5, 0.5], "rotation": 90, "texture": "#0"},
				"east": {"uv": [0, 0, 1, 0.5], "rotation": 270, "texture": "#0"},
				"west": {"uv": [0, 0, 1, 0.5], "rotation": 270, "texture": "#0"},
				"up": {"uv": [0, 0, 1, 0.5], "rotation": 270, "texture": "#0"},
				"down": {"uv": [0, 0, 1, 0.5], "rotation": 270, "texture": "#0"}
			}
		},
		{
			"name": "hoods1_2",
			"from": [-0.867, 10.116, 5],
			"to": [-0.607, 10.724, 6],
			"rotation": {"angle": 22.5, "axis": "z", "origin": [-1.605, 11.197, 6]},
			"faces": {
				"north": {"uv": [0, 0, 0.5, 0.5], "rotation": 90, "texture": "#0"},
				"east": {"uv": [0, 0, 1, 0.5], "rotation": 270, "texture": "#0"},
				"west": {"uv": [0, 0, 1, 0.5], "rotation": 270, "texture": "#0"},
				"up": {"uv": [0, 0, 1, 0.5], "rotation": 270, "texture": "#0"},
				"down": {"uv": [0, 0, 1, 0.5], "rotation": 270, "texture": "#0"}
			}
		},
		{
			"name": "hoods1_2",
			"from": [-2.729, 10.124, 5],
			"to": [-2.469, 10.58, 6],
			"rotation": {"angle": 0, "axis": "y", "origin": [-1.605, 11.197, 6]},
			"faces": {
				"north": {"uv": [0, 0, 0.5, 0.5], "rotation": 90, "texture": "#0"},
				"east": {"uv": [0, 0, 1, 0.5], "rotation": 270, "texture": "#0"},
				"west": {"uv": [0, 0, 1, 0.5], "rotation": 270, "texture": "#0"},
				"up": {"uv": [0, 0, 1, 0.5], "rotation": 270, "texture": "#0"},
				"down": {"uv": [0, 0, 1, 0.5], "rotation": 270, "texture": "#0"}
			}
		},
		{
			"name": "hoods1_2",
			"from": [-0.529, 10.124, 5],
			"to": [-0.269, 10.58, 6],
			"rotation": {"angle": 0, "axis": "y", "origin": [-1.605, 11.197, 6]},
			"faces": {
				"north": {"uv": [0, 0, 0.5, 0.5], "rotation": 90, "texture": "#0"},
				"east": {"uv": [0, 0, 1, 0.5], "rotation": 270, "texture": "#0"},
				"west": {"uv": [0, 0, 1, 0.5], "rotation": 270, "texture": "#0"},
				"up": {"uv": [0, 0, 1, 0.5], "rotation": 270, "texture": "#0"},
				"down": {"uv": [0, 0, 1, 0.5], "rotation": 270, "texture": "#0"}
			}
		},
		{
			"name": "hoods1_2",
			"from": [-4.817, 7.324, 4],
			"to": [-4.181, 7.584, 6],
			"rotation": {"angle": 0, "axis": "y", "origin": [-4.525, 7.525, 6]},
			"faces": {
				"north": {"uv": [0, 0, 0.5, 0.5], "rotation": 180, "texture": "#0"},
				"east": {"uv": [0, 0, 1, 0.5], "rotation": 180, "texture": "#0"},
				"west": {"uv": [0, 0, 1, 0.5], "rotation": 180, "texture": "#0"},
				"up": {"uv": [0, 0, 1, 0.5], "rotation": 180, "texture": "#0"},
				"down": {"uv": [0, 0, 1, 0.5], "rotation": 180, "texture": "#0"}
			}
		},
		{
			"name": "hoods1_2",
			"from": [-5.199, 7.427, 4],
			"to": [-4.735, 7.687, 6],
			"rotation": {"angle": 22.5, "axis": "z", "origin": [-4.509, 7.437, 6]},
			"faces": {
				"north": {"uv": [0, 0, 0.5, 0.5], "texture": "#0"},
				"east": {"uv": [0, 0, 1, 0.5], "texture": "#0"},
				"west": {"uv": [0, 0, 1, 0.5], "texture": "#0"},
				"up": {"uv": [0, 0, 1, 0.5], "texture": "#0"},
				"down": {"uv": [0, 0, 1, 0.5], "texture": "#0"}
			}
		},
		{
			"name": "hoods1_2",
			"from": [-4.259, 7.435, 4],
			"to": [-3.795, 7.695, 6],
			"rotation": {"angle": -22.5, "axis": "z", "origin": [-4.509, 7.437, 6]},
			"faces": {
				"north": {"uv": [0, 0, 0.5, 0.5], "rotation": 180, "texture": "#0"},
				"east": {"uv": [0, 0, 1, 0.5], "rotation": 180, "texture": "#0"},
				"west": {"uv": [0, 0, 1, 0.5], "rotation": 180, "texture": "#0"},
				"up": {"uv": [0, 0, 1, 0.5], "rotation": 180, "texture": "#0"},
				"down": {"uv": [0, 0, 1, 0.5], "rotation": 180, "texture": "#0"}
			}
		},
		{
			"name": "hoods1_2",
			"from": [-5.409, 7.672, 5],
			"to": [-5.049, 7.932, 6],
			"rotation": {"angle": 45, "axis": "z", "origin": [-4.509, 7.437, 6]},
			"faces": {
				"north": {"uv": [0, 0, 0.5, 0.5], "texture": "#0"},
				"east": {"uv": [0, 0, 1, 0.5], "texture": "#0"},
				"west": {"uv": [0, 0, 1, 0.5], "texture": "#0"},
				"up": {"uv": [0, 0, 1, 0.5], "texture": "#0"},
				"down": {"uv": [0, 0, 1, 0.5], "texture": "#0"}
			}
		},
		{
			"name": "hoods1_2",
			"from": [-4.268, 6.513, 5],
			"to": [-4.008, 6.873, 6],
			"rotation": {"angle": 45, "axis": "z", "origin": [-4.509, 7.437, 6]},
			"faces": {
				"north": {"uv": [0, 0, 0.5, 0.5], "rotation": 90, "texture": "#0"},
				"east": {"uv": [0, 0, 1, 0.5], "rotation": 270, "texture": "#0"},
				"west": {"uv": [0, 0, 1, 0.5], "rotation": 270, "texture": "#0"},
				"up": {"uv": [0, 0, 1, 0.5], "rotation": 270, "texture": "#0"},
				"down": {"uv": [0, 0, 1, 0.5], "rotation": 270, "texture": "#0"}
			}
		},
		{
			"name": "hoods1_2",
			"from": [-5.407, 6.196, 5],
			"to": [-5.147, 6.804, 6],
			"rotation": {"angle": -22.5, "axis": "z", "origin": [-4.605, 7.197, 6]},
			"faces": {
				"north": {"uv": [0, 0, 0.5, 0.5], "rotation": 90, "texture": "#0"},
				"east": {"uv": [0, 0, 1, 0.5], "rotation": 270, "texture": "#0"},
				"west": {"uv": [0, 0, 1, 0.5], "rotation": 270, "texture": "#0"},
				"up": {"uv": [0, 0, 1, 0.5], "rotation": 270, "texture": "#0"},
				"down": {"uv": [0, 0, 1, 0.5], "rotation": 270, "texture": "#0"}
			}
		},
		{
			"name": "hoods1_2",
			"from": [-3.867, 6.116, 5],
			"to": [-3.607, 6.724, 6],
			"rotation": {"angle": 22.5, "axis": "z", "origin": [-4.605, 7.197, 6]},
			"faces": {
				"north": {"uv": [0, 0, 0.5, 0.5], "rotation": 90, "texture": "#0"},
				"east": {"uv": [0, 0, 1, 0.5], "rotation": 270, "texture": "#0"},
				"west": {"uv": [0, 0, 1, 0.5], "rotation": 270, "texture": "#0"},
				"up": {"uv": [0, 0, 1, 0.5], "rotation": 270, "texture": "#0"},
				"down": {"uv": [0, 0, 1, 0.5], "rotation": 270, "texture": "#0"}
			}
		},
		{
			"name": "hoods1_2",
			"from": [-5.729, 6.124, 5],
			"to": [-5.469, 6.58, 6],
			"rotation": {"angle": 0, "axis": "y", "origin": [-4.605, 7.197, 6]},
			"faces": {
				"north": {"uv": [0, 0, 0.5, 0.5], "rotation": 90, "texture": "#0"},
				"east": {"uv": [0, 0, 1, 0.5], "rotation": 270, "texture": "#0"},
				"west": {"uv": [0, 0, 1, 0.5], "rotation": 270, "texture": "#0"},
				"up": {"uv": [0, 0, 1, 0.5], "rotation": 270, "texture": "#0"},
				"down": {"uv": [0, 0, 1, 0.5], "rotation": 270, "texture": "#0"}
			}
		},
		{
			"name": "hoods1_2",
			"from": [-3.529, 6.124, 5],
			"to": [-3.269, 6.58, 6],
			"rotation": {"angle": 0, "axis": "y", "origin": [-4.605, 7.197, 6]},
			"faces": {
				"north": {"uv": [0, 0, 0.5, 0.5], "rotation": 90, "texture": "#0"},
				"east": {"uv": [0, 0, 1, 0.5], "rotation": 270, "texture": "#0"},
				"west": {"uv": [0, 0, 1, 0.5], "rotation": 270, "texture": "#0"},
				"up": {"uv": [0, 0, 1, 0.5], "rotation": 270, "texture": "#0"},
				"down": {"uv": [0, 0, 1, 0.5], "rotation": 270, "texture": "#0"}
			}
		},
		{
			"name": "hoods1_2",
			"from": [-1.817, 24.424, 4],
			"to": [-1.181, 24.684, 6],
			"rotation": {"angle": 0, "axis": "y", "origin": [-1.525, 24.625, 6]},
			"faces": {
				"north": {"uv": [0, 0, 0.5, 0.5], "rotation": 180, "texture": "#0"},
				"east": {"uv": [0, 0, 1, 0.5], "rotation": 180, "texture": "#0"},
				"west": {"uv": [0, 0, 1, 0.5], "rotation": 180, "texture": "#0"},
				"up": {"uv": [0, 0, 1, 0.5], "rotation": 180, "texture": "#0"},
				"down": {"uv": [0, 0, 1, 0.5], "rotation": 180, "texture": "#0"}
			}
		},
		{
			"name": "hoods1_2",
			"from": [-2.199, 24.527, 4],
			"to": [-1.735, 24.787, 6],
			"rotation": {"angle": 22.5, "axis": "z", "origin": [-1.509, 24.537, 6]},
			"faces": {
				"north": {"uv": [0, 0, 0.5, 0.5], "texture": "#0"},
				"east": {"uv": [0, 0, 1, 0.5], "texture": "#0"},
				"west": {"uv": [0, 0, 1, 0.5], "texture": "#0"},
				"up": {"uv": [0, 0, 1, 0.5], "texture": "#0"},
				"down": {"uv": [0, 0, 1, 0.5], "texture": "#0"}
			}
		},
		{
			"name": "hoods1_2",
			"from": [-1.259, 24.535, 4],
			"to": [-0.795, 24.795, 6],
			"rotation": {"angle": -22.5, "axis": "z", "origin": [-1.509, 24.537, 6]},
			"faces": {
				"north": {"uv": [0, 0, 0.5, 0.5], "rotation": 180, "texture": "#0"},
				"east": {"uv": [0, 0, 1, 0.5], "rotation": 180, "texture": "#0"},
				"west": {"uv": [0, 0, 1, 0.5], "rotation": 180, "texture": "#0"},
				"up": {"uv": [0, 0, 1, 0.5], "rotation": 180, "texture": "#0"},
				"down": {"uv": [0, 0, 1, 0.5], "rotation": 180, "texture": "#0"}
			}
		},
		{
			"name": "hoods1_2",
			"from": [-2.409, 24.772, 5],
			"to": [-2.049, 25.032, 6],
			"rotation": {"angle": 45, "axis": "z", "origin": [-1.509, 24.537, 6]},
			"faces": {
				"north": {"uv": [0, 0, 0.5, 0.5], "texture": "#0"},
				"east": {"uv": [0, 0, 1, 0.5], "texture": "#0"},
				"west": {"uv": [0, 0, 1, 0.5], "texture": "#0"},
				"up": {"uv": [0, 0, 1, 0.5], "texture": "#0"},
				"down": {"uv": [0, 0, 1, 0.5], "texture": "#0"}
			}
		},
		{
			"name": "hoods1_2",
			"from": [-1.268, 23.613, 5],
			"to": [-1.008, 23.973, 6],
			"rotation": {"angle": 45, "axis": "z", "origin": [-1.509, 24.537, 6]},
			"faces": {
				"north": {"uv": [0, 0, 0.5, 0.5], "rotation": 90, "texture": "#0"},
				"east": {"uv": [0, 0, 1, 0.5], "rotation": 270, "texture": "#0"},
				"west": {"uv": [0, 0, 1, 0.5], "rotation": 270, "texture": "#0"},
				"up": {"uv": [0, 0, 1, 0.5], "rotation": 270, "texture": "#0"},
				"down": {"uv": [0, 0, 1, 0.5], "rotation": 270, "texture": "#0"}
			}
		},
		{
			"name": "hoods1_2",
			"from": [-2.407, 23.296, 5],
			"to": [-2.147, 23.904, 6],
			"rotation": {"angle": -22.5, "axis": "z", "origin": [-1.605, 24.297, 6]},
			"faces": {
				"north": {"uv": [0, 0, 0.5, 0.5], "rotation": 90, "texture": "#0"},
				"east": {"uv": [0, 0, 1, 0.5], "rotation": 270, "texture": "#0"},
				"west": {"uv": [0, 0, 1, 0.5], "rotation": 270, "texture": "#0"},
				"up": {"uv": [0, 0, 1, 0.5], "rotation": 270, "texture": "#0"},
				"down": {"uv": [0, 0, 1, 0.5], "rotation": 270, "texture": "#0"}
			}
		},
		{
			"name": "hoods1_2",
			"from": [-0.867, 23.216, 5],
			"to": [-0.607, 23.824, 6],
			"rotation": {"angle": 22.5, "axis": "z", "origin": [-1.605, 24.297, 6]},
			"faces": {
				"north": {"uv": [0, 0, 0.5, 0.5], "rotation": 90, "texture": "#0"},
				"east": {"uv": [0, 0, 1, 0.5], "rotation": 270, "texture": "#0"},
				"west": {"uv": [0, 0, 1, 0.5], "rotation": 270, "texture": "#0"},
				"up": {"uv": [0, 0, 1, 0.5], "rotation": 270, "texture": "#0"},
				"down": {"uv": [0, 0, 1, 0.5], "rotation": 270, "texture": "#0"}
			}
		},
		{
			"name": "hoods1_2",
			"from": [-2.729, 23.224, 5],
			"to": [-2.469, 23.68, 6],
			"rotation": {"angle": 0, "axis": "y", "origin": [-1.605, 24.297, 6]},
			"faces": {
				"north": {"uv": [0, 0, 0.5, 0.5], "rotation": 90, "texture": "#0"},
				"east": {"uv": [0, 0, 1, 0.5], "rotation": 270, "texture": "#0"},
				"west": {"uv": [0, 0, 1, 0.5], "rotation": 270, "texture": "#0"},
				"up": {"uv": [0, 0, 1, 0.5], "rotation": 270, "texture": "#0"},
				"down": {"uv": [0, 0, 1, 0.5], "rotation": 270, "texture": "#0"}
			}
		},
		{
			"name": "hoods1_2",
			"from": [-0.529, 23.224, 5],
			"to": [-0.269, 23.68, 6],
			"rotation": {"angle": 0, "axis": "y", "origin": [-1.605, 24.297, 6]},
			"faces": {
				"north": {"uv": [0, 0, 0.5, 0.5], "rotation": 90, "texture": "#0"},
				"east": {"uv": [0, 0, 1, 0.5], "rotation": 270, "texture": "#0"},
				"west": {"uv": [0, 0, 1, 0.5], "rotation": 270, "texture": "#0"},
				"up": {"uv": [0, 0, 1, 0.5], "rotation": 270, "texture": "#0"},
				"down": {"uv": [0, 0, 1, 0.5], "rotation": 270, "texture": "#0"}
			}
		},
		{
			"name": "hoods1_2",
			"from": [-1.817, 7.324, 4],
			"to": [-1.181, 7.584, 6],
			"rotation": {"angle": 0, "axis": "y", "origin": [-1.525, 7.525, 6]},
			"faces": {
				"north": {"uv": [0, 0, 0.5, 0.5], "rotation": 180, "texture": "#0"},
				"east": {"uv": [0, 0, 1, 0.5], "rotation": 180, "texture": "#0"},
				"west": {"uv": [0, 0, 1, 0.5], "rotation": 180, "texture": "#0"},
				"up": {"uv": [0, 0, 1, 0.5], "rotation": 180, "texture": "#0"},
				"down": {"uv": [0, 0, 1, 0.5], "rotation": 180, "texture": "#0"}
			}
		},
		{
			"name": "hoods1_2",
			"from": [-2.199, 7.427, 4],
			"to": [-1.735, 7.687, 6],
			"rotation": {"angle": 22.5, "axis": "z", "origin": [-1.509, 7.437, 6]},
			"faces": {
				"north": {"uv": [0, 0, 0.5, 0.5], "texture": "#0"},
				"east": {"uv": [0, 0, 1, 0.5], "texture": "#0"},
				"west": {"uv": [0, 0, 1, 0.5], "texture": "#0"},
				"up": {"uv": [0, 0, 1, 0.5], "texture": "#0"},
				"down": {"uv": [0, 0, 1, 0.5], "texture": "#0"}
			}
		},
		{
			"name": "hoods1_2",
			"from": [-1.259, 7.435, 4],
			"to": [-0.795, 7.695, 6],
			"rotation": {"angle": -22.5, "axis": "z", "origin": [-1.509, 7.437, 6]},
			"faces": {
				"north": {"uv": [0, 0, 0.5, 0.5], "rotation": 180, "texture": "#0"},
				"east": {"uv": [0, 0, 1, 0.5], "rotation": 180, "texture": "#0"},
				"west": {"uv": [0, 0, 1, 0.5], "rotation": 180, "texture": "#0"},
				"up": {"uv": [0, 0, 1, 0.5], "rotation": 180, "texture": "#0"},
				"down": {"uv": [0, 0, 1, 0.5], "rotation": 180, "texture": "#0"}
			}
		},
		{
			"name": "hoods1_2",
			"from": [-2.409, 7.672, 5],
			"to": [-2.049, 7.932, 6],
			"rotation": {"angle": 45, "axis": "z", "origin": [-1.509, 7.437, 6]},
			"faces": {
				"north": {"uv": [0, 0, 0.5, 0.5], "texture": "#0"},
				"east": {"uv": [0, 0, 1, 0.5], "texture": "#0"},
				"west": {"uv": [0, 0, 1, 0.5], "texture": "#0"},
				"up": {"uv": [0, 0, 1, 0.5], "texture": "#0"},
				"down": {"uv": [0, 0, 1, 0.5], "texture": "#0"}
			}
		},
		{
			"name": "hoods1_2",
			"from": [-1.268, 6.513, 5],
			"to": [-1.008, 6.873, 6],
			"rotation": {"angle": 45, "axis": "z", "origin": [-1.509, 7.437, 6]},
			"faces": {
				"north": {"uv": [0, 0, 0.5, 0.5], "rotation": 90, "texture": "#0"},
				"east": {"uv": [0, 0, 1, 0.5], "rotation": 270, "texture": "#0"},
				"west": {"uv": [0, 0, 1, 0.5], "rotation": 270, "texture": "#0"},
				"up": {"uv": [0, 0, 1, 0.5], "rotation": 270, "texture": "#0"},
				"down": {"uv": [0, 0, 1, 0.5], "rotation": 270, "texture": "#0"}
			}
		},
		{
			"name": "hoods1_2",
			"from": [-2.407, 6.196, 5],
			"to": [-2.147, 6.804, 6],
			"rotation": {"angle": -22.5, "axis": "z", "origin": [-1.605, 7.197, 6]},
			"faces": {
				"north": {"uv": [0, 0, 0.5, 0.5], "rotation": 90, "texture": "#0"},
				"east": {"uv": [0, 0, 1, 0.5], "rotation": 270, "texture": "#0"},
				"west": {"uv": [0, 0, 1, 0.5], "rotation": 270, "texture": "#0"},
				"up": {"uv": [0, 0, 1, 0.5], "rotation": 270, "texture": "#0"},
				"down": {"uv": [0, 0, 1, 0.5], "rotation": 270, "texture": "#0"}
			}
		},
		{
			"name": "hoods1_2",
			"from": [-0.867, 6.116, 5],
			"to": [-0.607, 6.724, 6],
			"rotation": {"angle": 22.5, "axis": "z", "origin": [-1.605, 7.197, 6]},
			"faces": {
				"north": {"uv": [0, 0, 0.5, 0.5], "rotation": 90, "texture": "#0"},
				"east": {"uv": [0, 0, 1, 0.5], "rotation": 270, "texture": "#0"},
				"west": {"uv": [0, 0, 1, 0.5], "rotation": 270, "texture": "#0"},
				"up": {"uv": [0, 0, 1, 0.5], "rotation": 270, "texture": "#0"},
				"down": {"uv": [0, 0, 1, 0.5], "rotation": 270, "texture": "#0"}
			}
		},
		{
			"name": "hoods1_2",
			"from": [-2.729, 6.124, 5],
			"to": [-2.469, 6.58, 6],
			"rotation": {"angle": 0, "axis": "y", "origin": [-1.605, 7.197, 6]},
			"faces": {
				"north": {"uv": [0, 0, 0.5, 0.5], "rotation": 90, "texture": "#0"},
				"east": {"uv": [0, 0, 1, 0.5], "rotation": 270, "texture": "#0"},
				"west": {"uv": [0, 0, 1, 0.5], "rotation": 270, "texture": "#0"},
				"up": {"uv": [0, 0, 1, 0.5], "rotation": 270, "texture": "#0"},
				"down": {"uv": [0, 0, 1, 0.5], "rotation": 270, "texture": "#0"}
			}
		},
		{
			"name": "hoods1_2",
			"from": [-0.529, 6.124, 5],
			"to": [-0.269, 6.58, 6],
			"rotation": {"angle": 0, "axis": "y", "origin": [-1.605, 7.197, 6]},
			"faces": {
				"north": {"uv": [0, 0, 0.5, 0.5], "rotation": 90, "texture": "#0"},
				"east": {"uv": [0, 0, 1, 0.5], "rotation": 270, "texture": "#0"},
				"west": {"uv": [0, 0, 1, 0.5], "rotation": 270, "texture": "#0"},
				"up": {"uv": [0, 0, 1, 0.5], "rotation": 270, "texture": "#0"},
				"down": {"uv": [0, 0, 1, 0.5], "rotation": 270, "texture": "#0"}
			}
		}
	],
	"groups": [
		{
			"name": "ks",
			"origin": [-16, 6, -34],
			"color": 0,
			"children": [
				{
					"name": "lamps",
					"origin": [-4, 19, -30],
					"color": 0,
					"children": [0, 1, 2, 3, 4, 5, 6, 7]
				},
				{
					"name": "shield",
					"origin": [-14, 16, -28],
					"color": 0,
					"children": [8, 9, 10, 11, 12, 13, 14, 15, 16, 17, 18, 19, 20, 21, 22, 23, 24, 25, 26, 27, 28, 29, 30, 31, 32, 33, 34, 35]
				},
				{
					"name": "hood1",
					"origin": [0, 0, 0],
					"color": 0,
					"children": [36, 37, 38, 39, 40, 41, 42, 43, 44, 45, 46, 47, 48, 49, 50, 51, 52, 53]
				},
				{
					"name": "hood4",
					"origin": [0, 0, 0],
					"color": 0,
					"children": [54, 55, 56, 57, 58, 59, 60, 61, 62]
				},
				{
					"name": "hood4",
					"origin": [0, 0, 0],
					"color": 0,
					"children": [63, 64, 65, 66, 67, 68, 69, 70, 71]
				},
				{
					"name": "hood4",
					"origin": [0, 0, 0],
					"color": 0,
					"children": [72, 73, 74, 75, 76, 77, 78, 79, 80]
				},
				{
					"name": "hood4",
					"origin": [0, 0, 0],
					"color": 0,
					"children": [81, 82, 83, 84, 85, 86, 87, 88, 89]
				},
				{
					"name": "hood4",
					"origin": [0, 0, 0],
					"color": 0,
					"children": [90, 91, 92, 93, 94, 95, 96, 97, 98]
				},
				{
					"name": "hood4",
					"origin": [0, 0, 0],
					"color": 0,
					"children": [99, 100, 101, 102, 103, 104, 105, 106, 107]
				}
			]
		}
	]
}