{
	"credit": "Made with Blockbench by Mc_Jeronimo",
	"texture_size": [32, 32],
	"textures": {
		"0": "opensignals:blocks/projekt675signale/default/shield_black",
		"1": "opensignals:blocks/projekt675signale/zs3/off",
		"particle": "opensignals:blocks/projekt675signale/default/shield_black",
		"signal": "opensignals:blocks/projekt675signale/zs3/z10"
	},
	"elements": [
		{
			"from": [-7, 10, 6.975],
			"to": [-2, 17, 6.975],
			"faces": {
				"north": {"uv": [0, 0, 11.57724, 16], "texture": "#1", "tintindex": 0}
			}
		},
		{
			"name": "hood4",
			"from": [-8.5, 10, 7],
			"to": [-0.5, 18, 10],
			"faces": {
				"north": {"uv": [0, 0, 1.5, 4], "texture": "#0"},
				"east": {"uv": [0, 0, 1.5, 4], "texture": "#0"},
				"south": {"uv": [0, 0, 1.5, 4], "texture": "#0"},
				"west": {"uv": [0, 0, 1.5, 4], "texture": "#0"},
				"up": {"uv": [0, 0, 1.5, 4], "texture": "#0"},
				"down": {"uv": [0, 0, 1.5, 4], "texture": "#0"}
			}
		},
		{
			"name": "hood5",
			"from": [-8, 10, 5],
			"to": [-7, 17, 7],
			"faces": {
				"north": {"uv": [0, 0, 0.5, 3.5], "texture": "#0"},
				"east": {"uv": [0, 0, 0.5, 3.5], "texture": "#0"},
				"south": {"uv": [0, 0, 0.5, 3.5], "texture": "#0"},
				"west": {"uv": [0, 0, 0.5, 3.5], "texture": "#0"},
				"up": {"uv": [0, 0, 0.5, 3.5], "texture": "#0"},
				"down": {"uv": [0, 0, 0.5, 3.5], "texture": "#0"}
			}
		},
		{
			"name": "hood6",
			"from": [-2, 10, 5],
			"to": [-1, 17, 7],
			"faces": {
				"north": {"uv": [0, 0, 0.5, 3.5], "texture": "#0"},
				"east": {"uv": [0, 0, 0.5, 3.5], "texture": "#0"},
				"south": {"uv": [0, 0, 0.5, 3.5], "texture": "#0"},
				"west": {"uv": [0, 0, 0.5, 3.5], "texture": "#0"},
				"up": {"uv": [0, 0, 0.5, 3.5], "texture": "#0"},
				"down": {"uv": [0, 0, 0.5, 3.5], "texture": "#0"}
			}
		},
		{
			"name": "hood7",
			"from": [-8, 17, 5],
			"to": [-1, 18, 7],
			"faces": {
				"north": {"uv": [0, 0, 1, 0.5], "texture": "#0"},
				"east": {"uv": [0, 0, 1, 0.5], "texture": "#0"},
				"south": {"uv": [0, 0, 1, 0.5], "texture": "#0"},
				"west": {"uv": [0, 0, 1, 0.5], "texture": "#0"},
				"up": {"uv": [0, 0, 1, 0.5], "texture": "#0"},
				"down": {"uv": [0, 0, 1, 0.5], "texture": "#0"}
			}
		},
		{
			"name": "signal",
			"from": [-7, 10, 6.975],
			"to": [-2, 17, 6.975],
			"faces": {
				"north": {"uv": [0, 0, 11.57724, 16], "texture": "#signal"}
			}
		}
	],
	"groups": [
		0,
		{
			"name": "zs3",
			"origin": [-8, -10, -12],
			"color": 0,
			"children": [
				{
					"name": "hood4",
					"origin": [-25, -18, 8],
					"color": 0,
					"children": [1, 2, 3, 4]
				},
				{
					"name": "signal4",
					"origin": [-25, -18, 8],
					"color": 0,
					"children": [5]
				}
			]
		}
	]
}