{
	"credit": "Made with Blockbench by Mc_Jeronimo",
	"texture_size": [32, 32],
	"textures": {
		"1": "opensignals:blocks/projekt675signale/default/shield_black",
		"2": "opensignals:blocks/projekt675signale/zs3/off",
		"signal": "opensignals:blocks/projekt675signale/zs3/z10",
		"particle": "opensignals:blocks/projekt675signale/default/mast"
	},
	"elements": [
		{
			"from": [-7, 15, 1.225],
			"to": [-2, 22, 1.225],
			"rotation": {"angle": 0, "axis": "y", "origin": [2.5, 9, 0.25]},
			"faces": {
				"north": {"uv": [0, 0, 11.57724, 16], "texture": "#2", "tintindex": 0}
			}
		},
		{
			"name": "hood2",
			"from": [-8.5, 15, 1.25],
			"to": [-0.5, 23, 4.25],
			"rotation": {"angle": 0, "axis": "y", "origin": [2.5, 9, 0.25]},
			"faces": {
				"north": {"uv": [0, 0, 1.5, 4], "texture": "#1"},
				"east": {"uv": [0, 0, 1.5, 4], "texture": "#1"},
				"south": {"uv": [0, 0, 1.5, 4], "texture": "#1"},
				"west": {"uv": [0, 0, 1.5, 4], "texture": "#1"},
				"up": {"uv": [0, 0, 1.5, 4], "texture": "#1"},
				"down": {"uv": [0, 0, 1.5, 4], "texture": "#1"}
			}
		},
		{
			"name": "hood3",
			"from": [-8, 15, -0.75],
			"to": [-7, 22, 1.25],
			"rotation": {"angle": 0, "axis": "y", "origin": [2.5, 9, 0.25]},
			"faces": {
				"north": {"uv": [0, 0, 0.5, 3.5], "texture": "#1"},
				"east": {"uv": [0, 0, 0.5, 3.5], "texture": "#1"},
				"south": {"uv": [0, 0, 0.5, 3.5], "texture": "#1"},
				"west": {"uv": [0, 0, 0.5, 3.5], "texture": "#1"},
				"up": {"uv": [0, 0, 0.5, 3.5], "texture": "#1"},
				"down": {"uv": [0, 0, 0.5, 3.5], "texture": "#1"}
			}
		},
		{
			"name": "hood4",
			"from": [-2, 15, -0.75],
			"to": [-1, 22, 1.25],
			"rotation": {"angle": 0, "axis": "y", "origin": [2.5, 9, 0.25]},
			"faces": {
				"north": {"uv": [0, 0, 0.5, 3.5], "texture": "#1"},
				"east": {"uv": [0, 0, 0.5, 3.5], "texture": "#1"},
				"south": {"uv": [0, 0, 0.5, 3.5], "texture": "#1"},
				"west": {"uv": [0, 0, 0.5, 3.5], "texture": "#1"},
				"up": {"uv": [0, 0, 0.5, 3.5], "texture": "#1"},
				"down": {"uv": [0, 0, 0.5, 3.5], "texture": "#1"}
			}
		},
		{
			"name": "hood5",
			"from": [-8, 22, -0.75],
			"to": [-1, 23, 1.25],
			"rotation": {"angle": 0, "axis": "y", "origin": [2.5, 9, 0.25]},
			"faces": {
				"north": {"uv": [0, 0, 1, 0.5], "texture": "#1"},
				"east": {"uv": [0, 0, 1, 0.5], "texture": "#1"},
				"south": {"uv": [0, 0, 1, 0.5], "texture": "#1"},
				"west": {"uv": [0, 0, 1, 0.5], "texture": "#1"},
				"up": {"uv": [0, 0, 1, 0.5], "texture": "#1"},
				"down": {"uv": [0, 0, 1, 0.5], "texture": "#1"}
			}
		},
		{
			"name": "signal",
			"from": [-7, 15, 1.225],
			"to": [-2, 22, 1.225],
			"rotation": {"angle": 0, "axis": "y", "origin": [2.5, 9, 0.25]},
			"faces": {
				"north": {"uv": [0, 0, 11.57724, 16], "texture": "#signal"}
			}
		}
	],
	"groups": [
		0,
		{
			"name": "zs2",
			"origin": [-8, -10, -14],
			"color": 0,
			"children": [
				{
					"name": "hood2",
					"origin": [-25, -18, 6],
					"color": 0,
					"children": [1, 2, 3, 4]
				},
				{
					"name": "signal2",
					"origin": [-25, -18, 6],
					"color": 0,
					"children": [5]
				}
			]
		}
	]
}