{
	"credit": "Made with Blockbench by Mc_Jeronimo",
	"textures": {
		"0": "opensignals:blocks/projekt675signale/default/shield_black",
		"1": "opensignals:blocks/projekt675signale/zs/zs3",
		"particle": "opensignals:blocks/projekt675signale/default/shield_black",
		"overlay": "opensignals:blocks/projekt675signale/zs3plate/z8"
	},
	"elements": [
		{
			"from": [-6.5, 5.5, 5.98],
			"to": [-2.5, 11.5, 5.98],
			"rotation": {"angle": 0, "axis": "y", "origin": [-12.5, 5, 1]},
			"faces": {
				"north": {"uv": [3, 0.30573, 13.1, 16], "texture": "#overlay", "tintindex": 0}
			}
		},
		{
			"from": [-8.675, 5, 6.025],
			"to": [-0.3, 6, 7],
			"rotation": {"angle": 0, "axis": "z", "origin": [-4, 10, 7]},
			"faces": {
				"north": {"uv": [4.5, 0.5, 6.5, 2], "rotation": 180, "texture": "#1"},
				"east": {"uv": [0, 0, 1, 1.5], "rotation": 180, "texture": "#0"},
				"south": {"uv": [0, 0, 1, 1.5], "rotation": 180, "texture": "#0"},
				"west": {"uv": [0, 0, 1, 1.5], "rotation": 180, "texture": "#0"},
				"up": {"uv": [0, 0, 1, 1.5], "rotation": 180, "texture": "#0"},
				"down": {"uv": [0, 0, 0, 0], "rotation": 180, "texture": "#0"}
			}
		},
		{
			"from": [-2.51223, 2.90434, 6],
			"to": [-1.51223, 16.30434, 7],
			"rotation": {"angle": 22.5, "axis": "z", "origin": [-4, 10, 7]},
			"faces": {
				"north": {"uv": [2.5, 0, 8.5, 0.5], "rotation": 90, "texture": "#1"},
				"east": {"uv": [0, 0, 1, 1.5], "rotation": 270, "texture": "#0"},
				"south": {"uv": [0, 0, 1, 1.5], "rotation": 270, "texture": "#0"},
				"west": {"uv": [0, 0, 0, 0], "rotation": 270, "texture": "#0"},
				"up": {"uv": [0, 0, 1, 1.5], "rotation": 270, "texture": "#0"},
				"down": {"uv": [5, 3.5, 6, 5], "rotation": 270, "texture": "#0"}
			}
		},
		{
			"from": [-7.41613, 2.55239, 6],
			"to": [-6.41613, 15.95239, 7],
			"rotation": {"angle": -22.5, "axis": "z", "origin": [-4, 10, 7]},
			"faces": {
				"north": {"uv": [2.5, 0, 8.5, 0.5], "rotation": 90, "texture": "#1"},
				"east": {"uv": [0, 0, 1, 1.5], "rotation": 270, "texture": "#0"},
				"south": {"uv": [0, 0, 1, 1.5], "rotation": 270, "texture": "#0"},
				"west": {"uv": [0, 0, 0, 0], "rotation": 270, "texture": "#0"},
				"up": {"uv": [0, 0, 1, 1.5], "rotation": 270, "texture": "#0"},
				"down": {"uv": [0, 0, 1, 1.5], "rotation": 270, "texture": "#0"}
			}
		},
		{
			"from": [-10, 4, 6],
			"to": [1, 4.475, 7],
			"rotation": {"angle": 0, "axis": "z", "origin": [-4, 10, 7]},
			"faces": {
				"north": {"uv": [3, 0, 5.5, 0.5], "rotation": 180, "texture": "#1"},
				"east": {"uv": [0, 0, 11, 1.5], "rotation": 180, "texture": "#0"},
				"south": {"uv": [0, 0, 11, 1.5], "rotation": 180, "texture": "#0"},
				"west": {"uv": [0, 0, 11, 1.5], "rotation": 180, "texture": "#0"},
				"up": {"uv": [0, 0, 11, 1.5], "rotation": 180, "texture": "#0"},
				"down": {"uv": [0, 0, 11, 1.5], "rotation": 180, "texture": "#0"}
			}
		},
		{
			"from": [-9, 4.05, 6],
			"to": [0, 5.025, 7],
			"rotation": {"angle": 0, "axis": "z", "origin": [-4, 10, 7]},
			"faces": {
				"north": {"uv": [3, 0, 5.5, 0.5], "rotation": 180, "texture": "#1"},
				"east": {"uv": [0, 0, 11, 1.5], "rotation": 180, "texture": "#0"},
				"south": {"uv": [0, 0, 11, 1.5], "rotation": 180, "texture": "#0"},
				"west": {"uv": [0, 0, 11, 1.5], "rotation": 180, "texture": "#0"},
				"up": {"uv": [0, 0, 11, 1.5], "rotation": 180, "texture": "#0"},
				"down": {"uv": [0, 0, 11, 1.5], "rotation": 180, "texture": "#0"}
			}
		},
		{
			"from": [-8.675, 6, 6.025],
			"to": [-0.3, 7, 7],
			"rotation": {"angle": 0, "axis": "z", "origin": [-4, 10, 7]},
			"faces": {
				"north": {"uv": [4.5, 0.5, 6.5, 2], "rotation": 180, "texture": "#1"},
				"east": {"uv": [0, 0, 1, 1.5], "rotation": 180, "texture": "#0"},
				"south": {"uv": [0, 0, 1, 1.5], "rotation": 180, "texture": "#0"},
				"west": {"uv": [0, 0, 1, 1.5], "rotation": 180, "texture": "#0"},
				"up": {"uv": [0, 0, 1, 1.5], "rotation": 180, "texture": "#0"},
				"down": {"uv": [0, 0, 0, 0], "rotation": 180, "texture": "#0"}
			}
		},
		{
			"from": [-8.425, 7, 6.025],
			"to": [-1.05, 8, 7],
			"rotation": {"angle": 0, "axis": "z", "origin": [-4, 10, 7]},
			"faces": {
				"north": {"uv": [4.5, 0.5, 6.5, 2], "rotation": 180, "texture": "#1"},
				"east": {"uv": [0, 0, 1, 1.5], "rotation": 180, "texture": "#0"},
				"south": {"uv": [0, 0, 1, 1.5], "rotation": 180, "texture": "#0"},
				"west": {"uv": [0, 0, 1, 1.5], "rotation": 180, "texture": "#0"},
				"up": {"uv": [0, 0, 1, 1.5], "rotation": 180, "texture": "#0"},
				"down": {"uv": [0, 0, 0, 0], "rotation": 180, "texture": "#0"}
			}
		},
		{
			"from": [-7.925, 8, 6.025],
			"to": [-1.05, 9, 7],
			"rotation": {"angle": 0, "axis": "z", "origin": [-4, 10, 7]},
			"faces": {
				"north": {"uv": [4.5, 0.5, 6.5, 2], "rotation": 180, "texture": "#1"},
				"east": {"uv": [0, 0, 1, 1.5], "rotation": 180, "texture": "#0"},
				"south": {"uv": [0, 0, 1, 1.5], "rotation": 180, "texture": "#0"},
				"west": {"uv": [0, 0, 1, 1.5], "rotation": 180, "texture": "#0"},
				"up": {"uv": [0, 0, 1, 1.5], "rotation": 180, "texture": "#0"},
				"down": {"uv": [0, 0, 0, 0], "rotation": 180, "texture": "#0"}
			}
		},
		{
			"from": [-7.675, 9, 6.025],
			"to": [-1.3, 10, 7],
			"rotation": {"angle": 0, "axis": "z", "origin": [-4, 10, 7]},
			"faces": {
				"north": {"uv": [4.5, 0.5, 6.5, 2], "rotation": 180, "texture": "#1"},
				"east": {"uv": [0, 0, 1, 1.5], "rotation": 180, "texture": "#0"},
				"south": {"uv": [0, 0, 1, 1.5], "rotation": 180, "texture": "#0"},
				"west": {"uv": [0, 0, 1, 1.5], "rotation": 180, "texture": "#0"},
				"up": {"uv": [0, 0, 1, 1.5], "rotation": 180, "texture": "#0"},
				"down": {"uv": [0, 0, 0, 0], "rotation": 180, "texture": "#0"}
			}
		},
		{
			"from": [-6.925, 10, 6.025],
			"to": [-1.8, 11, 7],
			"rotation": {"angle": 0, "axis": "z", "origin": [-4, 10, 7]},
			"faces": {
				"north": {"uv": [4.5, 0.5, 6.5, 2], "rotation": 180, "texture": "#1"},
				"east": {"uv": [0, 0, 1, 1.5], "rotation": 180, "texture": "#0"},
				"south": {"uv": [0, 0, 1, 1.5], "rotation": 180, "texture": "#0"},
				"west": {"uv": [0, 0, 1, 1.5], "rotation": 180, "texture": "#0"},
				"up": {"uv": [0, 0, 1, 1.5], "rotation": 180, "texture": "#0"},
				"down": {"uv": [0, 0, 0, 0], "rotation": 180, "texture": "#0"}
			}
		},
		{
			"from": [-6.425, 11, 6.025],
			"to": [-2.8, 12, 7],
			"rotation": {"angle": 0, "axis": "z", "origin": [-4, 10, 7]},
			"faces": {
				"north": {"uv": [4.5, 0.5, 6.5, 2], "rotation": 180, "texture": "#1"},
				"east": {"uv": [0, 0, 1, 1.5], "rotation": 180, "texture": "#0"},
				"south": {"uv": [0, 0, 1, 1.5], "rotation": 180, "texture": "#0"},
				"west": {"uv": [0, 0, 1, 1.5], "rotation": 180, "texture": "#0"},
				"up": {"uv": [0, 0, 1, 1.5], "rotation": 180, "texture": "#0"},
				"down": {"uv": [0, 0, 0, 0], "rotation": 180, "texture": "#0"}
			}
		},
		{
			"from": [-6.425, 12, 6.025],
			"to": [-2.8, 13, 7],
			"rotation": {"angle": 0, "axis": "z", "origin": [-4, 10, 7]},
			"faces": {
				"north": {"uv": [4.5, 0.5, 6.5, 2], "rotation": 180, "texture": "#1"},
				"east": {"uv": [0, 0, 1, 1.5], "rotation": 180, "texture": "#0"},
				"south": {"uv": [0, 0, 1, 1.5], "rotation": 180, "texture": "#0"},
				"west": {"uv": [0, 0, 1, 1.5], "rotation": 180, "texture": "#0"},
				"up": {"uv": [0, 0, 1, 1.5], "rotation": 180, "texture": "#0"},
				"down": {"uv": [0, 0, 0, 0], "rotation": 180, "texture": "#0"}
			}
		},
		{
			"from": [-5.425, 13, 6.025],
			"to": [-3.55, 14, 7],
			"rotation": {"angle": 0, "axis": "z", "origin": [-4, 10, 7]},
			"faces": {
				"north": {"uv": [4.5, 0.5, 6.5, 2], "rotation": 180, "texture": "#1"},
				"east": {"uv": [0, 0, 1, 1.5], "rotation": 180, "texture": "#0"},
				"south": {"uv": [0, 0, 1, 1.5], "rotation": 180, "texture": "#0"},
				"west": {"uv": [0, 0, 1, 1.5], "rotation": 180, "texture": "#0"},
				"up": {"uv": [0, 0, 1, 1.5], "rotation": 180, "texture": "#0"},
				"down": {"uv": [0, 0, 0, 0], "rotation": 180, "texture": "#0"}
			}
		},
		{
			"from": [-4.875, 15.775, 6.025],
			"to": [-4.125, 16.775, 7],
			"rotation": {"angle": 0, "axis": "z", "origin": [-4, 11.775, 7]},
			"faces": {
				"north": {"uv": [4.5, 0, 6.5, 0.5], "rotation": 180, "texture": "#1"},
				"east": {"uv": [0, 0, 1, 1.5], "rotation": 180, "texture": "#0"},
				"south": {"uv": [0, 0, 1, 1.5], "rotation": 180, "texture": "#0"},
				"west": {"uv": [0, 0, 1, 1.5], "rotation": 180, "texture": "#0"},
				"up": {"uv": [0, 0, 1, 1.5], "rotation": 180, "texture": "#0"},
				"down": {"uv": [0, 0, 0, 0], "rotation": 180, "texture": "#0"}
			}
		},
		{
			"from": [-5.425, 14, 6.025],
			"to": [-3.55, 15, 7],
			"rotation": {"angle": 0, "axis": "z", "origin": [-4, 10, 7]},
			"faces": {
				"north": {"uv": [4.5, 0.5, 6.5, 2], "rotation": 180, "texture": "#1"},
				"east": {"uv": [0, 0, 1, 1.5], "rotation": 180, "texture": "#0"},
				"south": {"uv": [0, 0, 1, 1.5], "rotation": 180, "texture": "#0"},
				"west": {"uv": [0, 0, 1, 1.5], "rotation": 180, "texture": "#0"},
				"up": {"uv": [0, 0, 1, 1.5], "rotation": 180, "texture": "#0"},
				"down": {"uv": [0, 0, 0, 0], "rotation": 180, "texture": "#0"}
			}
		},
		{
			"from": [-5.275, 14.925, 6.025],
			"to": [-3.725, 15.875, 7],
			"rotation": {"angle": 0, "axis": "z", "origin": [-4, 10, 7]},
			"faces": {
				"north": {"uv": [4.5, 0, 6.5, 0.5], "rotation": 180, "texture": "#1"},
				"east": {"uv": [0, 0, 1, 1.5], "rotation": 180, "texture": "#0"},
				"south": {"uv": [0, 0, 1, 1.5], "rotation": 180, "texture": "#0"},
				"west": {"uv": [0, 0, 1, 1.5], "rotation": 180, "texture": "#0"},
				"up": {"uv": [0, 0, 1, 1.5], "rotation": 180, "texture": "#0"},
				"down": {"uv": [0, 0, 0, 0], "rotation": 180, "texture": "#0"}
			}
		}
	],
	"groups": [
		0,
		{
			"name": "sign",
			"origin": [8, 8, 8],
			"color": 0,
			"children": [1, 2, 3, 4, 5, 6, 7, 8, 9, 10, 11, 12, 13, 14, 15, 16]
		}
	]
}