{
	"credit": "Made with Blockbench by Mc_Jeronimo",
	"textures": {
		"0": "opensignals:blocks/projekt675signale/default/shield_black",
		"2": "opensignals:blocks/projekt675signale/zs/zs3v",
		"particle": "opensignals:blocks/projekt675signale/default/shield_black",
		"overlay": "opensignals:blocks/projekt675signale/zs3vplate/z8"
	},
	"elements": [
		{
			"from": [-6.5, -2.5, 4.48],
			"to": [-2.5, 3.5, 4.48],
			"rotation": {"angle": 0, "axis": "y", "origin": [-12.5, -7, -0.5]},
			"faces": {
				"north": {"uv": [3, 0, 13.1, 16], "texture": "#overlay", "tintindex": 1}
			}
		},
		{
			"from": [-8.75, -7.9, 4.5],
			"to": [-7.75, 5.5, 5.5],
			"rotation": {"angle": 22.5, "axis": "z", "origin": [-6.5, 1.75, -0.5]},
			"faces": {
				"north": {"uv": [2.5, 0, 8.5, 0.5], "rotation": 270, "texture": "#2"},
				"east": {"uv": [0, 0, 0, 0], "rotation": 90, "texture": "#0"},
				"south": {"uv": [0, 0, 1, 1.5], "rotation": 90, "texture": "#0"},
				"west": {"uv": [0, 0, 1, 1.5], "rotation": 90, "texture": "#0"},
				"up": {"uv": [0, 0, 1, 1.5], "rotation": 90, "texture": "#0"},
				"down": {"uv": [0, 0, 1, 1.5], "rotation": 90, "texture": "#0"}
			}
		},
		{
			"from": [-1.55, -6.4, 4.5],
			"to": [-0.55, 7, 5.5],
			"rotation": {"angle": -22.5, "axis": "z", "origin": [-6.5, 1.75, -0.5]},
			"faces": {
				"north": {"uv": [2.5, 0, 8.5, 0.5], "rotation": 270, "texture": "#2"},
				"east": {"uv": [0, 0, 0, 0], "rotation": 90, "texture": "#0"},
				"south": {"uv": [0, 0, 1, 1.5], "rotation": 90, "texture": "#0"},
				"west": {"uv": [0, 0, 1, 1.5], "rotation": 90, "texture": "#0"},
				"up": {"uv": [0, 0, 1, 1.5], "rotation": 90, "texture": "#0"},
				"down": {"uv": [0, 0, 1, 1.5], "rotation": 90, "texture": "#0"}
			}
		},
		{
			"from": [-8.7, 2.75, 4.525],
			"to": [-0.325, 3.75, 5.5],
			"rotation": {"angle": 0, "axis": "y", "origin": [-12.5, -6.25, -0.5]},
			"faces": {
				"north": {"uv": [4.5, 0.5, 6.5, 2], "texture": "#2"},
				"east": {"uv": [0, 0, 1, 1.5], "texture": "#0"},
				"south": {"uv": [0, 0, 1, 1.5], "texture": "#0"},
				"west": {"uv": [0, 0, 1, 1.5], "texture": "#0"},
				"up": {"uv": [0, 0, 0, 0], "texture": "#0"},
				"down": {"uv": [0, 0, 1, 1.5], "texture": "#0"}
			}
		},
		{
			"from": [-8.7, 1.75, 4.525],
			"to": [-0.325, 2.75, 5.5],
			"rotation": {"angle": 0, "axis": "y", "origin": [-12.5, -6.25, -0.5]},
			"faces": {
				"north": {"uv": [4.5, 0.5, 6.5, 2], "texture": "#2"},
				"east": {"uv": [0, 0, 1, 1.5], "texture": "#0"},
				"south": {"uv": [0, 0, 1, 1.5], "texture": "#0"},
				"west": {"uv": [0, 0, 1, 1.5], "texture": "#0"},
				"up": {"uv": [0, 0, 0, 0], "texture": "#0"},
				"down": {"uv": [0, 0, 1, 1.5], "texture": "#0"}
			}
		},
		{
			"from": [-7.95, 0.75, 4.525],
			"to": [-0.575, 1.75, 5.5],
			"rotation": {"angle": 0, "axis": "y", "origin": [-12.5, -6.25, -0.5]},
			"faces": {
				"north": {"uv": [4.5, 0.5, 6.5, 2], "texture": "#2"},
				"east": {"uv": [0, 0, 1, 1.5], "texture": "#0"},
				"south": {"uv": [0, 0, 1, 1.5], "texture": "#0"},
				"west": {"uv": [0, 0, 1, 1.5], "texture": "#0"},
				"up": {"uv": [0, 0, 0, 0], "texture": "#0"},
				"down": {"uv": [0, 0, 1, 1.5], "texture": "#0"}
			}
		},
		{
			"from": [-7.95, -0.25, 4.525],
			"to": [-1.075, 0.75, 5.5],
			"rotation": {"angle": 0, "axis": "y", "origin": [-12.5, -6.25, -0.5]},
			"faces": {
				"north": {"uv": [4.5, 0.5, 6.5, 2], "texture": "#2"},
				"east": {"uv": [0, 0, 1, 1.5], "texture": "#0"},
				"south": {"uv": [0, 0, 1, 1.5], "texture": "#0"},
				"west": {"uv": [0, 0, 1, 1.5], "texture": "#0"},
				"up": {"uv": [0, 0, 0, 0], "texture": "#0"},
				"down": {"uv": [0, 0, 1, 1.5], "texture": "#0"}
			}
		},
		{
			"from": [-7.7, -1.25, 4.525],
			"to": [-1.325, -0.25, 5.5],
			"rotation": {"angle": 0, "axis": "y", "origin": [-12.5, -6.25, -0.5]},
			"faces": {
				"north": {"uv": [4.5, 0.5, 6.5, 2], "texture": "#2"},
				"east": {"uv": [0, 0, 1, 1.5], "texture": "#0"},
				"south": {"uv": [0, 0, 1, 1.5], "texture": "#0"},
				"west": {"uv": [0, 0, 1, 1.5], "texture": "#0"},
				"up": {"uv": [0, 0, 0, 0], "texture": "#0"},
				"down": {"uv": [0, 0, 1, 1.5], "texture": "#0"}
			}
		},
		{
			"from": [-7.2, -2.25, 4.525],
			"to": [-2.075, -1.25, 5.5],
			"rotation": {"angle": 0, "axis": "y", "origin": [-12.5, -6.25, -0.5]},
			"faces": {
				"north": {"uv": [4.5, 0.5, 6.5, 2], "texture": "#2"},
				"east": {"uv": [0, 0, 1, 1.5], "texture": "#0"},
				"south": {"uv": [0, 0, 1, 1.5], "texture": "#0"},
				"west": {"uv": [0, 0, 1, 1.5], "texture": "#0"},
				"up": {"uv": [0, 0, 0, 0], "texture": "#0"},
				"down": {"uv": [0, 0, 1, 1.5], "texture": "#0"}
			}
		},
		{
			"from": [-6.2, -3.25, 4.525],
			"to": [-2.575, -2.25, 5.5],
			"rotation": {"angle": 0, "axis": "y", "origin": [-12.5, -6.25, -0.5]},
			"faces": {
				"north": {"uv": [4.5, 0.5, 6.5, 2], "texture": "#2"},
				"east": {"uv": [0, 0, 1, 1.5], "texture": "#0"},
				"south": {"uv": [0, 0, 1, 1.5], "texture": "#0"},
				"west": {"uv": [0, 0, 1, 1.5], "texture": "#0"},
				"up": {"uv": [0, 0, 0, 0], "texture": "#0"},
				"down": {"uv": [0, 0, 1, 1.5], "texture": "#0"}
			}
		},
		{
			"from": [-6.2, -4.25, 4.525],
			"to": [-2.575, -3.25, 5.5],
			"rotation": {"angle": 0, "axis": "y", "origin": [-12.5, -6.25, -0.5]},
			"faces": {
				"north": {"uv": [4.5, 0.5, 6.5, 2], "texture": "#2"},
				"east": {"uv": [0, 0, 1, 1.5], "texture": "#0"},
				"south": {"uv": [0, 0, 1, 1.5], "texture": "#0"},
				"west": {"uv": [0, 0, 1, 1.5], "texture": "#0"},
				"up": {"uv": [0, 0, 0, 0], "texture": "#0"},
				"down": {"uv": [0, 0, 1, 1.5], "texture": "#0"}
			}
		},
		{
			"from": [-5.45, -5.25, 4.525],
			"to": [-3.575, -4.25, 5.5],
			"rotation": {"angle": 0, "axis": "y", "origin": [-12.5, -6.25, -0.5]},
			"faces": {
				"north": {"uv": [4.5, 0.5, 6.5, 2], "texture": "#2"},
				"east": {"uv": [0, 0, 1, 1.5], "texture": "#0"},
				"south": {"uv": [0, 0, 1, 1.5], "texture": "#0"},
				"west": {"uv": [0, 0, 1, 1.5], "texture": "#0"},
				"up": {"uv": [0, 0, 0, 0], "texture": "#0"},
				"down": {"uv": [0, 0, 1, 1.5], "texture": "#0"}
			}
		},
		{
			"from": [-5.45, -6.25, 4.525],
			"to": [-3.575, -5.25, 5.5],
			"rotation": {"angle": 0, "axis": "y", "origin": [-12.5, -6.25, -0.5]},
			"faces": {
				"north": {"uv": [4.5, 0.5, 6.5, 2], "texture": "#2"},
				"east": {"uv": [0, 0, 1, 1.5], "texture": "#0"},
				"south": {"uv": [0, 0, 1, 1.5], "texture": "#0"},
				"west": {"uv": [0, 0, 1, 1.5], "texture": "#0"},
				"up": {"uv": [0, 0, 0, 0], "texture": "#0"},
				"down": {"uv": [0, 0, 1, 1.5], "texture": "#0"}
			}
		},
		{
			"from": [-4.9, -8.075, 4.5],
			"to": [-4.125, -7.125, 5.475],
			"rotation": {"angle": 0, "axis": "y", "origin": [-12.5, -8.125, -0.525]},
			"faces": {
				"north": {"uv": [4.5, 0, 6.5, 0.5], "texture": "#2"},
				"east": {"uv": [0, 0, 1, 1.5], "texture": "#0"},
				"south": {"uv": [0, 0, 1, 1.5], "texture": "#0"},
				"west": {"uv": [0, 0, 1, 1.5], "texture": "#0"},
				"up": {"uv": [0, 0, 0, 0], "texture": "#0"},
				"down": {"uv": [0, 0, 1, 1.5], "texture": "#0"}
			}
		},
		{
			"from": [-5.45, -6.25, 4.525],
			"to": [-3.575, -5.25, 5.5],
			"rotation": {"angle": 0, "axis": "y", "origin": [-12.5, -6.25, -0.5]},
			"faces": {
				"north": {"uv": [4.5, 0.5, 6.5, 2], "texture": "#2"},
				"east": {"uv": [0, 0, 1, 1.5], "texture": "#0"},
				"south": {"uv": [0, 0, 1, 1.5], "texture": "#0"},
				"west": {"uv": [0, 0, 1, 1.5], "texture": "#0"},
				"up": {"uv": [0, 0, 0, 0], "texture": "#0"},
				"down": {"uv": [0, 0, 1, 1.5], "texture": "#0"}
			}
		},
		{
			"from": [-10, 4.275, 4.5],
			"to": [1, 4.75, 5.5],
			"rotation": {"angle": 0, "axis": "y", "origin": [-12.5, -6.25, -0.5]},
			"faces": {
				"north": {"uv": [3, 0, 5.5, 0.5], "texture": "#2"},
				"east": {"uv": [0, 0, 11, 1.5], "texture": "#0"},
				"south": {"uv": [0, 0, 11, 1.5], "texture": "#0"},
				"west": {"uv": [0, 0, 11, 1.5], "texture": "#0"},
				"up": {"uv": [0, 0, 11, 1.5], "texture": "#0"},
				"down": {"uv": [0, 0, 11, 1.5], "texture": "#0"}
			}
		},
		{
			"from": [-9, 3.725, 4.5],
			"to": [0, 4.7, 5.5],
			"rotation": {"angle": 0, "axis": "y", "origin": [-12.5, -6.25, -0.5]},
			"faces": {
				"north": {"uv": [3, 0, 5.5, 0.5], "texture": "#2"},
				"east": {"uv": [0, 0, 11, 1.5], "texture": "#0"},
				"south": {"uv": [0, 0, 11, 1.5], "texture": "#0"},
				"west": {"uv": [0, 0, 11, 1.5], "texture": "#0"},
				"up": {"uv": [0, 0, 11, 1.5], "texture": "#0"},
				"down": {"uv": [0, 0, 11, 1.5], "texture": "#0"}
			}
		},
		{
			"from": [-5.5, -1.25, 5.5],
			"to": [-3.5, -0.25, 7.5],
			"rotation": {"angle": 0, "axis": "y", "origin": [-12.5, -6.25, -0.5]},
			"faces": {
				"north": {"uv": [0, 0, 2, 2], "texture": "#0"},
				"east": {"uv": [0, 0, 2, 2], "texture": "#0"},
				"south": {"uv": [0, 0, 2, 2], "texture": "#0"},
				"west": {"uv": [0, 0, 2, 2], "texture": "#0"},
				"up": {"uv": [0, 0, 2, 2], "texture": "#0"},
				"down": {"uv": [0, 0, 2, 2], "texture": "#0"}
			}
		}
	],
	"groups": [
		0,
		{
			"name": "sign",
			"origin": [8, 8, 8],
			"color": 0,
			"children": [1, 2, 3, 4, 5, 6, 7, 8, 9, 10, 11, 12, 13, 14, 15, 16]
		},
		17
	]
}