{
	"credit": "Made with Blockbench by Mc_Jeronimo",
	"texture_size": [32, 32],
	"textures": {
		"4": "opensignals:blocks/projekt675signale/default/controlbox",
		"5": "opensignals:blocks/projekt675signale/default/mast",
		"6": "opensignals:blocks/projekt675signale/default/shield_gray"
	},
	"elements": [
		{
			"name": "controlbox",
			"from": [4, 5, 13],
			"to": [12, 15, 17],
			"faces": {
				"north": {"uv": [0, 0, 3, 1], "texture": "#4"},
				"east": {"uv": [0, 0, 3, 1], "texture": "#4"},
				"south": {"uv": [0, 0, 3, 1], "texture": "#4"},
				"west": {"uv": [0, 0, 3, 1], "texture": "#4"},
				"up": {"uv": [0, 0, 3, 1], "texture": "#4"},
				"down": {"uv": [0, 0, 3, 1], "texture": "#4"}
			}
		},
		{
			"name": "mast3",
			"from": [7, 3, 10],
			"to": [9, 16, 13],
			"rotation": {"angle": 0, "axis": "y", "origin": [5, 0, 0]},
			"faces": {
				"north": {"uv": [0, 0, 1, 8], "texture": "#5"},
				"east": {"uv": [0, 0, 0.5, 8], "texture": "#5"},
				"south": {"uv": [0, 0, 1, 8], "texture": "#5"},
				"west": {"uv": [0, 0, 0.5, 8], "texture": "#5"},
				"down": {"uv": [0, 0, 1, 0.5], "texture": "#5"}
			}
		},
		{
			"name": "base",
			"from": [5, 2, 8.5],
			"to": [11, 3, 14.5],
			"rotation": {"angle": 0, "axis": "y", "origin": [5, 0, 0.5]},
			"faces": {
				"north": {"uv": [0, 0, 3, 1], "texture": "#5"},
				"east": {"uv": [0, 0, 3, 1], "texture": "#5"},
				"south": {"uv": [0, 0, 3, 1], "texture": "#5"},
				"west": {"uv": [0, 0, 3, 1], "texture": "#5"},
				"up": {"uv": [0, 0, 3, 1], "texture": "#5"},
				"down": {"uv": [0, 0, 3, 1], "texture": "#5"}
			}
		},
		{
			"name": "base",
			"from": [5, -16, 8.5],
			"to": [11, 1, 14.5],
			"rotation": {"angle": 0, "axis": "y", "origin": [5, 0, 0.5]},
			"faces": {
				"north": {"uv": [0, 0, 3, 1], "texture": "#6"},
				"east": {"uv": [0, 0, 3, 1], "texture": "#6"},
				"south": {"uv": [0, 0, 3, 1], "texture": "#6"},
				"west": {"uv": [0, 0, 3, 1], "texture": "#6"},
				"up": {"uv": [0, 0, 3, 1], "texture": "#6"},
				"down": {"uv": [0, 0, 3, 1], "texture": "#6"}
			}
		},
		{
			"name": "base",
			"from": [5, -16, 7.75],
			"to": [11, -1, 8.5],
			"rotation": {"angle": 0, "axis": "y", "origin": [5, 0, -0.5]},
			"faces": {
				"north": {"uv": [0, 0, 3, 1], "texture": "#6"},
				"east": {"uv": [0, 0, 3, 1], "texture": "#6"},
				"south": {"uv": [0, 0, 3, 1], "texture": "#6"},
				"west": {"uv": [0, 0, 3, 1], "texture": "#6"},
				"up": {"uv": [0, 0, 3, 1], "texture": "#6"},
				"down": {"uv": [0, 0, 3, 1], "texture": "#6"}
			}
		},
		{
			"name": "base",
			"from": [5, -16, 7],
			"to": [11, -3, 7.75],
			"rotation": {"angle": 0, "axis": "y", "origin": [5, 0, -1.25]},
			"faces": {
				"north": {"uv": [0, 0, 3, 1], "texture": "#6"},
				"east": {"uv": [0, 0, 3, 1], "texture": "#6"},
				"south": {"uv": [0, 0, 3, 1], "texture": "#6"},
				"west": {"uv": [0, 0, 3, 1], "texture": "#6"},
				"up": {"uv": [0, 0, 3, 1], "texture": "#6"},
				"down": {"uv": [0, 0, 3, 1], "texture": "#6"}
			}
		},
		{
			"name": "base",
			"from": [5, -16, 6.2],
			"to": [11, -4.5, 7],
			"rotation": {"angle": 0, "axis": "y", "origin": [5, 0, -2]},
			"faces": {
				"north": {"uv": [0, 0, 3, 1], "texture": "#6"},
				"east": {"uv": [0, 0, 3, 1], "texture": "#6"},
				"south": {"uv": [0, 0, 3, 1], "texture": "#6"},
				"west": {"uv": [0, 0, 3, 1], "texture": "#6"},
				"up": {"uv": [0, 0, 3, 1], "texture": "#6"},
				"down": {"uv": [0, 0, 3, 1], "texture": "#6"}
			}
		},
		{
			"name": "base",
			"from": [5, -16, 14.5],
			"to": [11, -1, 15.25],
			"rotation": {"angle": 0, "axis": "y", "origin": [5, 0, 6.25]},
			"faces": {
				"north": {"uv": [0, 0, 3, 1], "texture": "#6"},
				"east": {"uv": [0, 0, 3, 1], "texture": "#6"},
				"south": {"uv": [0, 0, 3, 1], "texture": "#6"},
				"west": {"uv": [0, 0, 3, 1], "texture": "#6"},
				"up": {"uv": [0, 0, 3, 1], "texture": "#6"},
				"down": {"uv": [0, 0, 3, 1], "texture": "#6"}
			}
		},
		{
			"name": "base",
			"from": [5, -16, 15.25],
			"to": [11, -3, 16],
			"rotation": {"angle": 0, "axis": "y", "origin": [5, 0, 7]},
			"faces": {
				"north": {"uv": [0, 0, 3, 1], "texture": "#6"},
				"east": {"uv": [0, 0, 3, 1], "texture": "#6"},
				"south": {"uv": [0, 0, 3, 1], "texture": "#6"},
				"west": {"uv": [0, 0, 3, 1], "texture": "#6"},
				"up": {"uv": [0, 0, 3, 1], "texture": "#6"},
				"down": {"uv": [0, 0, 3, 1], "texture": "#6"}
			}
		},
		{
			"name": "base",
			"from": [5, -16, 16],
			"to": [11, -4.5, 16.8],
			"rotation": {"angle": 0, "axis": "y", "origin": [5, 0, 7.8]},
			"faces": {
				"north": {"uv": [0, 0, 3, 1], "texture": "#6"},
				"east": {"uv": [0, 0, 3, 1], "texture": "#6"},
				"south": {"uv": [0, 0, 3, 1], "texture": "#6"},
				"west": {"uv": [0, 0, 3, 1], "texture": "#6"},
				"up": {"uv": [0, 0, 3, 1], "texture": "#6"},
				"down": {"uv": [0, 0, 3, 1], "texture": "#6"}
			}
		},
		{
			"name": "base",
			"from": [4.25, -16, 8.5],
			"to": [5, -1, 14.5],
			"rotation": {"angle": 0, "axis": "y", "origin": [5, 0, 0.5]},
			"faces": {
				"north": {"uv": [0, 0, 3, 1], "texture": "#6"},
				"east": {"uv": [0, 0, 3, 1], "texture": "#6"},
				"south": {"uv": [0, 0, 3, 1], "texture": "#6"},
				"west": {"uv": [0, 0, 3, 1], "texture": "#6"},
				"up": {"uv": [0, 0, 3, 1], "texture": "#6"},
				"down": {"uv": [0, 0, 3, 1], "texture": "#6"}
			}
		},
		{
			"name": "base",
			"from": [11, -16, 8.5],
			"to": [11.75, -1, 14.5],
			"rotation": {"angle": 0, "axis": "y", "origin": [11.75, 0, 0.5]},
			"faces": {
				"north": {"uv": [0, 0, 3, 1], "texture": "#6"},
				"east": {"uv": [0, 0, 3, 1], "texture": "#6"},
				"south": {"uv": [0, 0, 3, 1], "texture": "#6"},
				"west": {"uv": [0, 0, 3, 1], "texture": "#6"},
				"up": {"uv": [0, 0, 3, 1], "texture": "#6"},
				"down": {"uv": [0, 0, 3, 1], "texture": "#6"}
			}
		},
		{
			"name": "base",
			"from": [11.75, -16, 8.5],
			"to": [12.5, -3, 14.5],
			"rotation": {"angle": 0, "axis": "y", "origin": [12.5, 0, 0.5]},
			"faces": {
				"north": {"uv": [0, 0, 3, 1], "texture": "#6"},
				"east": {"uv": [0, 0, 3, 1], "texture": "#6"},
				"south": {"uv": [0, 0, 3, 1], "texture": "#6"},
				"west": {"uv": [0, 0, 3, 1], "texture": "#6"},
				"up": {"uv": [0, 0, 3, 1], "texture": "#6"},
				"down": {"uv": [0, 0, 3, 1], "texture": "#6"}
			}
		},
		{
			"name": "base",
			"from": [12.5, -16, 8.5],
			"to": [13.275, -4.5, 14.5],
			"rotation": {"angle": 0, "axis": "y", "origin": [13.25, 0, 0.5]},
			"faces": {
				"north": {"uv": [0, 0, 3, 1], "texture": "#6"},
				"east": {"uv": [0, 0, 3, 1], "texture": "#6"},
				"south": {"uv": [0, 0, 3, 1], "texture": "#6"},
				"west": {"uv": [0, 0, 3, 1], "texture": "#6"},
				"up": {"uv": [0, 0, 3, 1], "texture": "#6"},
				"down": {"uv": [0, 0, 3, 1], "texture": "#6"}
			}
		},
		{
			"name": "base",
			"from": [3.5, -16, 8.5],
			"to": [4.25, -3, 14.5],
			"rotation": {"angle": 0, "axis": "y", "origin": [4.25, 0, 0.5]},
			"faces": {
				"north": {"uv": [0, 0, 3, 1], "texture": "#6"},
				"east": {"uv": [0, 0, 3, 1], "texture": "#6"},
				"south": {"uv": [0, 0, 3, 1], "texture": "#6"},
				"west": {"uv": [0, 0, 3, 1], "texture": "#6"},
				"up": {"uv": [0, 0, 3, 1], "texture": "#6"},
				"down": {"uv": [0, 0, 3, 1], "texture": "#6"}
			}
		},
		{
			"name": "base",
			"from": [2.725, -16, 8.5],
			"to": [3.5, -4.5, 14.5],
			"rotation": {"angle": 0, "axis": "y", "origin": [3.5, 0, 0.5]},
			"faces": {
				"north": {"uv": [0, 0, 3, 1], "texture": "#6"},
				"east": {"uv": [0, 0, 3, 1], "texture": "#6"},
				"south": {"uv": [0, 0, 3, 1], "texture": "#6"},
				"west": {"uv": [0, 0, 3, 1], "texture": "#6"},
				"up": {"uv": [0, 0, 3, 1], "texture": "#6"},
				"down": {"uv": [0, 0, 3, 1], "texture": "#6"}
			}
		},
		{
			"name": "base",
			"from": [4.625, -4.925, 8.5],
			"to": [5.625, 1.075, 14.5],
			"rotation": {"angle": -22.5, "axis": "z", "origin": [4.625, 0.075, 0.5]},
			"faces": {
				"north": {"uv": [0, 0, 3, 1], "texture": "#6"},
				"east": {"uv": [0, 0, 3, 1], "texture": "#6"},
				"south": {"uv": [0, 0, 3, 1], "texture": "#6"},
				"west": {"uv": [0, 0, 3, 1], "texture": "#6"},
				"up": {"uv": [0, 0, 3, 1], "texture": "#6"},
				"down": {"uv": [0, 0, 3, 1], "texture": "#6"}
			}
		},
		{
			"name": "base",
			"from": [10.45, -5.3, 8.5],
			"to": [11.45, 0.7, 14.5],
			"rotation": {"angle": 22.5, "axis": "z", "origin": [10.45, -0.3, 0.5]},
			"faces": {
				"north": {"uv": [0, 0, 3, 1], "texture": "#6"},
				"east": {"uv": [0, 0, 3, 1], "texture": "#6"},
				"south": {"uv": [0, 0, 3, 1], "texture": "#6"},
				"west": {"uv": [0, 0, 3, 1], "texture": "#6"},
				"up": {"uv": [0, 0, 3, 1], "texture": "#6"},
				"down": {"uv": [0, 0, 3, 1], "texture": "#6"}
			}
		},
		{
			"name": "base",
			"from": [5, -5.3, 8.025],
			"to": [11, 0.7, 9.025],
			"rotation": {"angle": 22.5, "axis": "x", "origin": [-3, -0.3, 9.025]},
			"faces": {
				"north": {"uv": [0, 0, 3, 1], "texture": "#6"},
				"east": {"uv": [0, 0, 3, 1], "texture": "#6"},
				"south": {"uv": [0, 0, 3, 1], "texture": "#6"},
				"west": {"uv": [0, 0, 3, 1], "texture": "#6"},
				"up": {"uv": [0, 0, 3, 1], "rotation": 270, "texture": "#6"},
				"down": {"uv": [0, 0, 3, 1], "rotation": 90, "texture": "#6"}
			}
		},
		{
			"name": "base",
			"from": [5, -4.925, 13.9],
			"to": [11, 1.075, 14.9],
			"rotation": {"angle": -22.5, "axis": "x", "origin": [-3, 0.075, 14.9]},
			"faces": {
				"north": {"uv": [0, 0, 3, 1], "texture": "#6"},
				"east": {"uv": [0, 0, 3, 1], "texture": "#6"},
				"south": {"uv": [0, 0, 3, 1], "texture": "#6"},
				"west": {"uv": [0, 0, 3, 1], "texture": "#6"},
				"up": {"uv": [0, 0, 3, 1], "rotation": 270, "texture": "#6"},
				"down": {"uv": [0, 0, 3, 1], "rotation": 90, "texture": "#6"}
			}
		},
		{
			"name": "base",
			"from": [7, 1, 8.5],
			"to": [9, 2, 14.5],
			"rotation": {"angle": 0, "axis": "y", "origin": [5, 0, 0.5]},
			"faces": {
				"north": {"uv": [0, 0, 3, 1], "texture": "#6"},
				"east": {"uv": [0, 0, 3, 1], "texture": "#6"},
				"south": {"uv": [0, 0, 3, 1], "texture": "#6"},
				"west": {"uv": [0, 0, 3, 1], "texture": "#6"},
				"up": {"uv": [0, 0, 3, 1], "texture": "#6"},
				"down": {"uv": [0, 0, 3, 1], "texture": "#6"}
			}
		},
		{
			"name": "base",
			"from": [10, 1, 10.5],
			"to": [11, 2, 12.5],
			"rotation": {"angle": 0, "axis": "y", "origin": [5, 0, 0.5]},
			"faces": {
				"north": {"uv": [0, 0, 3, 1], "texture": "#6"},
				"east": {"uv": [0, 0, 3, 1], "texture": "#6"},
				"south": {"uv": [0, 0, 3, 1], "texture": "#6"},
				"west": {"uv": [0, 0, 3, 1], "texture": "#6"},
				"up": {"uv": [0, 0, 3, 1], "texture": "#6"},
				"down": {"uv": [0, 0, 3, 1], "texture": "#6"}
			}
		},
		{
			"name": "base",
			"from": [5, 1, 10.5],
			"to": [6, 2, 12.5],
			"rotation": {"angle": 0, "axis": "y", "origin": [5, 0, 0.5]},
			"faces": {
				"north": {"uv": [0, 0, 3, 1], "texture": "#6"},
				"east": {"uv": [0, 0, 3, 1], "texture": "#6"},
				"south": {"uv": [0, 0, 3, 1], "texture": "#6"},
				"west": {"uv": [0, 0, 3, 1], "texture": "#6"},
				"up": {"uv": [0, 0, 3, 1], "texture": "#6"},
				"down": {"uv": [0, 0, 3, 1], "texture": "#6"}
			}
		},
		{
			"name": "base",
			"from": [6, 1, 9.5],
			"to": [7, 2, 13.5],
			"rotation": {"angle": 0, "axis": "y", "origin": [5, 0, 0.5]},
			"faces": {
				"north": {"uv": [0, 0, 3, 1], "texture": "#6"},
				"east": {"uv": [0, 0, 3, 1], "texture": "#6"},
				"south": {"uv": [0, 0, 3, 1], "texture": "#6"},
				"west": {"uv": [0, 0, 3, 1], "texture": "#6"},
				"up": {"uv": [0, 0, 3, 1], "texture": "#6"},
				"down": {"uv": [0, 0, 3, 1], "texture": "#6"}
			}
		},
		{
			"name": "base",
			"from": [9, 1, 9.5],
			"to": [10, 2, 13.5],
			"rotation": {"angle": 0, "axis": "y", "origin": [5, 0, 0.5]},
			"faces": {
				"north": {"uv": [0, 0, 3, 1], "texture": "#6"},
				"east": {"uv": [0, 0, 3, 1], "texture": "#6"},
				"south": {"uv": [0, 0, 3, 1], "texture": "#6"},
				"west": {"uv": [0, 0, 3, 1], "texture": "#6"},
				"up": {"uv": [0, 0, 3, 1], "texture": "#6"},
				"down": {"uv": [0, 0, 3, 1], "texture": "#6"}
			}
		},
		{
			"name": "base",
			"from": [8.425, 1, 9.5],
			"to": [9.425, 2, 12.325],
			"rotation": {"angle": 45, "axis": "y", "origin": [8, 0, 9.5]},
			"faces": {
				"north": {"uv": [0, 0, 3, 1], "texture": "#6"},
				"east": {"uv": [0, 0, 3, 1], "texture": "#6"},
				"south": {"uv": [0, 0, 3, 1], "texture": "#6"},
				"west": {"uv": [0, 0, 3, 1], "texture": "#6"},
				"up": {"uv": [0, 0, 3, 1], "texture": "#6"},
				"down": {"uv": [0, 0, 3, 1], "texture": "#6"}
			}
		},
		{
			"name": "base",
			"from": [3.05, 1, 9.2],
			"to": [4.05, 2, 12.025],
			"rotation": {"angle": 45, "axis": "y", "origin": [8, 0, 8.5]},
			"faces": {
				"north": {"uv": [0, 0, 3, 1], "texture": "#6"},
				"east": {"uv": [0, 0, 3, 1], "texture": "#6"},
				"south": {"uv": [0, 0, 3, 1], "texture": "#6"},
				"west": {"uv": [0, 0, 3, 1], "texture": "#6"},
				"up": {"uv": [0, 0, 3, 1], "texture": "#6"},
				"down": {"uv": [0, 0, 3, 1], "texture": "#6"}
			}
		},
		{
			"name": "base",
			"from": [5.175, 1, 8.075],
			"to": [8, 2, 9.075],
			"rotation": {"angle": 45, "axis": "y", "origin": [8, 0, 9.5]},
			"faces": {
				"north": {"uv": [0, 0, 3, 1], "texture": "#6"},
				"east": {"uv": [0, 0, 3, 1], "texture": "#6"},
				"south": {"uv": [0, 0, 3, 1], "texture": "#6"},
				"west": {"uv": [0, 0, 3, 1], "texture": "#6"},
				"up": {"uv": [0, 0, 3, 1], "rotation": 270, "texture": "#6"},
				"down": {"uv": [0, 0, 3, 1], "rotation": 90, "texture": "#6"}
			}
		},
		{
			"name": "base",
			"from": [4.475, 1, 12.45],
			"to": [7.3, 2, 13.45],
			"rotation": {"angle": 45, "axis": "y", "origin": [8, 0, 8.5]},
			"faces": {
				"north": {"uv": [0, 0, 3, 1], "texture": "#6"},
				"east": {"uv": [0, 0, 3, 1], "texture": "#6"},
				"south": {"uv": [0, 0, 3, 1], "texture": "#6"},
				"west": {"uv": [0, 0, 3, 1], "texture": "#6"},
				"up": {"uv": [0, 0, 3, 1], "rotation": 270, "texture": "#6"},
				"down": {"uv": [0, 0, 3, 1], "rotation": 90, "texture": "#6"}
			}
		}
	],
	"groups": [
		{
			"name": "base",
			"origin": [-8, 16, -27],
			"color": 0,
			"children": [0, 1, 2, 3, 4, 5, 6, 7, 8, 9, 10, 11, 12, 13, 14, 15, 16, 17, 18, 19, 20, 21, 22, 23, 24, 25, 26, 27, 28]
		}
	]
}