{
	"credit": "Made with Blockbench by Mc_Jeronimo",
	"texture_size": [32, 32],
	"textures": {
		"0": "opensignals:blocks/projekt675signale/default/shield_black",
		"1": "opensignals:blocks/projekt675signale/default/white",
		"particle": "opensignals:blocks/projekt675signale/default/shield_black"
	},
	"elements": [
		{
			"name": "number",
			"from": [5, -2, 4],
			"to": [11, 3, 5],
			"faces": {
				"north": {"uv": [0, 0, 3, 2.5], "texture": "#1"},
				"east": {"uv": [0, 0, 0.5, 2.5], "texture": "#0"},
				"south": {"uv": [0, 0, 3, 2.5], "texture": "#0"},
				"west": {"uv": [0, 0, 0.5, 2.5], "texture": "#0"},
				"up": {"uv": [0, 0, 0, 0], "texture": "#0"},
				"down": {"uv": [0, 0, 3, 0.5], "texture": "#0"}
			}
		}
	],
	"groups": [
		{
			"name": "number",
			"origin": [-2, 11, -1],
			"color": 0,
			"children": [0]
		}
	]
}