{
	"credit": "Made with Blockbench by Mc_Jeronimo",
	"texture_size": [32, 32],
	"textures": {
		"0": "opensignals:blocks/projekt675signale/ne/ne2",
		"1": "opensignals:blocks/projekt675signale/default/shield_black",
		"particle": "opensignals:blocks/projekt675signale/ne/ne2"
	},
	"elements": [
		{
			"name": "ne2",
			"from": [3, 5, 9],
			"to": [13, 19, 10],
			"faces": {
				"north": {"uv": [0, 0, 10.7218, 16], "texture": "#0"},
				"east": {"uv": [0, 0, 0.5, 7], "texture": "#1"},
				"south": {"uv": [0, 0, 5, 7], "texture": "#1"},
				"west": {"uv": [0, 0, 0.5, 7], "texture": "#1"},
				"up": {"uv": [0, 0, 5, 0.5], "texture": "#1"},
				"down": {"uv": [0, 0, 5, 0.5], "texture": "#1"}
			}
		}
	],
	"groups": [
		{
			"name": "ne2",
			"origin": [-5, 5, -1],
			"color": 0,
			"children": [0]
		}
	]
}