{
	"credit": "Made with Blockbench by Mc_Jeronimo",
	"texture_size": [32, 32],
	"textures": {
		"0": "opensignals:blocks/projekt675signale/default/shield_black",
		"1": "opensignals:blocks/projekt675signale/default/shield_gray",
		"particle": "opensignals:blocks/projekt675signale/default/shield_black",
		"lamp_rednorth": "opensignals:blocks/projekt675signale/lamps/lamp_dark",
		"lamp_greennorth": "opensignals:blocks/projekt675signale/lamps/lamp_dark",
		"lamp_yellownorth": "opensignals:blocks/projekt675signale/lamps/lamp_dark",
		"lamp_white_kennlichtnorth": "opensignals:blocks/projekt675signale/lamps/lamp_dark",
		"lamp_white_sh_zs1north": "opensignals:blocks/projekt675signale/lamps/lamp_dark",
		"lamp_white_shnorth": "opensignals:blocks/projekt675signale/lamps/lamp_dark",
		"lamp_white_zs7north": "opensignals:blocks/projekt675signale/lamps/lamp_dark"
	},
	"elements": [
		{
			"name": "lamp_red",
			"from": [6, 13.75, 5.9],
			"to": [10, 17.75, 5.9],
			"faces": {
				"north": {"uv": [0, 0, 4.3125, 4.3125], "texture": "#lamp_rednorth"}
			}
		},
		{
			"name": "lamp_green",
			"from": [8.5, 8.75, 5.9],
			"to": [12.5, 12.75, 5.9],
			"faces": {
				"north": {"uv": [0, 0, 4.3125, 4.3125], "texture": "#lamp_greennorth"}
			}
		},
		{
			"name": "lamp_yellow",
			"from": [3.5, 8.75, 5.9],
			"to": [7.5, 12.75, 5.9],
			"faces": {
				"north": {"uv": [0, 0, 4.3125, 4.3125], "texture": "#lamp_yellownorth"}
			}
		},
		{
			"name": "lamp_white_kennlicht",
			"from": [10, 18, 5.9],
			"to": [12, 20, 5.9],
			"faces": {
				"north": {"uv": [0, 0, 4.3125, 4.3125], "texture": "#lamp_white_kennlichtnorth"}
			}
		},
		{
			"name": "lamp_white_sh_zs1",
			"from": [7, 5.5, 5.9],
			"to": [9, 7.5, 5.9],
			"rotation": {"angle": 0, "axis": "y", "origin": [0, 0.5, 0]},
			"faces": {
				"north": {"uv": [0, 0, 4.3125, 4.3125], "texture": "#lamp_white_sh_zs1north"}
			}
		},
		{
			"name": "lamp_white_sh",
			"from": [10, 1.5, 5.9],
			"to": [12, 3.5, 5.9],
			"rotation": {"angle": 0, "axis": "y", "origin": [0, 0.5, 0]},
			"faces": {
				"north": {"uv": [0, 0, 4.3125, 4.3125], "texture": "#lamp_white_shnorth"}
			}
		},
		{
			"name": "lamp_white_zs7",
			"from": [10, 5.5, 5.9],
			"to": [12, 7.5, 5.9],
			"rotation": {"angle": 0, "axis": "y", "origin": [0, 0.5, 0]},
			"faces": {
				"north": {"uv": [0, 0, 4.3125, 4.3125], "texture": "#lamp_white_zs7north"}
			}
		},
		{
			"name": "lamp_white_zs7",
			"from": [7, 1.5, 5.9],
			"to": [9, 3.5, 5.9],
			"rotation": {"angle": 0, "axis": "y", "origin": [0, 0.5, 0]},
			"faces": {
				"north": {"uv": [0, 0, 4.3125, 4.3125], "texture": "#lamp_white_zs7north"}
			}
		},
		{
			"name": "lamp_white_zs7",
			"from": [4, 5.5, 5.9],
			"to": [6, 7.5, 5.9],
			"rotation": {"angle": 0, "axis": "y", "origin": [0, 0.5, 0]},
			"faces": {
				"north": {"uv": [0, 0, 4.3125, 4.3125], "texture": "#lamp_white_zs7north"}
			}
		},
		{
			"name": "hoods1_3",
			"from": [8.475, 17.214, 2],
			"to": [9.175, 17.489, 6],
			"rotation": {"angle": -22.5, "axis": "z", "origin": [9.875, 17.225, 6]},
			"faces": {
				"north": {"uv": [0, 0, 0.5, 0.5], "rotation": 90, "texture": "#0"},
				"east": {"uv": [0, 0, 0.5, 1], "rotation": 270, "texture": "#0"},
				"west": {"uv": [0, 0, 0.5, 1], "rotation": 270, "texture": "#0"},
				"up": {"uv": [0, 0, 1, 0.5], "rotation": 270, "texture": "#0"},
				"down": {"uv": [0, 0, 1, 0.5], "rotation": 270, "texture": "#0"}
			}
		},
		{
			"name": "hoods1_3",
			"from": [7.119, 18.647, 2],
			"to": [7.819, 18.922, 6],
			"rotation": {"angle": 22.5, "axis": "z", "origin": [9.875, 17.225, 6]},
			"faces": {
				"north": {"uv": [0, 0, 0.5, 0.5], "rotation": 90, "texture": "#0"},
				"east": {"uv": [0, 0, 0.5, 1], "rotation": 270, "texture": "#0"},
				"west": {"uv": [0, 0, 0.5, 1], "rotation": 270, "texture": "#0"},
				"up": {"uv": [0, 0, 1, 0.5], "rotation": 270, "texture": "#0"},
				"down": {"uv": [0, 0, 1, 0.5], "rotation": 270, "texture": "#0"}
			}
		},
		{
			"name": "hoods1_3",
			"from": [9.575, 17.1, 4],
			"to": [9.85, 17.975, 6],
			"rotation": {"angle": 45, "axis": "z", "origin": [9.875, 17.225, 6]},
			"faces": {
				"north": {"uv": [0, 0, 0.5, 0.5], "texture": "#0"},
				"east": {"uv": [0, 0, 1, 0.5], "texture": "#0"},
				"west": {"uv": [0, 0, 1, 0.5], "texture": "#0"},
				"up": {"uv": [0, 0, 0.5, 1], "texture": "#0"},
				"down": {"uv": [0, 0, 0.5, 1], "texture": "#0"}
			}
		},
		{
			"name": "hoods1_3",
			"from": [7.103, 19.572, 4],
			"to": [7.978, 19.847, 6],
			"rotation": {"angle": 45, "axis": "z", "origin": [9.875, 17.225, 6]},
			"faces": {
				"north": {"uv": [0, 0, 0.5, 0.5], "rotation": 90, "texture": "#0"},
				"east": {"uv": [0, 0, 0.5, 1], "rotation": 270, "texture": "#0"},
				"west": {"uv": [0, 0, 0.5, 1], "rotation": 270, "texture": "#0"},
				"up": {"uv": [0, 0, 1, 0.5], "rotation": 270, "texture": "#0"},
				"down": {"uv": [0, 0, 1, 0.5], "rotation": 270, "texture": "#0"}
			}
		},
		{
			"name": "hoods1_3",
			"from": [9.625, 16.425, 4],
			"to": [9.9, 17.1, 6],
			"rotation": {"angle": 22.5, "axis": "z", "origin": [9.875, 17.225, 6]},
			"faces": {
				"north": {"uv": [0, 0, 0.5, 0.5], "texture": "#0"},
				"east": {"uv": [0, 0, 1, 0.5], "texture": "#0"},
				"west": {"uv": [0, 0, 1, 0.5], "texture": "#0"},
				"up": {"uv": [0, 0, 0.5, 1], "texture": "#0"},
				"down": {"uv": [0, 0, 0.5, 1], "texture": "#0"}
			}
		},
		{
			"name": "hoods1_3",
			"from": [6.392, 14.992, 4],
			"to": [6.667, 15.667, 6],
			"rotation": {"angle": -22.5, "axis": "z", "origin": [9.875, 17.225, 6]},
			"faces": {
				"north": {"uv": [0, 0, 0.5, 0.5], "texture": "#0"},
				"east": {"uv": [0, 0, 1, 0.5], "texture": "#0"},
				"west": {"uv": [0, 0, 1, 0.5], "texture": "#0"},
				"up": {"uv": [0, 0, 0.5, 1], "texture": "#0"},
				"down": {"uv": [0, 0, 0.5, 1], "texture": "#0"}
			}
		},
		{
			"name": "hoods1_1",
			"from": [9.95, 15.675, 5],
			"to": [10.2, 16.5, 6],
			"faces": {
				"north": {"uv": [0, 0, 0.5, 1], "texture": "#0"},
				"east": {"uv": [0, 0, 0.5, 1], "texture": "#0"},
				"west": {"uv": [0, 0, 0.5, 1], "texture": "#0"},
				"up": {"uv": [0, 0, 0.5, 0.5], "texture": "#0"},
				"down": {"uv": [0, 0, 0.5, 0.5], "texture": "#0"}
			}
		},
		{
			"name": "hoods1_1",
			"from": [5.8, 15.675, 5],
			"to": [6.05, 16.5, 6],
			"faces": {
				"north": {"uv": [0, 0, 0.5, 1], "texture": "#0"},
				"east": {"uv": [0, 0, 0.5, 1], "texture": "#0"},
				"west": {"uv": [0, 0, 0.5, 1], "texture": "#0"},
				"up": {"uv": [0, 0, 0.5, 0.5], "texture": "#0"},
				"down": {"uv": [0, 0, 0.5, 0.5], "texture": "#0"}
			}
		},
		{
			"name": "hoods1_2",
			"from": [7.325, 17.745, 2],
			"to": [8.685, 18.005, 6],
			"faces": {
				"north": {"uv": [0, 0, 0.5, 0.5], "texture": "#0"},
				"east": {"uv": [0, 0, 1, 0.5], "texture": "#0"},
				"west": {"uv": [0, 0, 1, 0.5], "texture": "#0"},
				"up": {"uv": [0, 0, 1, 0.5], "texture": "#0"},
				"down": {"uv": [0, 0, 1, 0.5], "texture": "#0"}
			}
		},
		{
			"name": "hoods1_3",
			"from": [5.975, 12.214, 2],
			"to": [6.675, 12.489, 6],
			"rotation": {"angle": -22.5, "axis": "z", "origin": [7.375, 12.225, 6]},
			"faces": {
				"north": {"uv": [0, 0, 0.5, 0.5], "rotation": 90, "texture": "#0"},
				"east": {"uv": [0, 0, 0.5, 1], "rotation": 270, "texture": "#0"},
				"west": {"uv": [0, 0, 0.5, 1], "rotation": 270, "texture": "#0"},
				"up": {"uv": [0, 0, 1, 0.5], "rotation": 270, "texture": "#0"},
				"down": {"uv": [0, 0, 1, 0.5], "rotation": 270, "texture": "#0"}
			}
		},
		{
			"name": "hoods1_3",
			"from": [4.619, 13.647, 2],
			"to": [5.319, 13.922, 6],
			"rotation": {"angle": 22.5, "axis": "z", "origin": [7.375, 12.225, 6]},
			"faces": {
				"north": {"uv": [0, 0, 0.5, 0.5], "rotation": 90, "texture": "#0"},
				"east": {"uv": [0, 0, 0.5, 1], "rotation": 270, "texture": "#0"},
				"west": {"uv": [0, 0, 0.5, 1], "rotation": 270, "texture": "#0"},
				"up": {"uv": [0, 0, 1, 0.5], "rotation": 270, "texture": "#0"},
				"down": {"uv": [0, 0, 1, 0.5], "rotation": 270, "texture": "#0"}
			}
		},
		{
			"name": "hoods1_3",
			"from": [7.075, 12.1, 4],
			"to": [7.35, 12.975, 6],
			"rotation": {"angle": 45, "axis": "z", "origin": [7.375, 12.225, 6]},
			"faces": {
				"north": {"uv": [0, 0, 0.5, 0.5], "texture": "#0"},
				"east": {"uv": [0, 0, 1, 0.5], "texture": "#0"},
				"west": {"uv": [0, 0, 1, 0.5], "texture": "#0"},
				"up": {"uv": [0, 0, 0.5, 1], "texture": "#0"},
				"down": {"uv": [0, 0, 0.5, 1], "texture": "#0"}
			}
		},
		{
			"name": "hoods1_3",
			"from": [4.603, 14.572, 4],
			"to": [5.478, 14.847, 6],
			"rotation": {"angle": 45, "axis": "z", "origin": [7.375, 12.225, 6]},
			"faces": {
				"north": {"uv": [0, 0, 0.5, 0.5], "rotation": 90, "texture": "#0"},
				"east": {"uv": [0, 0, 0.5, 1], "rotation": 270, "texture": "#0"},
				"west": {"uv": [0, 0, 0.5, 1], "rotation": 270, "texture": "#0"},
				"up": {"uv": [0, 0, 1, 0.5], "rotation": 270, "texture": "#0"},
				"down": {"uv": [0, 0, 1, 0.5], "rotation": 270, "texture": "#0"}
			}
		},
		{
			"name": "hoods1_3",
			"from": [7.125, 11.425, 4],
			"to": [7.4, 12.1, 6],
			"rotation": {"angle": 22.5, "axis": "z", "origin": [7.375, 12.225, 6]},
			"faces": {
				"north": {"uv": [0, 0, 0.5, 0.5], "texture": "#0"},
				"east": {"uv": [0, 0, 1, 0.5], "texture": "#0"},
				"west": {"uv": [0, 0, 1, 0.5], "texture": "#0"},
				"up": {"uv": [0, 0, 0.5, 1], "texture": "#0"},
				"down": {"uv": [0, 0, 0.5, 1], "texture": "#0"}
			}
		},
		{
			"name": "hoods1_3",
			"from": [3.892, 9.992, 4],
			"to": [4.167, 10.667, 6],
			"rotation": {"angle": -22.5, "axis": "z", "origin": [7.375, 12.225, 6]},
			"faces": {
				"north": {"uv": [0, 0, 0.5, 0.5], "texture": "#0"},
				"east": {"uv": [0, 0, 1, 0.5], "texture": "#0"},
				"west": {"uv": [0, 0, 1, 0.5], "texture": "#0"},
				"up": {"uv": [0, 0, 0.5, 1], "texture": "#0"},
				"down": {"uv": [0, 0, 0.5, 1], "texture": "#0"}
			}
		},
		{
			"name": "hoods1_1",
			"from": [7.45, 10.675, 5],
			"to": [7.7, 11.5, 6],
			"rotation": {"angle": 0, "axis": "y", "origin": [-2.5, -5, 0]},
			"faces": {
				"north": {"uv": [0, 0, 0.5, 1], "texture": "#0"},
				"east": {"uv": [0, 0, 0.5, 1], "texture": "#0"},
				"west": {"uv": [0, 0, 0.5, 1], "texture": "#0"},
				"up": {"uv": [0, 0, 0.5, 0.5], "texture": "#0"},
				"down": {"uv": [0, 0, 0.5, 0.5], "texture": "#0"}
			}
		},
		{
			"name": "hoods1_1",
			"from": [3.3, 10.675, 5],
			"to": [3.55, 11.5, 6],
			"rotation": {"angle": 0, "axis": "y", "origin": [-2.5, -5, 0]},
			"faces": {
				"north": {"uv": [0, 0, 0.5, 1], "texture": "#0"},
				"east": {"uv": [0, 0, 0.5, 1], "texture": "#0"},
				"west": {"uv": [0, 0, 0.5, 1], "texture": "#0"},
				"up": {"uv": [0, 0, 0.5, 0.5], "texture": "#0"},
				"down": {"uv": [0, 0, 0.5, 0.5], "texture": "#0"}
			}
		},
		{
			"name": "hoods1_2",
			"from": [4.825, 12.745, 2],
			"to": [6.185, 13.005, 6],
			"rotation": {"angle": 0, "axis": "y", "origin": [-2.5, -5, 0]},
			"faces": {
				"north": {"uv": [0, 0, 0.5, 0.5], "texture": "#0"},
				"east": {"uv": [0, 0, 1, 0.5], "texture": "#0"},
				"west": {"uv": [0, 0, 1, 0.5], "texture": "#0"},
				"up": {"uv": [0, 0, 1, 0.5], "texture": "#0"},
				"down": {"uv": [0, 0, 1, 0.5], "texture": "#0"}
			}
		},
		{
			"name": "hoods1_3",
			"from": [10.975, 12.214, 2],
			"to": [11.675, 12.489, 6],
			"rotation": {"angle": -22.5, "axis": "z", "origin": [12.375, 12.225, 6]},
			"faces": {
				"north": {"uv": [0, 0, 0.5, 0.5], "rotation": 90, "texture": "#0"},
				"east": {"uv": [0, 0, 0.5, 1], "rotation": 270, "texture": "#0"},
				"west": {"uv": [0, 0, 0.5, 1], "rotation": 270, "texture": "#0"},
				"up": {"uv": [0, 0, 1, 0.5], "rotation": 270, "texture": "#0"},
				"down": {"uv": [0, 0, 1, 0.5], "rotation": 270, "texture": "#0"}
			}
		},
		{
			"name": "hoods1_3",
			"from": [9.619, 13.647, 2],
			"to": [10.319, 13.922, 6],
			"rotation": {"angle": 22.5, "axis": "z", "origin": [12.375, 12.225, 6]},
			"faces": {
				"north": {"uv": [0, 0, 0.5, 0.5], "rotation": 90, "texture": "#0"},
				"east": {"uv": [0, 0, 0.5, 1], "rotation": 270, "texture": "#0"},
				"west": {"uv": [0, 0, 0.5, 1], "rotation": 270, "texture": "#0"},
				"up": {"uv": [0, 0, 1, 0.5], "rotation": 270, "texture": "#0"},
				"down": {"uv": [0, 0, 1, 0.5], "rotation": 270, "texture": "#0"}
			}
		},
		{
			"name": "hoods1_3",
			"from": [12.075, 12.1, 4],
			"to": [12.35, 12.975, 6],
			"rotation": {"angle": 45, "axis": "z", "origin": [12.375, 12.225, 6]},
			"faces": {
				"north": {"uv": [0, 0, 0.5, 0.5], "texture": "#0"},
				"east": {"uv": [0, 0, 1, 0.5], "texture": "#0"},
				"west": {"uv": [0, 0, 1, 0.5], "texture": "#0"},
				"up": {"uv": [0, 0, 0.5, 1], "texture": "#0"},
				"down": {"uv": [0, 0, 0.5, 1], "texture": "#0"}
			}
		},
		{
			"name": "hoods1_3",
			"from": [9.603, 14.572, 4],
			"to": [10.478, 14.847, 6],
			"rotation": {"angle": 45, "axis": "z", "origin": [12.375, 12.225, 6]},
			"faces": {
				"north": {"uv": [0, 0, 0.5, 0.5], "rotation": 90, "texture": "#0"},
				"east": {"uv": [0, 0, 0.5, 1], "rotation": 270, "texture": "#0"},
				"west": {"uv": [0, 0, 0.5, 1], "rotation": 270, "texture": "#0"},
				"up": {"uv": [0, 0, 1, 0.5], "rotation": 270, "texture": "#0"},
				"down": {"uv": [0, 0, 1, 0.5], "rotation": 270, "texture": "#0"}
			}
		},
		{
			"name": "hoods1_3",
			"from": [12.125, 11.425, 4],
			"to": [12.4, 12.1, 6],
			"rotation": {"angle": 22.5, "axis": "z", "origin": [12.375, 12.225, 6]},
			"faces": {
				"north": {"uv": [0, 0, 0.5, 0.5], "texture": "#0"},
				"east": {"uv": [0, 0, 1, 0.5], "texture": "#0"},
				"west": {"uv": [0, 0, 1, 0.5], "texture": "#0"},
				"up": {"uv": [0, 0, 0.5, 1], "texture": "#0"},
				"down": {"uv": [0, 0, 0.5, 1], "texture": "#0"}
			}
		},
		{
			"name": "hoods1_3",
			"from": [8.892, 9.992, 4],
			"to": [9.167, 10.667, 6],
			"rotation": {"angle": -22.5, "axis": "z", "origin": [12.375, 12.225, 6]},
			"faces": {
				"north": {"uv": [0, 0, 0.5, 0.5], "texture": "#0"},
				"east": {"uv": [0, 0, 1, 0.5], "texture": "#0"},
				"west": {"uv": [0, 0, 1, 0.5], "texture": "#0"},
				"up": {"uv": [0, 0, 0.5, 1], "texture": "#0"},
				"down": {"uv": [0, 0, 0.5, 1], "texture": "#0"}
			}
		},
		{
			"name": "hoods1_1",
			"from": [12.45, 10.675, 5],
			"to": [12.7, 11.5, 6],
			"rotation": {"angle": 0, "axis": "y", "origin": [2.5, -5, 0]},
			"faces": {
				"north": {"uv": [0, 0, 0.5, 1], "texture": "#0"},
				"east": {"uv": [0, 0, 0.5, 1], "texture": "#0"},
				"west": {"uv": [0, 0, 0.5, 1], "texture": "#0"},
				"up": {"uv": [0, 0, 0.5, 0.5], "texture": "#0"},
				"down": {"uv": [0, 0, 0.5, 0.5], "texture": "#0"}
			}
		},
		{
			"name": "hoods1_1",
			"from": [8.3, 10.675, 5],
			"to": [8.55, 11.5, 6],
			"rotation": {"angle": 0, "axis": "y", "origin": [2.5, -5, 0]},
			"faces": {
				"north": {"uv": [0, 0, 0.5, 1], "texture": "#0"},
				"east": {"uv": [0, 0, 0.5, 1], "texture": "#0"},
				"west": {"uv": [0, 0, 0.5, 1], "texture": "#0"},
				"up": {"uv": [0, 0, 0.5, 0.5], "texture": "#0"},
				"down": {"uv": [0, 0, 0.5, 0.5], "texture": "#0"}
			}
		},
		{
			"name": "hoods1_2",
			"from": [9.825, 12.745, 2],
			"to": [11.185, 13.005, 6],
			"rotation": {"angle": 0, "axis": "y", "origin": [2.5, -5, 0]},
			"faces": {
				"north": {"uv": [0, 0, 0.5, 0.5], "texture": "#0"},
				"east": {"uv": [0, 0, 1, 0.5], "texture": "#0"},
				"west": {"uv": [0, 0, 1, 0.5], "texture": "#0"},
				"up": {"uv": [0, 0, 1, 0.5], "texture": "#0"},
				"down": {"uv": [0, 0, 1, 0.5], "texture": "#0"}
			}
		},
		{
			"name": "hoods1_2",
			"from": [7.683, 7.424, 4],
			"to": [8.319, 7.684, 6],
			"rotation": {"angle": 0, "axis": "z", "origin": [7.975, 7.625, 6]},
			"faces": {
				"north": {"uv": [0, 0, 0.5, 0.5], "rotation": 180, "texture": "#0"},
				"east": {"uv": [0, 0, 1, 0.5], "rotation": 180, "texture": "#0"},
				"west": {"uv": [0, 0, 1, 0.5], "rotation": 180, "texture": "#0"},
				"up": {"uv": [0, 0, 1, 0.5], "rotation": 180, "texture": "#0"},
				"down": {"uv": [0, 0, 1, 0.5], "rotation": 180, "texture": "#0"}
			}
		},
		{
			"name": "hoods1_2",
			"from": [7.301, 7.527, 4],
			"to": [7.765, 7.787, 6],
			"rotation": {"angle": 22.5, "axis": "z", "origin": [7.991, 7.537, 6]},
			"faces": {
				"north": {"uv": [0, 0, 0.5, 0.5], "texture": "#0"},
				"east": {"uv": [0, 0, 1, 0.5], "texture": "#0"},
				"west": {"uv": [0, 0, 1, 0.5], "texture": "#0"},
				"up": {"uv": [0, 0, 1, 0.5], "texture": "#0"},
				"down": {"uv": [0, 0, 1, 0.5], "texture": "#0"}
			}
		},
		{
			"name": "hoods1_2",
			"from": [8.241, 7.535, 4],
			"to": [8.705, 7.795, 6],
			"rotation": {"angle": -22.5, "axis": "z", "origin": [7.991, 7.537, 6]},
			"faces": {
				"north": {"uv": [0, 0, 0.5, 0.5], "rotation": 180, "texture": "#0"},
				"east": {"uv": [0, 0, 1, 0.5], "rotation": 180, "texture": "#0"},
				"west": {"uv": [0, 0, 1, 0.5], "rotation": 180, "texture": "#0"},
				"up": {"uv": [0, 0, 1, 0.5], "rotation": 180, "texture": "#0"},
				"down": {"uv": [0, 0, 1, 0.5], "rotation": 180, "texture": "#0"}
			}
		},
		{
			"name": "hoods1_2",
			"from": [7.091, 7.772, 5],
			"to": [7.451, 8.032, 6],
			"rotation": {"angle": 45, "axis": "z", "origin": [7.991, 7.537, 6]},
			"faces": {
				"north": {"uv": [0, 0, 0.5, 0.5], "texture": "#0"},
				"east": {"uv": [0, 0, 1, 0.5], "texture": "#0"},
				"west": {"uv": [0, 0, 1, 0.5], "texture": "#0"},
				"up": {"uv": [0, 0, 1, 0.5], "texture": "#0"},
				"down": {"uv": [0, 0, 1, 0.5], "texture": "#0"}
			}
		},
		{
			"name": "hoods1_2",
			"from": [8.232, 6.613, 5],
			"to": [8.492, 6.973, 6],
			"rotation": {"angle": 45, "axis": "z", "origin": [7.991, 7.537, 6]},
			"faces": {
				"north": {"uv": [0, 0, 0.5, 0.5], "rotation": 90, "texture": "#0"},
				"east": {"uv": [0, 0, 1, 0.5], "rotation": 270, "texture": "#0"},
				"west": {"uv": [0, 0, 1, 0.5], "rotation": 270, "texture": "#0"},
				"up": {"uv": [0, 0, 1, 0.5], "rotation": 270, "texture": "#0"},
				"down": {"uv": [0, 0, 1, 0.5], "rotation": 270, "texture": "#0"}
			}
		},
		{
			"name": "hoods1_2",
			"from": [7.093, 6.296, 5],
			"to": [7.353, 6.904, 6],
			"rotation": {"angle": -22.5, "axis": "z", "origin": [7.895, 7.297, 6]},
			"faces": {
				"north": {"uv": [0, 0, 0.5, 0.5], "rotation": 90, "texture": "#0"},
				"east": {"uv": [0, 0, 1, 0.5], "rotation": 270, "texture": "#0"},
				"west": {"uv": [0, 0, 1, 0.5], "rotation": 270, "texture": "#0"},
				"up": {"uv": [0, 0, 1, 0.5], "rotation": 270, "texture": "#0"},
				"down": {"uv": [0, 0, 1, 0.5], "rotation": 270, "texture": "#0"}
			}
		},
		{
			"name": "hoods1_2",
			"from": [8.633, 6.216, 5],
			"to": [8.893, 6.824, 6],
			"rotation": {"angle": 22.5, "axis": "z", "origin": [7.895, 7.297, 6]},
			"faces": {
				"north": {"uv": [0, 0, 0.5, 0.5], "rotation": 90, "texture": "#0"},
				"east": {"uv": [0, 0, 1, 0.5], "rotation": 270, "texture": "#0"},
				"west": {"uv": [0, 0, 1, 0.5], "rotation": 270, "texture": "#0"},
				"up": {"uv": [0, 0, 1, 0.5], "rotation": 270, "texture": "#0"},
				"down": {"uv": [0, 0, 1, 0.5], "rotation": 270, "texture": "#0"}
			}
		},
		{
			"name": "hoods1_2",
			"from": [6.771, 6.224, 5],
			"to": [7.031, 6.68, 6],
			"rotation": {"angle": 0, "axis": "z", "origin": [7.895, 7.297, 6]},
			"faces": {
				"north": {"uv": [0, 0, 0.5, 0.5], "rotation": 90, "texture": "#0"},
				"east": {"uv": [0, 0, 1, 0.5], "rotation": 270, "texture": "#0"},
				"west": {"uv": [0, 0, 1, 0.5], "rotation": 270, "texture": "#0"},
				"up": {"uv": [0, 0, 1, 0.5], "rotation": 270, "texture": "#0"},
				"down": {"uv": [0, 0, 1, 0.5], "rotation": 270, "texture": "#0"}
			}
		},
		{
			"name": "hoods1_2",
			"from": [8.971, 6.224, 5],
			"to": [9.231, 6.68, 6],
			"rotation": {"angle": 0, "axis": "y", "origin": [7.895, 7.297, 6]},
			"faces": {
				"north": {"uv": [0, 0, 0.5, 0.5], "rotation": 90, "texture": "#0"},
				"east": {"uv": [0, 0, 1, 0.5], "rotation": 270, "texture": "#0"},
				"west": {"uv": [0, 0, 1, 0.5], "rotation": 270, "texture": "#0"},
				"up": {"uv": [0, 0, 1, 0.5], "rotation": 270, "texture": "#0"},
				"down": {"uv": [0, 0, 1, 0.5], "rotation": 270, "texture": "#0"}
			}
		},
		{
			"name": "hoods1_2",
			"from": [4.683, 7.424, 4],
			"to": [5.319, 7.684, 6],
			"rotation": {"angle": 0, "axis": "y", "origin": [4.975, 7.625, 6]},
			"faces": {
				"north": {"uv": [0, 0, 0.5, 0.5], "rotation": 180, "texture": "#0"},
				"east": {"uv": [0, 0, 1, 0.5], "rotation": 180, "texture": "#0"},
				"west": {"uv": [0, 0, 1, 0.5], "rotation": 180, "texture": "#0"},
				"up": {"uv": [0, 0, 1, 0.5], "rotation": 180, "texture": "#0"},
				"down": {"uv": [0, 0, 1, 0.5], "rotation": 180, "texture": "#0"}
			}
		},
		{
			"name": "hoods1_2",
			"from": [4.301, 7.527, 4],
			"to": [4.765, 7.787, 6],
			"rotation": {"angle": 22.5, "axis": "z", "origin": [4.991, 7.537, 6]},
			"faces": {
				"north": {"uv": [0, 0, 0.5, 0.5], "texture": "#0"},
				"east": {"uv": [0, 0, 1, 0.5], "texture": "#0"},
				"west": {"uv": [0, 0, 1, 0.5], "texture": "#0"},
				"up": {"uv": [0, 0, 1, 0.5], "texture": "#0"},
				"down": {"uv": [0, 0, 1, 0.5], "texture": "#0"}
			}
		},
		{
			"name": "hoods1_2",
			"from": [5.241, 7.535, 4],
			"to": [5.705, 7.795, 6],
			"rotation": {"angle": -22.5, "axis": "z", "origin": [4.991, 7.537, 6]},
			"faces": {
				"north": {"uv": [0, 0, 0.5, 0.5], "rotation": 180, "texture": "#0"},
				"east": {"uv": [0, 0, 1, 0.5], "rotation": 180, "texture": "#0"},
				"west": {"uv": [0, 0, 1, 0.5], "rotation": 180, "texture": "#0"},
				"up": {"uv": [0, 0, 1, 0.5], "rotation": 180, "texture": "#0"},
				"down": {"uv": [0, 0, 1, 0.5], "rotation": 180, "texture": "#0"}
			}
		},
		{
			"name": "hoods1_2",
			"from": [4.091, 7.772, 5],
			"to": [4.451, 8.032, 6],
			"rotation": {"angle": 45, "axis": "z", "origin": [4.991, 7.537, 6]},
			"faces": {
				"north": {"uv": [0, 0, 0.5, 0.5], "texture": "#0"},
				"east": {"uv": [0, 0, 1, 0.5], "texture": "#0"},
				"west": {"uv": [0, 0, 1, 0.5], "texture": "#0"},
				"up": {"uv": [0, 0, 1, 0.5], "texture": "#0"},
				"down": {"uv": [0, 0, 1, 0.5], "texture": "#0"}
			}
		},
		{
			"name": "hoods1_2",
			"from": [5.232, 6.613, 5],
			"to": [5.492, 6.973, 6],
			"rotation": {"angle": 45, "axis": "z", "origin": [4.991, 7.537, 6]},
			"faces": {
				"north": {"uv": [0, 0, 0.5, 0.5], "rotation": 90, "texture": "#0"},
				"east": {"uv": [0, 0, 1, 0.5], "rotation": 270, "texture": "#0"},
				"west": {"uv": [0, 0, 1, 0.5], "rotation": 270, "texture": "#0"},
				"up": {"uv": [0, 0, 1, 0.5], "rotation": 270, "texture": "#0"},
				"down": {"uv": [0, 0, 1, 0.5], "rotation": 270, "texture": "#0"}
			}
		},
		{
			"name": "hoods1_2",
			"from": [4.093, 6.296, 5],
			"to": [4.353, 6.904, 6],
			"rotation": {"angle": -22.5, "axis": "z", "origin": [4.895, 7.297, 6]},
			"faces": {
				"north": {"uv": [0, 0, 0.5, 0.5], "rotation": 90, "texture": "#0"},
				"east": {"uv": [0, 0, 1, 0.5], "rotation": 270, "texture": "#0"},
				"west": {"uv": [0, 0, 1, 0.5], "rotation": 270, "texture": "#0"},
				"up": {"uv": [0, 0, 1, 0.5], "rotation": 270, "texture": "#0"},
				"down": {"uv": [0, 0, 1, 0.5], "rotation": 270, "texture": "#0"}
			}
		},
		{
			"name": "hoods1_2",
			"from": [5.633, 6.216, 5],
			"to": [5.893, 6.824, 6],
			"rotation": {"angle": 22.5, "axis": "z", "origin": [4.895, 7.297, 6]},
			"faces": {
				"north": {"uv": [0, 0, 0.5, 0.5], "rotation": 90, "texture": "#0"},
				"east": {"uv": [0, 0, 1, 0.5], "rotation": 270, "texture": "#0"},
				"west": {"uv": [0, 0, 1, 0.5], "rotation": 270, "texture": "#0"},
				"up": {"uv": [0, 0, 1, 0.5], "rotation": 270, "texture": "#0"},
				"down": {"uv": [0, 0, 1, 0.5], "rotation": 270, "texture": "#0"}
			}
		},
		{
			"name": "hoods1_2",
			"from": [3.771, 6.224, 5],
			"to": [4.031, 6.68, 6],
			"rotation": {"angle": 0, "axis": "y", "origin": [4.895, 7.297, 6]},
			"faces": {
				"north": {"uv": [0, 0, 0.5, 0.5], "rotation": 90, "texture": "#0"},
				"east": {"uv": [0, 0, 1, 0.5], "rotation": 270, "texture": "#0"},
				"west": {"uv": [0, 0, 1, 0.5], "rotation": 270, "texture": "#0"},
				"up": {"uv": [0, 0, 1, 0.5], "rotation": 270, "texture": "#0"},
				"down": {"uv": [0, 0, 1, 0.5], "rotation": 270, "texture": "#0"}
			}
		},
		{
			"name": "hoods1_2",
			"from": [5.971, 6.224, 5],
			"to": [6.231, 6.68, 6],
			"rotation": {"angle": 0, "axis": "y", "origin": [4.895, 7.297, 6]},
			"faces": {
				"north": {"uv": [0, 0, 0.5, 0.5], "rotation": 90, "texture": "#0"},
				"east": {"uv": [0, 0, 1, 0.5], "rotation": 270, "texture": "#0"},
				"west": {"uv": [0, 0, 1, 0.5], "rotation": 270, "texture": "#0"},
				"up": {"uv": [0, 0, 1, 0.5], "rotation": 270, "texture": "#0"},
				"down": {"uv": [0, 0, 1, 0.5], "rotation": 270, "texture": "#0"}
			}
		},
		{
			"name": "hoods1_2",
			"from": [10.683, 7.424, 4],
			"to": [11.319, 7.684, 6],
			"rotation": {"angle": 0, "axis": "y", "origin": [10.975, 7.625, 6]},
			"faces": {
				"north": {"uv": [0, 0, 0.5, 0.5], "rotation": 180, "texture": "#0"},
				"east": {"uv": [0, 0, 1, 0.5], "rotation": 180, "texture": "#0"},
				"west": {"uv": [0, 0, 1, 0.5], "rotation": 180, "texture": "#0"},
				"up": {"uv": [0, 0, 1, 0.5], "rotation": 180, "texture": "#0"},
				"down": {"uv": [0, 0, 1, 0.5], "rotation": 180, "texture": "#0"}
			}
		},
		{
			"name": "hoods1_2",
			"from": [10.301, 7.527, 4],
			"to": [10.765, 7.787, 6],
			"rotation": {"angle": 22.5, "axis": "z", "origin": [10.991, 7.537, 6]},
			"faces": {
				"north": {"uv": [0, 0, 0.5, 0.5], "texture": "#0"},
				"east": {"uv": [0, 0, 1, 0.5], "texture": "#0"},
				"west": {"uv": [0, 0, 1, 0.5], "texture": "#0"},
				"up": {"uv": [0, 0, 1, 0.5], "texture": "#0"},
				"down": {"uv": [0, 0, 1, 0.5], "texture": "#0"}
			}
		},
		{
			"name": "hoods1_2",
			"from": [11.241, 7.535, 4],
			"to": [11.705, 7.795, 6],
			"rotation": {"angle": -22.5, "axis": "z", "origin": [10.991, 7.537, 6]},
			"faces": {
				"north": {"uv": [0, 0, 0.5, 0.5], "rotation": 180, "texture": "#0"},
				"east": {"uv": [0, 0, 1, 0.5], "rotation": 180, "texture": "#0"},
				"west": {"uv": [0, 0, 1, 0.5], "rotation": 180, "texture": "#0"},
				"up": {"uv": [0, 0, 1, 0.5], "rotation": 180, "texture": "#0"},
				"down": {"uv": [0, 0, 1, 0.5], "rotation": 180, "texture": "#0"}
			}
		},
		{
			"name": "hoods1_2",
			"from": [10.091, 7.772, 5],
			"to": [10.451, 8.032, 6],
			"rotation": {"angle": 45, "axis": "z", "origin": [10.991, 7.537, 6]},
			"faces": {
				"north": {"uv": [0, 0, 0.5, 0.5], "texture": "#0"},
				"east": {"uv": [0, 0, 1, 0.5], "texture": "#0"},
				"west": {"uv": [0, 0, 1, 0.5], "texture": "#0"},
				"up": {"uv": [0, 0, 1, 0.5], "texture": "#0"},
				"down": {"uv": [0, 0, 1, 0.5], "texture": "#0"}
			}
		},
		{
			"name": "hoods1_2",
			"from": [11.232, 6.613, 5],
			"to": [11.492, 6.973, 6],
			"rotation": {"angle": 45, "axis": "z", "origin": [10.991, 7.537, 6]},
			"faces": {
				"north": {"uv": [0, 0, 0.5, 0.5], "rotation": 90, "texture": "#0"},
				"east": {"uv": [0, 0, 1, 0.5], "rotation": 270, "texture": "#0"},
				"west": {"uv": [0, 0, 1, 0.5], "rotation": 270, "texture": "#0"},
				"up": {"uv": [0, 0, 1, 0.5], "rotation": 270, "texture": "#0"},
				"down": {"uv": [0, 0, 1, 0.5], "rotation": 270, "texture": "#0"}
			}
		},
		{
			"name": "hoods1_2",
			"from": [10.093, 6.296, 5],
			"to": [10.353, 6.904, 6],
			"rotation": {"angle": -22.5, "axis": "z", "origin": [10.895, 7.297, 6]},
			"faces": {
				"north": {"uv": [0, 0, 0.5, 0.5], "rotation": 90, "texture": "#0"},
				"east": {"uv": [0, 0, 1, 0.5], "rotation": 270, "texture": "#0"},
				"west": {"uv": [0, 0, 1, 0.5], "rotation": 270, "texture": "#0"},
				"up": {"uv": [0, 0, 1, 0.5], "rotation": 270, "texture": "#0"},
				"down": {"uv": [0, 0, 1, 0.5], "rotation": 270, "texture": "#0"}
			}
		},
		{
			"name": "hoods1_2",
			"from": [11.633, 6.216, 5],
			"to": [11.893, 6.824, 6],
			"rotation": {"angle": 22.5, "axis": "z", "origin": [10.895, 7.297, 6]},
			"faces": {
				"north": {"uv": [0, 0, 0.5, 0.5], "rotation": 90, "texture": "#0"},
				"east": {"uv": [0, 0, 1, 0.5], "rotation": 270, "texture": "#0"},
				"west": {"uv": [0, 0, 1, 0.5], "rotation": 270, "texture": "#0"},
				"up": {"uv": [0, 0, 1, 0.5], "rotation": 270, "texture": "#0"},
				"down": {"uv": [0, 0, 1, 0.5], "rotation": 270, "texture": "#0"}
			}
		},
		{
			"name": "hoods1_2",
			"from": [9.771, 6.224, 5],
			"to": [10.031, 6.68, 6],
			"rotation": {"angle": 0, "axis": "y", "origin": [10.895, 7.297, 6]},
			"faces": {
				"north": {"uv": [0, 0, 0.5, 0.5], "rotation": 90, "texture": "#0"},
				"east": {"uv": [0, 0, 1, 0.5], "rotation": 270, "texture": "#0"},
				"west": {"uv": [0, 0, 1, 0.5], "rotation": 270, "texture": "#0"},
				"up": {"uv": [0, 0, 1, 0.5], "rotation": 270, "texture": "#0"},
				"down": {"uv": [0, 0, 1, 0.5], "rotation": 270, "texture": "#0"}
			}
		},
		{
			"name": "hoods1_2",
			"from": [11.971, 6.224, 5],
			"to": [12.231, 6.68, 6],
			"rotation": {"angle": 0, "axis": "y", "origin": [10.895, 7.297, 6]},
			"faces": {
				"north": {"uv": [0, 0, 0.5, 0.5], "rotation": 90, "texture": "#0"},
				"east": {"uv": [0, 0, 1, 0.5], "rotation": 270, "texture": "#0"},
				"west": {"uv": [0, 0, 1, 0.5], "rotation": 270, "texture": "#0"},
				"up": {"uv": [0, 0, 1, 0.5], "rotation": 270, "texture": "#0"},
				"down": {"uv": [0, 0, 1, 0.5], "rotation": 270, "texture": "#0"}
			}
		},
		{
			"name": "hoods1_2",
			"from": [10.683, 3.424, 4],
			"to": [11.319, 3.684, 6],
			"rotation": {"angle": 0, "axis": "y", "origin": [10.975, 3.625, 6]},
			"faces": {
				"north": {"uv": [0, 0, 0.5, 0.5], "rotation": 180, "texture": "#0"},
				"east": {"uv": [0, 0, 1, 0.5], "rotation": 180, "texture": "#0"},
				"west": {"uv": [0, 0, 1, 0.5], "rotation": 180, "texture": "#0"},
				"up": {"uv": [0, 0, 1, 0.5], "rotation": 180, "texture": "#0"},
				"down": {"uv": [0, 0, 1, 0.5], "rotation": 180, "texture": "#0"}
			}
		},
		{
			"name": "hoods1_2",
			"from": [10.301, 3.527, 4],
			"to": [10.765, 3.787, 6],
			"rotation": {"angle": 22.5, "axis": "z", "origin": [10.991, 3.537, 6]},
			"faces": {
				"north": {"uv": [0, 0, 0.5, 0.5], "texture": "#0"},
				"east": {"uv": [0, 0, 1, 0.5], "texture": "#0"},
				"west": {"uv": [0, 0, 1, 0.5], "texture": "#0"},
				"up": {"uv": [0, 0, 1, 0.5], "texture": "#0"},
				"down": {"uv": [0, 0, 1, 0.5], "texture": "#0"}
			}
		},
		{
			"name": "hoods1_2",
			"from": [11.241, 3.535, 4],
			"to": [11.705, 3.795, 6],
			"rotation": {"angle": -22.5, "axis": "z", "origin": [10.991, 3.537, 6]},
			"faces": {
				"north": {"uv": [0, 0, 0.5, 0.5], "rotation": 180, "texture": "#0"},
				"east": {"uv": [0, 0, 1, 0.5], "rotation": 180, "texture": "#0"},
				"west": {"uv": [0, 0, 1, 0.5], "rotation": 180, "texture": "#0"},
				"up": {"uv": [0, 0, 1, 0.5], "rotation": 180, "texture": "#0"},
				"down": {"uv": [0, 0, 1, 0.5], "rotation": 180, "texture": "#0"}
			}
		},
		{
			"name": "hoods1_2",
			"from": [10.091, 3.772, 5],
			"to": [10.451, 4.032, 6],
			"rotation": {"angle": 45, "axis": "z", "origin": [10.991, 3.537, 6]},
			"faces": {
				"north": {"uv": [0, 0, 0.5, 0.5], "texture": "#0"},
				"east": {"uv": [0, 0, 1, 0.5], "texture": "#0"},
				"west": {"uv": [0, 0, 1, 0.5], "texture": "#0"},
				"up": {"uv": [0, 0, 1, 0.5], "texture": "#0"},
				"down": {"uv": [0, 0, 1, 0.5], "texture": "#0"}
			}
		},
		{
			"name": "hoods1_2",
			"from": [11.232, 2.613, 5],
			"to": [11.492, 2.973, 6],
			"rotation": {"angle": 45, "axis": "z", "origin": [10.991, 3.537, 6]},
			"faces": {
				"north": {"uv": [0, 0, 0.5, 0.5], "rotation": 90, "texture": "#0"},
				"east": {"uv": [0, 0, 1, 0.5], "rotation": 270, "texture": "#0"},
				"west": {"uv": [0, 0, 1, 0.5], "rotation": 270, "texture": "#0"},
				"up": {"uv": [0, 0, 1, 0.5], "rotation": 270, "texture": "#0"},
				"down": {"uv": [0, 0, 1, 0.5], "rotation": 270, "texture": "#0"}
			}
		},
		{
			"name": "hoods1_2",
			"from": [10.093, 2.296, 5],
			"to": [10.353, 2.904, 6],
			"rotation": {"angle": -22.5, "axis": "z", "origin": [10.895, 3.297, 6]},
			"faces": {
				"north": {"uv": [0, 0, 0.5, 0.5], "rotation": 90, "texture": "#0"},
				"east": {"uv": [0, 0, 1, 0.5], "rotation": 270, "texture": "#0"},
				"west": {"uv": [0, 0, 1, 0.5], "rotation": 270, "texture": "#0"},
				"up": {"uv": [0, 0, 1, 0.5], "rotation": 270, "texture": "#0"},
				"down": {"uv": [0, 0, 1, 0.5], "rotation": 270, "texture": "#0"}
			}
		},
		{
			"name": "hoods1_2",
			"from": [11.633, 2.216, 5],
			"to": [11.893, 2.824, 6],
			"rotation": {"angle": 22.5, "axis": "z", "origin": [10.895, 3.297, 6]},
			"faces": {
				"north": {"uv": [0, 0, 0.5, 0.5], "rotation": 90, "texture": "#0"},
				"east": {"uv": [0, 0, 1, 0.5], "rotation": 270, "texture": "#0"},
				"west": {"uv": [0, 0, 1, 0.5], "rotation": 270, "texture": "#0"},
				"up": {"uv": [0, 0, 1, 0.5], "rotation": 270, "texture": "#0"},
				"down": {"uv": [0, 0, 1, 0.5], "rotation": 270, "texture": "#0"}
			}
		},
		{
			"name": "hoods1_2",
			"from": [9.771, 2.224, 5],
			"to": [10.031, 2.68, 6],
			"rotation": {"angle": 0, "axis": "y", "origin": [10.895, 3.297, 6]},
			"faces": {
				"north": {"uv": [0, 0, 0.5, 0.5], "rotation": 90, "texture": "#0"},
				"east": {"uv": [0, 0, 1, 0.5], "rotation": 270, "texture": "#0"},
				"west": {"uv": [0, 0, 1, 0.5], "rotation": 270, "texture": "#0"},
				"up": {"uv": [0, 0, 1, 0.5], "rotation": 270, "texture": "#0"},
				"down": {"uv": [0, 0, 1, 0.5], "rotation": 270, "texture": "#0"}
			}
		},
		{
			"name": "hoods1_2",
			"from": [11.971, 2.224, 5],
			"to": [12.231, 2.68, 6],
			"rotation": {"angle": 0, "axis": "y", "origin": [10.895, 3.297, 6]},
			"faces": {
				"north": {"uv": [0, 0, 0.5, 0.5], "rotation": 90, "texture": "#0"},
				"east": {"uv": [0, 0, 1, 0.5], "rotation": 270, "texture": "#0"},
				"west": {"uv": [0, 0, 1, 0.5], "rotation": 270, "texture": "#0"},
				"up": {"uv": [0, 0, 1, 0.5], "rotation": 270, "texture": "#0"},
				"down": {"uv": [0, 0, 1, 0.5], "rotation": 270, "texture": "#0"}
			}
		},
		{
			"name": "hoods1_2",
			"from": [7.683, 3.424, 4],
			"to": [8.319, 3.684, 6],
			"rotation": {"angle": 0, "axis": "y", "origin": [7.975, 3.625, 6]},
			"faces": {
				"north": {"uv": [0, 0, 0.5, 0.5], "rotation": 180, "texture": "#0"},
				"east": {"uv": [0, 0, 1, 0.5], "rotation": 180, "texture": "#0"},
				"west": {"uv": [0, 0, 1, 0.5], "rotation": 180, "texture": "#0"},
				"up": {"uv": [0, 0, 1, 0.5], "rotation": 180, "texture": "#0"},
				"down": {"uv": [0, 0, 1, 0.5], "rotation": 180, "texture": "#0"}
			}
		},
		{
			"name": "hoods1_2",
			"from": [7.301, 3.527, 4],
			"to": [7.765, 3.787, 6],
			"rotation": {"angle": 22.5, "axis": "z", "origin": [7.991, 3.537, 6]},
			"faces": {
				"north": {"uv": [0, 0, 0.5, 0.5], "texture": "#0"},
				"east": {"uv": [0, 0, 1, 0.5], "texture": "#0"},
				"west": {"uv": [0, 0, 1, 0.5], "texture": "#0"},
				"up": {"uv": [0, 0, 1, 0.5], "texture": "#0"},
				"down": {"uv": [0, 0, 1, 0.5], "texture": "#0"}
			}
		},
		{
			"name": "hoods1_2",
			"from": [8.241, 3.535, 4],
			"to": [8.705, 3.795, 6],
			"rotation": {"angle": -22.5, "axis": "z", "origin": [7.991, 3.537, 6]},
			"faces": {
				"north": {"uv": [0, 0, 0.5, 0.5], "rotation": 180, "texture": "#0"},
				"east": {"uv": [0, 0, 1, 0.5], "rotation": 180, "texture": "#0"},
				"west": {"uv": [0, 0, 1, 0.5], "rotation": 180, "texture": "#0"},
				"up": {"uv": [0, 0, 1, 0.5], "rotation": 180, "texture": "#0"},
				"down": {"uv": [0, 0, 1, 0.5], "rotation": 180, "texture": "#0"}
			}
		},
		{
			"name": "hoods1_2",
			"from": [7.091, 3.772, 5],
			"to": [7.451, 4.032, 6],
			"rotation": {"angle": 45, "axis": "z", "origin": [7.991, 3.537, 6]},
			"faces": {
				"north": {"uv": [0, 0, 0.5, 0.5], "texture": "#0"},
				"east": {"uv": [0, 0, 1, 0.5], "texture": "#0"},
				"west": {"uv": [0, 0, 1, 0.5], "texture": "#0"},
				"up": {"uv": [0, 0, 1, 0.5], "texture": "#0"},
				"down": {"uv": [0, 0, 1, 0.5], "texture": "#0"}
			}
		},
		{
			"name": "hoods1_2",
			"from": [8.232, 2.613, 5],
			"to": [8.492, 2.973, 6],
			"rotation": {"angle": 45, "axis": "z", "origin": [7.991, 3.537, 6]},
			"faces": {
				"north": {"uv": [0, 0, 0.5, 0.5], "rotation": 90, "texture": "#0"},
				"east": {"uv": [0, 0, 1, 0.5], "rotation": 270, "texture": "#0"},
				"west": {"uv": [0, 0, 1, 0.5], "rotation": 270, "texture": "#0"},
				"up": {"uv": [0, 0, 1, 0.5], "rotation": 270, "texture": "#0"},
				"down": {"uv": [0, 0, 1, 0.5], "rotation": 270, "texture": "#0"}
			}
		},
		{
			"name": "hoods1_2",
			"from": [7.093, 2.296, 5],
			"to": [7.353, 2.904, 6],
			"rotation": {"angle": -22.5, "axis": "z", "origin": [7.895, 3.297, 6]},
			"faces": {
				"north": {"uv": [0, 0, 0.5, 0.5], "rotation": 90, "texture": "#0"},
				"east": {"uv": [0, 0, 1, 0.5], "rotation": 270, "texture": "#0"},
				"west": {"uv": [0, 0, 1, 0.5], "rotation": 270, "texture": "#0"},
				"up": {"uv": [0, 0, 1, 0.5], "rotation": 270, "texture": "#0"},
				"down": {"uv": [0, 0, 1, 0.5], "rotation": 270, "texture": "#0"}
			}
		},
		{
			"name": "hoods1_2",
			"from": [8.633, 2.216, 5],
			"to": [8.893, 2.824, 6],
			"rotation": {"angle": 22.5, "axis": "z", "origin": [7.895, 3.297, 6]},
			"faces": {
				"north": {"uv": [0, 0, 0.5, 0.5], "rotation": 90, "texture": "#0"},
				"east": {"uv": [0, 0, 1, 0.5], "rotation": 270, "texture": "#0"},
				"west": {"uv": [0, 0, 1, 0.5], "rotation": 270, "texture": "#0"},
				"up": {"uv": [0, 0, 1, 0.5], "rotation": 270, "texture": "#0"},
				"down": {"uv": [0, 0, 1, 0.5], "rotation": 270, "texture": "#0"}
			}
		},
		{
			"name": "hoods1_2",
			"from": [6.771, 2.224, 5],
			"to": [7.031, 2.68, 6],
			"rotation": {"angle": 0, "axis": "y", "origin": [7.895, 3.297, 6]},
			"faces": {
				"north": {"uv": [0, 0, 0.5, 0.5], "rotation": 90, "texture": "#0"},
				"east": {"uv": [0, 0, 1, 0.5], "rotation": 270, "texture": "#0"},
				"west": {"uv": [0, 0, 1, 0.5], "rotation": 270, "texture": "#0"},
				"up": {"uv": [0, 0, 1, 0.5], "rotation": 270, "texture": "#0"},
				"down": {"uv": [0, 0, 1, 0.5], "rotation": 270, "texture": "#0"}
			}
		},
		{
			"name": "hoods1_2",
			"from": [8.971, 2.224, 5],
			"to": [9.231, 2.68, 6],
			"rotation": {"angle": 0, "axis": "y", "origin": [7.895, 3.297, 6]},
			"faces": {
				"north": {"uv": [0, 0, 0.5, 0.5], "rotation": 90, "texture": "#0"},
				"east": {"uv": [0, 0, 1, 0.5], "rotation": 270, "texture": "#0"},
				"west": {"uv": [0, 0, 1, 0.5], "rotation": 270, "texture": "#0"},
				"up": {"uv": [0, 0, 1, 0.5], "rotation": 270, "texture": "#0"},
				"down": {"uv": [0, 0, 1, 0.5], "rotation": 270, "texture": "#0"}
			}
		},
		{
			"name": "hoods1_2",
			"from": [10.683, 19.924, 4],
			"to": [11.319, 20.184, 6],
			"rotation": {"angle": 0, "axis": "y", "origin": [10.975, 20.125, 6]},
			"faces": {
				"north": {"uv": [0, 0, 0.5, 0.5], "rotation": 180, "texture": "#0"},
				"east": {"uv": [0, 0, 1, 0.5], "rotation": 180, "texture": "#0"},
				"west": {"uv": [0, 0, 1, 0.5], "rotation": 180, "texture": "#0"},
				"up": {"uv": [0, 0, 1, 0.5], "rotation": 180, "texture": "#0"},
				"down": {"uv": [0, 0, 1, 0.5], "rotation": 180, "texture": "#0"}
			}
		},
		{
			"name": "hoods1_2",
			"from": [10.301, 20.027, 4],
			"to": [10.765, 20.287, 6],
			"rotation": {"angle": 22.5, "axis": "z", "origin": [10.991, 20.037, 6]},
			"faces": {
				"north": {"uv": [0, 0, 0.5, 0.5], "texture": "#0"},
				"east": {"uv": [0, 0, 1, 0.5], "texture": "#0"},
				"west": {"uv": [0, 0, 1, 0.5], "texture": "#0"},
				"up": {"uv": [0, 0, 1, 0.5], "texture": "#0"},
				"down": {"uv": [0, 0, 1, 0.5], "texture": "#0"}
			}
		},
		{
			"name": "hoods1_2",
			"from": [11.241, 20.035, 4],
			"to": [11.705, 20.295, 6],
			"rotation": {"angle": -22.5, "axis": "z", "origin": [10.991, 20.037, 6]},
			"faces": {
				"north": {"uv": [0, 0, 0.5, 0.5], "rotation": 180, "texture": "#0"},
				"east": {"uv": [0, 0, 1, 0.5], "rotation": 180, "texture": "#0"},
				"west": {"uv": [0, 0, 1, 0.5], "rotation": 180, "texture": "#0"},
				"up": {"uv": [0, 0, 1, 0.5], "rotation": 180, "texture": "#0"},
				"down": {"uv": [0, 0, 1, 0.5], "rotation": 180, "texture": "#0"}
			}
		},
		{
			"name": "hoods1_2",
			"from": [10.091, 20.272, 5],
			"to": [10.451, 20.532, 6],
			"rotation": {"angle": 45, "axis": "z", "origin": [10.991, 20.037, 6]},
			"faces": {
				"north": {"uv": [0, 0, 0.5, 0.5], "texture": "#0"},
				"east": {"uv": [0, 0, 1, 0.5], "texture": "#0"},
				"west": {"uv": [0, 0, 1, 0.5], "texture": "#0"},
				"up": {"uv": [0, 0, 1, 0.5], "texture": "#0"},
				"down": {"uv": [0, 0, 1, 0.5], "texture": "#0"}
			}
		},
		{
			"name": "hoods1_2",
			"from": [11.232, 19.113, 5],
			"to": [11.492, 19.473, 6],
			"rotation": {"angle": 45, "axis": "z", "origin": [10.991, 20.037, 6]},
			"faces": {
				"north": {"uv": [0, 0, 0.5, 0.5], "rotation": 90, "texture": "#0"},
				"east": {"uv": [0, 0, 1, 0.5], "rotation": 270, "texture": "#0"},
				"west": {"uv": [0, 0, 1, 0.5], "rotation": 270, "texture": "#0"},
				"up": {"uv": [0, 0, 1, 0.5], "rotation": 270, "texture": "#0"},
				"down": {"uv": [0, 0, 1, 0.5], "rotation": 270, "texture": "#0"}
			}
		},
		{
			"name": "hoods1_2",
			"from": [10.093, 18.796, 5],
			"to": [10.353, 19.404, 6],
			"rotation": {"angle": -22.5, "axis": "z", "origin": [10.895, 19.797, 6]},
			"faces": {
				"north": {"uv": [0, 0, 0.5, 0.5], "rotation": 90, "texture": "#0"},
				"east": {"uv": [0, 0, 1, 0.5], "rotation": 270, "texture": "#0"},
				"west": {"uv": [0, 0, 1, 0.5], "rotation": 270, "texture": "#0"},
				"up": {"uv": [0, 0, 1, 0.5], "rotation": 270, "texture": "#0"},
				"down": {"uv": [0, 0, 1, 0.5], "rotation": 270, "texture": "#0"}
			}
		},
		{
			"name": "hoods1_2",
			"from": [11.633, 18.716, 5],
			"to": [11.893, 19.324, 6],
			"rotation": {"angle": 22.5, "axis": "z", "origin": [10.895, 19.797, 6]},
			"faces": {
				"north": {"uv": [0, 0, 0.5, 0.5], "rotation": 90, "texture": "#0"},
				"east": {"uv": [0, 0, 1, 0.5], "rotation": 270, "texture": "#0"},
				"west": {"uv": [0, 0, 1, 0.5], "rotation": 270, "texture": "#0"},
				"up": {"uv": [0, 0, 1, 0.5], "rotation": 270, "texture": "#0"},
				"down": {"uv": [0, 0, 1, 0.5], "rotation": 270, "texture": "#0"}
			}
		},
		{
			"name": "hoods1_2",
			"from": [9.771, 18.724, 5],
			"to": [10.031, 19.18, 6],
			"rotation": {"angle": 0, "axis": "y", "origin": [10.895, 19.797, 6]},
			"faces": {
				"north": {"uv": [0, 0, 0.5, 0.5], "rotation": 90, "texture": "#0"},
				"east": {"uv": [0, 0, 1, 0.5], "rotation": 270, "texture": "#0"},
				"west": {"uv": [0, 0, 1, 0.5], "rotation": 270, "texture": "#0"},
				"up": {"uv": [0, 0, 1, 0.5], "rotation": 270, "texture": "#0"},
				"down": {"uv": [0, 0, 1, 0.5], "rotation": 270, "texture": "#0"}
			}
		},
		{
			"name": "hoods1_2",
			"from": [11.971, 18.724, 5],
			"to": [12.231, 19.18, 6],
			"rotation": {"angle": 0, "axis": "y", "origin": [10.895, 19.797, 6]},
			"faces": {
				"north": {"uv": [0, 0, 0.5, 0.5], "rotation": 90, "texture": "#0"},
				"east": {"uv": [0, 0, 1, 0.5], "rotation": 270, "texture": "#0"},
				"west": {"uv": [0, 0, 1, 0.5], "rotation": 270, "texture": "#0"},
				"up": {"uv": [0, 0, 1, 0.5], "rotation": 270, "texture": "#0"},
				"down": {"uv": [0, 0, 1, 0.5], "rotation": 270, "texture": "#0"}
			}
		},
		{
			"name": "shield8",
			"from": [12.5, 13, 10],
			"to": [13.5, 14, 19],
			"faces": {
				"east": {"uv": [0, 0, 5, 0.5], "texture": "#1"},
				"west": {"uv": [0, 0, 5, 0.5], "texture": "#1"},
				"up": {"uv": [0, 0, 0.5, 5], "texture": "#1"},
				"down": {"uv": [0, 0, 0.5, 5], "texture": "#1"}
			}
		},
		{
			"name": "shield9",
			"from": [2.5, 13, 10],
			"to": [3.5, 14, 19],
			"faces": {
				"east": {"uv": [0, 0, 5, 0.5], "texture": "#1"},
				"west": {"uv": [0, 0, 5, 0.5], "texture": "#1"},
				"up": {"uv": [0, 0, 0.5, 5], "texture": "#1"},
				"down": {"uv": [0, 0, 0.5, 5], "texture": "#1"}
			}
		},
		{
			"name": "shield11",
			"from": [2.5, 13, 19],
			"to": [13.5, 14, 20],
			"faces": {
				"north": {"uv": [9.25, 9, 14.75, 9.5], "texture": "#1"},
				"east": {"uv": [6.5, 9, 7, 9.5], "texture": "#1"},
				"south": {"uv": [1.25, 9, 6.75, 9.5], "texture": "#1"},
				"west": {"uv": [9, 9, 9.5, 9.5], "texture": "#1"},
				"up": {"uv": [1.25, 9, 6.75, 9.5], "texture": "#1"},
				"down": {"uv": [1.25, 6.5, 6.75, 7], "texture": "#1"}
			}
		},
		{
			"name": "shield12",
			"from": [4, 1, 19],
			"to": [5, 13, 20],
			"faces": {
				"north": {"uv": [0, 0, 0.5, 5.5], "texture": "#1"},
				"east": {"uv": [0, 0, 0.5, 5.5], "texture": "#1"},
				"south": {"uv": [0, 0, 0.5, 5.5], "texture": "#1"},
				"west": {"uv": [0, 0, 0.5, 5.5], "texture": "#1"}
			}
		},
		{
			"name": "shield13",
			"from": [11, 1, 19],
			"to": [12, 13, 20],
			"faces": {
				"north": {"uv": [0, 0, 0.5, 5.5], "texture": "#1"},
				"east": {"uv": [0, 0, 0.5, 5.5], "texture": "#1"},
				"south": {"uv": [0, 0, 0.5, 5.5], "texture": "#1"},
				"west": {"uv": [0, 0, 0.5, 5.5], "texture": "#1"}
			}
		},
		{
			"name": "shield15",
			"from": [4, 0, 10],
			"to": [12, 1, 20],
			"faces": {
				"north": {"uv": [0, 0, 4, 0.5], "texture": "#1"},
				"east": {"uv": [0, 0, 3.5, 0.5], "texture": "#1"},
				"south": {"uv": [0, 0, 4, 0.5], "texture": "#1"},
				"west": {"uv": [0, 0, 3.5, 0.5], "texture": "#1"},
				"up": {"uv": [0, 0, 4, 3.5], "texture": "#1"},
				"down": {"uv": [0, 0, 4, 3.5], "texture": "#1"}
			}
		},
		{
			"name": "shield17",
			"from": [2.5, 0, 7],
			"to": [13.5, 22, 10],
			"faces": {
				"north": {"uv": [0, 0, 5.5, 11.5], "texture": "#0"},
				"east": {"uv": [0, 0, 1, 11.5], "texture": "#0"},
				"south": {"uv": [0, 0, 5.5, 11.5], "texture": "#0"},
				"west": {"uv": [0, 0, 1, 11.5], "texture": "#0"},
				"up": {"uv": [0, 0, 5.5, 1], "texture": "#0"},
				"down": {"uv": [0, 0, 5.5, 1], "texture": "#0"}
			}
		},
		{
			"name": "shield17",
			"from": [2.5, 0, 6],
			"to": [13.5, 0.25, 7],
			"faces": {
				"north": {"uv": [0, 0, 5.5, 11.5], "texture": "#0"},
				"east": {"uv": [0, 0, 1, 11.5], "texture": "#0"},
				"south": {"uv": [0, 0, 5.5, 11.5], "texture": "#0"},
				"west": {"uv": [0, 0, 1, 11.5], "texture": "#0"},
				"up": {"uv": [0, 0, 5.5, 1], "texture": "#0"},
				"down": {"uv": [0, 0, 5.5, 1], "texture": "#0"}
			}
		},
		{
			"name": "shield17",
			"from": [2.5, 0.75, 6],
			"to": [13.5, 10.75, 7],
			"faces": {
				"north": {"uv": [0, 0, 5.5, 11.5], "texture": "#0"},
				"east": {"uv": [0, 0, 1, 11.5], "texture": "#0"},
				"south": {"uv": [0, 0, 5.5, 11.5], "texture": "#0"},
				"west": {"uv": [0, 0, 1, 11.5], "texture": "#0"},
				"up": {"uv": [0, 0, 5.5, 1], "texture": "#0"},
				"down": {"uv": [0, 0, 5.5, 1], "texture": "#0"}
			}
		},
		{
			"name": "shield17",
			"from": [2.5, 21.25, 6],
			"to": [3.25, 21.75, 7],
			"faces": {
				"north": {"uv": [0, 0, 5.5, 11.5], "texture": "#0"},
				"east": {"uv": [0, 0, 1, 11.5], "texture": "#0"},
				"south": {"uv": [0, 0, 5.5, 11.5], "texture": "#0"},
				"west": {"uv": [0, 0, 1, 11.5], "texture": "#0"},
				"up": {"uv": [0, 0, 5.5, 1], "texture": "#0"},
				"down": {"uv": [0, 0, 5.5, 1], "texture": "#0"}
			}
		},
		{
			"name": "shield17",
			"from": [3.25, 21.25, 6],
			"to": [3.75, 21.75, 7],
			"faces": {
				"north": {"uv": [0, 0, 5.5, 11.5], "texture": "#1"},
				"east": {"uv": [0, 0, 1, 11.5], "texture": "#1"},
				"south": {"uv": [0, 0, 5.5, 11.5], "texture": "#1"},
				"west": {"uv": [0, 0, 1, 11.5], "texture": "#1"},
				"up": {"uv": [0, 0, 5.5, 1], "texture": "#1"},
				"down": {"uv": [0, 0, 5.5, 1], "texture": "#1"}
			}
		},
		{
			"name": "shield17",
			"from": [3.75, 21.25, 6],
			"to": [6.25, 21.75, 7],
			"faces": {
				"north": {"uv": [0, 0, 5.5, 11.5], "texture": "#0"},
				"east": {"uv": [0, 0, 1, 11.5], "texture": "#0"},
				"south": {"uv": [0, 0, 5.5, 11.5], "texture": "#0"},
				"west": {"uv": [0, 0, 1, 11.5], "texture": "#0"},
				"up": {"uv": [0, 0, 5.5, 1], "texture": "#0"},
				"down": {"uv": [0, 0, 5.5, 1], "texture": "#0"}
			}
		},
		{
			"name": "shield17",
			"from": [6.25, 21.25, 6],
			"to": [6.75, 21.75, 7],
			"faces": {
				"north": {"uv": [0, 0, 5.5, 11.5], "texture": "#1"},
				"east": {"uv": [0, 0, 1, 11.5], "texture": "#1"},
				"south": {"uv": [0, 0, 5.5, 11.5], "texture": "#1"},
				"west": {"uv": [0, 0, 1, 11.5], "texture": "#1"},
				"up": {"uv": [0, 0, 5.5, 1], "texture": "#1"},
				"down": {"uv": [0, 0, 5.5, 1], "texture": "#1"}
			}
		},
		{
			"name": "shield17",
			"from": [6.75, 21.25, 6],
			"to": [9.25, 21.75, 7],
			"faces": {
				"north": {"uv": [0, 0, 5.5, 11.5], "texture": "#0"},
				"east": {"uv": [0, 0, 1, 11.5], "texture": "#0"},
				"south": {"uv": [0, 0, 5.5, 11.5], "texture": "#0"},
				"west": {"uv": [0, 0, 1, 11.5], "texture": "#0"},
				"up": {"uv": [0, 0, 5.5, 1], "texture": "#0"},
				"down": {"uv": [0, 0, 5.5, 1], "texture": "#0"}
			}
		},
		{
			"name": "shield17",
			"from": [9.25, 21.25, 6],
			"to": [9.75, 21.75, 7],
			"faces": {
				"north": {"uv": [0, 0, 5.5, 11.5], "texture": "#1"},
				"east": {"uv": [0, 0, 1, 11.5], "texture": "#1"},
				"south": {"uv": [0, 0, 5.5, 11.5], "texture": "#1"},
				"west": {"uv": [0, 0, 1, 11.5], "texture": "#1"},
				"up": {"uv": [0, 0, 5.5, 1], "texture": "#1"},
				"down": {"uv": [0, 0, 5.5, 1], "texture": "#1"}
			}
		},
		{
			"name": "shield17",
			"from": [2.5, 11.25, 6],
			"to": [13.5, 21.25, 7],
			"faces": {
				"north": {"uv": [0, 0, 5.5, 11.5], "texture": "#0"},
				"east": {"uv": [0, 0, 1, 11.5], "texture": "#0"},
				"south": {"uv": [0, 0, 5.5, 11.5], "texture": "#0"},
				"west": {"uv": [0, 0, 1, 11.5], "texture": "#0"},
				"up": {"uv": [0, 0, 5.5, 1], "texture": "#0"},
				"down": {"uv": [0, 0, 5.5, 1], "texture": "#0"}
			}
		},
		{
			"name": "shield17",
			"from": [12.25, 21.25, 6],
			"to": [12.75, 21.75, 7],
			"faces": {
				"north": {"uv": [0, 0, 5.5, 11.5], "texture": "#1"},
				"east": {"uv": [0, 0, 1, 11.5], "texture": "#1"},
				"south": {"uv": [0, 0, 5.5, 11.5], "texture": "#1"},
				"west": {"uv": [0, 0, 1, 11.5], "texture": "#1"},
				"up": {"uv": [0, 0, 5.5, 1], "texture": "#1"},
				"down": {"uv": [0, 0, 5.5, 1], "texture": "#1"}
			}
		},
		{
			"name": "shield17",
			"from": [12.75, 21.25, 6],
			"to": [13.5, 21.75, 7],
			"faces": {
				"north": {"uv": [0, 0, 5.5, 11.5], "texture": "#0"},
				"east": {"uv": [0, 0, 1, 11.5], "texture": "#0"},
				"south": {"uv": [0, 0, 5.5, 11.5], "texture": "#0"},
				"west": {"uv": [0, 0, 1, 11.5], "texture": "#0"},
				"up": {"uv": [0, 0, 5.5, 1], "texture": "#0"},
				"down": {"uv": [0, 0, 5.5, 1], "texture": "#0"}
			}
		},
		{
			"name": "shield17",
			"from": [9.75, 21.25, 6],
			"to": [12.25, 21.75, 7],
			"faces": {
				"north": {"uv": [0, 0, 5.5, 11.5], "texture": "#0"},
				"east": {"uv": [0, 0, 1, 11.5], "texture": "#0"},
				"south": {"uv": [0, 0, 5.5, 11.5], "texture": "#0"},
				"west": {"uv": [0, 0, 1, 11.5], "texture": "#0"},
				"up": {"uv": [0, 0, 5.5, 1], "texture": "#0"},
				"down": {"uv": [0, 0, 5.5, 1], "texture": "#0"}
			}
		},
		{
			"name": "shield17",
			"from": [2.5, 21.75, 6],
			"to": [13.5, 22, 7],
			"faces": {
				"north": {"uv": [0, 0, 5.5, 11.5], "texture": "#0"},
				"east": {"uv": [0, 0, 1, 11.5], "texture": "#0"},
				"south": {"uv": [0, 0, 5.5, 11.5], "texture": "#0"},
				"west": {"uv": [0, 0, 1, 11.5], "texture": "#0"},
				"up": {"uv": [0, 0, 5.5, 1], "texture": "#0"},
				"down": {"uv": [0, 0, 5.5, 1], "texture": "#0"}
			}
		},
		{
			"name": "shield17",
			"from": [12.75, 0.25, 6],
			"to": [13.5, 0.75, 7],
			"faces": {
				"north": {"uv": [0, 0, 5.5, 11.5], "texture": "#0"},
				"east": {"uv": [0, 0, 1, 11.5], "texture": "#0"},
				"south": {"uv": [0, 0, 5.5, 11.5], "texture": "#0"},
				"west": {"uv": [0, 0, 1, 11.5], "texture": "#0"},
				"up": {"uv": [0, 0, 5.5, 1], "texture": "#0"},
				"down": {"uv": [0, 0, 5.5, 1], "texture": "#0"}
			}
		},
		{
			"name": "shield17",
			"from": [3.75, 10.75, 6],
			"to": [12.25, 11.25, 7],
			"faces": {
				"north": {"uv": [0, 0, 5.5, 11.5], "texture": "#0"},
				"east": {"uv": [0, 0, 1, 11.5], "texture": "#0"},
				"south": {"uv": [0, 0, 5.5, 11.5], "texture": "#0"},
				"west": {"uv": [0, 0, 1, 11.5], "texture": "#0"},
				"up": {"uv": [0, 0, 5.5, 1], "texture": "#0"},
				"down": {"uv": [0, 0, 5.5, 1], "texture": "#0"}
			}
		},
		{
			"name": "shield17",
			"from": [2.5, 10.75, 6],
			"to": [3.25, 11.25, 7],
			"faces": {
				"north": {"uv": [0, 0, 5.5, 11.5], "texture": "#0"},
				"east": {"uv": [0, 0, 1, 11.5], "texture": "#0"},
				"south": {"uv": [0, 0, 5.5, 11.5], "texture": "#0"},
				"west": {"uv": [0, 0, 1, 11.5], "texture": "#0"},
				"up": {"uv": [0, 0, 5.5, 1], "texture": "#0"},
				"down": {"uv": [0, 0, 5.5, 1], "texture": "#0"}
			}
		},
		{
			"name": "shield17",
			"from": [3.25, 10.75, 6],
			"to": [3.75, 11.25, 7],
			"faces": {
				"north": {"uv": [0, 0, 5.5, 11.5], "texture": "#1"},
				"east": {"uv": [0, 0, 1, 11.5], "texture": "#1"},
				"south": {"uv": [0, 0, 5.5, 11.5], "texture": "#1"},
				"west": {"uv": [0, 0, 1, 11.5], "texture": "#1"},
				"up": {"uv": [0, 0, 5.5, 1], "texture": "#1"},
				"down": {"uv": [0, 0, 5.5, 1], "texture": "#1"}
			}
		},
		{
			"name": "shield17",
			"from": [12.75, 10.75, 6],
			"to": [13.5, 11.25, 7],
			"faces": {
				"north": {"uv": [0, 0, 5.5, 11.5], "texture": "#0"},
				"east": {"uv": [0, 0, 1, 11.5], "texture": "#0"},
				"south": {"uv": [0, 0, 5.5, 11.5], "texture": "#0"},
				"west": {"uv": [0, 0, 1, 11.5], "texture": "#0"},
				"up": {"uv": [0, 0, 5.5, 1], "texture": "#0"},
				"down": {"uv": [0, 0, 5.5, 1], "texture": "#0"}
			}
		},
		{
			"name": "shield17",
			"from": [2.5, 0.25, 6],
			"to": [3.25, 0.75, 7],
			"faces": {
				"north": {"uv": [0, 0, 5.5, 11.5], "texture": "#0"},
				"east": {"uv": [0, 0, 1, 11.5], "texture": "#0"},
				"south": {"uv": [0, 0, 5.5, 11.5], "texture": "#0"},
				"west": {"uv": [0, 0, 1, 11.5], "texture": "#0"},
				"up": {"uv": [0, 0, 5.5, 1], "texture": "#0"},
				"down": {"uv": [0, 0, 5.5, 1], "texture": "#0"}
			}
		},
		{
			"name": "shield17",
			"from": [9.75, 0.25, 6],
			"to": [12.25, 0.75, 7],
			"faces": {
				"north": {"uv": [0, 0, 5.5, 11.5], "texture": "#0"},
				"east": {"uv": [0, 0, 1, 11.5], "texture": "#0"},
				"south": {"uv": [0, 0, 5.5, 11.5], "texture": "#0"},
				"west": {"uv": [0, 0, 1, 11.5], "texture": "#0"},
				"up": {"uv": [0, 0, 5.5, 1], "texture": "#0"},
				"down": {"uv": [0, 0, 5.5, 1], "texture": "#0"}
			}
		},
		{
			"name": "shield17",
			"from": [6.75, 0.25, 6],
			"to": [9.25, 0.75, 7],
			"faces": {
				"north": {"uv": [0, 0, 5.5, 11.5], "texture": "#0"},
				"east": {"uv": [0, 0, 1, 11.5], "texture": "#0"},
				"south": {"uv": [0, 0, 5.5, 11.5], "texture": "#0"},
				"west": {"uv": [0, 0, 1, 11.5], "texture": "#0"},
				"up": {"uv": [0, 0, 5.5, 1], "texture": "#0"},
				"down": {"uv": [0, 0, 5.5, 1], "texture": "#0"}
			}
		},
		{
			"name": "shield17",
			"from": [3.75, 0.25, 6],
			"to": [6.25, 0.75, 7],
			"faces": {
				"north": {"uv": [0, 0, 5.5, 11.5], "texture": "#0"},
				"east": {"uv": [0, 0, 1, 11.5], "texture": "#0"},
				"south": {"uv": [0, 0, 5.5, 11.5], "texture": "#0"},
				"west": {"uv": [0, 0, 1, 11.5], "texture": "#0"},
				"up": {"uv": [0, 0, 5.5, 1], "texture": "#0"},
				"down": {"uv": [0, 0, 5.5, 1], "texture": "#0"}
			}
		},
		{
			"name": "shield17",
			"from": [12.25, 0.25, 6],
			"to": [12.75, 0.75, 7],
			"faces": {
				"north": {"uv": [0, 0, 5.5, 11.5], "texture": "#1"},
				"east": {"uv": [0, 0, 1, 11.5], "texture": "#1"},
				"south": {"uv": [0, 0, 5.5, 11.5], "texture": "#1"},
				"west": {"uv": [0, 0, 1, 11.5], "texture": "#1"},
				"up": {"uv": [0, 0, 5.5, 1], "texture": "#1"},
				"down": {"uv": [0, 0, 5.5, 1], "texture": "#1"}
			}
		},
		{
			"name": "shield17",
			"from": [12.25, 10.75, 6],
			"to": [12.75, 11.25, 7],
			"faces": {
				"north": {"uv": [0, 0, 5.5, 11.5], "texture": "#1"},
				"east": {"uv": [0, 0, 1, 11.5], "texture": "#1"},
				"south": {"uv": [0, 0, 5.5, 11.5], "texture": "#1"},
				"west": {"uv": [0, 0, 1, 11.5], "texture": "#1"},
				"up": {"uv": [0, 0, 5.5, 1], "texture": "#1"},
				"down": {"uv": [0, 0, 5.5, 1], "texture": "#1"}
			}
		},
		{
			"name": "shield17",
			"from": [9.25, 0.25, 6],
			"to": [9.75, 0.75, 7],
			"faces": {
				"north": {"uv": [0, 0, 5.5, 11.5], "texture": "#1"},
				"east": {"uv": [0, 0, 1, 11.5], "texture": "#1"},
				"south": {"uv": [0, 0, 5.5, 11.5], "texture": "#1"},
				"west": {"uv": [0, 0, 1, 11.5], "texture": "#1"},
				"up": {"uv": [0, 0, 5.5, 1], "texture": "#1"},
				"down": {"uv": [0, 0, 5.5, 1], "texture": "#1"}
			}
		},
		{
			"name": "shield17",
			"from": [6.25, 0.25, 6],
			"to": [6.75, 0.75, 7],
			"faces": {
				"north": {"uv": [0, 0, 5.5, 11.5], "texture": "#1"},
				"east": {"uv": [0, 0, 1, 11.5], "texture": "#1"},
				"south": {"uv": [0, 0, 5.5, 11.5], "texture": "#1"},
				"west": {"uv": [0, 0, 1, 11.5], "texture": "#1"},
				"up": {"uv": [0, 0, 5.5, 1], "texture": "#1"},
				"down": {"uv": [0, 0, 5.5, 1], "texture": "#1"}
			}
		},
		{
			"name": "shield17",
			"from": [3.25, 0.25, 6],
			"to": [3.75, 0.75, 7],
			"faces": {
				"north": {"uv": [0, 0, 5.5, 11.5], "texture": "#1"},
				"east": {"uv": [0, 0, 1, 11.5], "texture": "#1"},
				"south": {"uv": [0, 0, 5.5, 11.5], "texture": "#1"},
				"west": {"uv": [0, 0, 1, 11.5], "texture": "#1"},
				"up": {"uv": [0, 0, 5.5, 1], "texture": "#1"},
				"down": {"uv": [0, 0, 5.5, 1], "texture": "#1"}
			}
		}
	],
	"groups": [
		{
			"name": "ks",
			"origin": [-16, 6, -34],
			"color": 0,
			"children": [
				{
					"name": "lamps",
					"origin": [-4, 19, -30],
					"color": 0,
					"children": [0, 1, 2, 3, 4, 5, 6, 7, 8]
				},
				{
					"name": "hood1",
					"origin": [0, 0, 0],
					"color": 0,
					"children": [9, 10, 11, 12, 13, 14, 15, 16, 17]
				},
				{
					"name": "hood2",
					"origin": [0, 0, 0],
					"color": 0,
					"children": [18, 19, 20, 21, 22, 23, 24, 25, 26]
				},
				{
					"name": "hood3",
					"origin": [0, 0, 0],
					"color": 0,
					"children": [27, 28, 29, 30, 31, 32, 33, 34, 35]
				},
				{
					"name": "hood4",
					"origin": [0, 0, 0],
					"color": 0,
					"children": [36, 37, 38, 39, 40, 41, 42, 43, 44]
				},
				{
					"name": "hood5",
					"origin": [0, 0, 0],
					"color": 0,
					"children": [45, 46, 47, 48, 49, 50, 51, 52, 53]
				},
				{
					"name": "hood6",
					"origin": [0, 0, 0],
					"color": 0,
					"children": [54, 55, 56, 57, 58, 59, 60, 61, 62]
				},
				{
					"name": "hood7",
					"origin": [0, 0, 0],
					"color": 0,
					"children": [63, 64, 65, 66, 67, 68, 69, 70, 71]
				},
				{
					"name": "hood8",
					"origin": [0, 0, 0],
					"color": 0,
					"children": [72, 73, 74, 75, 76, 77, 78, 79, 80]
				},
				{
					"name": "hood9",
					"origin": [0, 0, 0],
					"color": 0,
					"children": [81, 82, 83, 84, 85, 86, 87, 88, 89]
				},
				{
					"name": "shield",
					"origin": [-14, 16, -28],
					"color": 0,
					"children": [90, 91, 92, 93, 94, 95, 96, 97, 98, 99, 100, 101, 102, 103, 104, 105, 106, 107, 108, 109, 110, 111, 112, 113, 114, 115, 116, 117, 118, 119, 120, 121, 122, 123]
				}
			]
		}
	]
}