{
	"credit": "Made with Blockbench by Mc_Jeronimo",
	"texture_size": [32, 32],
	"textures": {
		"0": "opensignals:blocks/projekt675signale/default/shield_black",
		"1": "opensignals:blocks/projekt675signale/default/shield_gray",
		"particle": "opensignals:blocks/projekt675signale/default/shield_black",
		"lamp_greennorth": "opensignals:blocks/projekt675signale/lamps/lamp_dark",
		"lamp_yellownorth": "opensignals:blocks/projekt675signale/lamps/lamp_dark",
		"lamp_white_kl_wdhnorth": "opensignals:blocks/projekt675signale/lamps/lamp_dark",
		"lamp_white_vkwnorth": "opensignals:blocks/projekt675signale/lamps/lamp_dark"
	},
	"elements": [
		{
			"name": "lamp_green",
			"from": [8.5, 9.5, 5.9],
			"to": [12.5, 13.5, 5.9],
			"faces": {
				"north": {"uv": [0, 0, 4.3125, 4.3125], "texture": "#lamp_greennorth"}
			}
		},
		{
			"name": "lamp_yellow",
			"from": [3.5, 9.5, 5.9],
			"to": [7.5, 13.5, 5.9],
			"faces": {
				"north": {"uv": [0, 0, 4.3125, 4.3125], "texture": "#lamp_yellownorth"}
			}
		},
		{
			"name": "lamp_white_kl_wdh",
			"from": [10, 2, 5.9],
			"to": [12, 4, 5.9],
			"faces": {
				"north": {"uv": [0, 0, 4.3125, 4.3125], "texture": "#lamp_white_kl_wdhnorth"}
			}
		},
		{
			"name": "lamp_white_vkw",
			"from": [10, 18, 5.9],
			"to": [12, 20, 5.9],
			"faces": {
				"north": {"uv": [0, 0, 4.3125, 4.3125], "texture": "#lamp_white_vkwnorth"}
			}
		},
		{
			"name": "shield8",
			"from": [12.5, 13, 10],
			"to": [13.5, 14, 19],
			"faces": {
				"east": {"uv": [0, 0, 5, 0.5], "texture": "#1"},
				"west": {"uv": [0, 0, 5, 0.5], "texture": "#1"},
				"up": {"uv": [0, 0, 0.5, 5], "texture": "#1"},
				"down": {"uv": [0, 0, 0.5, 5], "texture": "#1"}
			}
		},
		{
			"name": "shield9",
			"from": [2.5, 13, 10],
			"to": [3.5, 14, 19],
			"faces": {
				"east": {"uv": [0, 0, 5, 0.5], "texture": "#1"},
				"west": {"uv": [0, 0, 5, 0.5], "texture": "#1"},
				"up": {"uv": [0, 0, 0.5, 5], "texture": "#1"},
				"down": {"uv": [0, 0, 0.5, 5], "texture": "#1"}
			}
		},
		{
			"name": "shield11",
			"from": [2.5, 13, 19],
			"to": [13.5, 14, 20],
			"faces": {
				"north": {"uv": [9.25, 9, 14.75, 9.5], "texture": "#1"},
				"east": {"uv": [6.5, 9, 7, 9.5], "texture": "#1"},
				"south": {"uv": [1.25, 9, 6.75, 9.5], "texture": "#1"},
				"west": {"uv": [9, 9, 9.5, 9.5], "texture": "#1"},
				"up": {"uv": [1.25, 9, 6.75, 9.5], "texture": "#1"},
				"down": {"uv": [1.25, 6.5, 6.75, 7], "texture": "#1"}
			}
		},
		{
			"name": "shield12",
			"from": [4, 1, 19],
			"to": [5, 13, 20],
			"faces": {
				"north": {"uv": [0, 0, 0.5, 5.5], "texture": "#1"},
				"east": {"uv": [0, 0, 0.5, 5.5], "texture": "#1"},
				"south": {"uv": [0, 0, 0.5, 5.5], "texture": "#1"},
				"west": {"uv": [0, 0, 0.5, 5.5], "texture": "#1"}
			}
		},
		{
			"name": "shield13",
			"from": [11, 1, 19],
			"to": [12, 13, 20],
			"faces": {
				"north": {"uv": [0, 0, 0.5, 5.5], "texture": "#1"},
				"east": {"uv": [0, 0, 0.5, 5.5], "texture": "#1"},
				"south": {"uv": [0, 0, 0.5, 5.5], "texture": "#1"},
				"west": {"uv": [0, 0, 0.5, 5.5], "texture": "#1"}
			}
		},
		{
			"name": "shield15",
			"from": [4, 0, 10],
			"to": [12, 1, 20],
			"faces": {
				"north": {"uv": [0, 0, 4, 0.5], "texture": "#1"},
				"east": {"uv": [0, 0, 3.5, 0.5], "texture": "#1"},
				"south": {"uv": [0, 0, 4, 0.5], "texture": "#1"},
				"west": {"uv": [0, 0, 3.5, 0.5], "texture": "#1"},
				"up": {"uv": [0, 0, 4, 3.5], "texture": "#1"},
				"down": {"uv": [0, 0, 4, 3.5], "texture": "#1"}
			}
		},
		{
			"name": "shield17",
			"from": [2.5, 0, 7],
			"to": [13.5, 22, 10],
			"faces": {
				"north": {"uv": [0, 0, 5.5, 11.5], "texture": "#0"},
				"east": {"uv": [0, 0, 1, 11.5], "texture": "#0"},
				"south": {"uv": [0, 0, 5.5, 11.5], "texture": "#0"},
				"west": {"uv": [0, 0, 1, 11.5], "texture": "#0"},
				"up": {"uv": [0, 0, 5.5, 1], "texture": "#0"},
				"down": {"uv": [0, 0, 5.5, 1], "texture": "#0"}
			}
		},
		{
			"name": "shield17",
			"from": [2.5, 0, 6],
			"to": [13.5, 0.25, 7],
			"faces": {
				"north": {"uv": [0, 0, 5.5, 11.5], "texture": "#0"},
				"east": {"uv": [0, 0, 1, 11.5], "texture": "#0"},
				"south": {"uv": [0, 0, 5.5, 11.5], "texture": "#0"},
				"west": {"uv": [0, 0, 1, 11.5], "texture": "#0"},
				"up": {"uv": [0, 0, 5.5, 1], "texture": "#0"},
				"down": {"uv": [0, 0, 5.5, 1], "texture": "#0"}
			}
		},
		{
			"name": "shield17",
			"from": [2.5, 0.75, 6],
			"to": [13.5, 10.75, 7],
			"faces": {
				"north": {"uv": [0, 0, 5.5, 11.5], "texture": "#0"},
				"east": {"uv": [0, 0, 1, 11.5], "texture": "#0"},
				"south": {"uv": [0, 0, 5.5, 11.5], "texture": "#0"},
				"west": {"uv": [0, 0, 1, 11.5], "texture": "#0"},
				"up": {"uv": [0, 0, 5.5, 1], "texture": "#0"},
				"down": {"uv": [0, 0, 5.5, 1], "texture": "#0"}
			}
		},
		{
			"name": "shield17",
			"from": [2.5, 21.25, 6],
			"to": [3.25, 21.75, 7],
			"faces": {
				"north": {"uv": [0, 0, 5.5, 11.5], "texture": "#0"},
				"east": {"uv": [0, 0, 1, 11.5], "texture": "#0"},
				"south": {"uv": [0, 0, 5.5, 11.5], "texture": "#0"},
				"west": {"uv": [0, 0, 1, 11.5], "texture": "#0"},
				"up": {"uv": [0, 0, 5.5, 1], "texture": "#0"},
				"down": {"uv": [0, 0, 5.5, 1], "texture": "#0"}
			}
		},
		{
			"name": "shield17",
			"from": [3.25, 21.25, 6],
			"to": [3.75, 21.75, 7],
			"faces": {
				"north": {"uv": [0, 0, 5.5, 11.5], "texture": "#1"},
				"east": {"uv": [0, 0, 1, 11.5], "texture": "#1"},
				"south": {"uv": [0, 0, 5.5, 11.5], "texture": "#1"},
				"west": {"uv": [0, 0, 1, 11.5], "texture": "#1"},
				"up": {"uv": [0, 0, 5.5, 1], "texture": "#1"},
				"down": {"uv": [0, 0, 5.5, 1], "texture": "#1"}
			}
		},
		{
			"name": "shield17",
			"from": [3.75, 21.25, 6],
			"to": [6.25, 21.75, 7],
			"faces": {
				"north": {"uv": [0, 0, 5.5, 11.5], "texture": "#0"},
				"east": {"uv": [0, 0, 1, 11.5], "texture": "#0"},
				"south": {"uv": [0, 0, 5.5, 11.5], "texture": "#0"},
				"west": {"uv": [0, 0, 1, 11.5], "texture": "#0"},
				"up": {"uv": [0, 0, 5.5, 1], "texture": "#0"},
				"down": {"uv": [0, 0, 5.5, 1], "texture": "#0"}
			}
		},
		{
			"name": "shield17",
			"from": [6.25, 21.25, 6],
			"to": [6.75, 21.75, 7],
			"faces": {
				"north": {"uv": [0, 0, 5.5, 11.5], "texture": "#1"},
				"east": {"uv": [0, 0, 1, 11.5], "texture": "#1"},
				"south": {"uv": [0, 0, 5.5, 11.5], "texture": "#1"},
				"west": {"uv": [0, 0, 1, 11.5], "texture": "#1"},
				"up": {"uv": [0, 0, 5.5, 1], "texture": "#1"},
				"down": {"uv": [0, 0, 5.5, 1], "texture": "#1"}
			}
		},
		{
			"name": "shield17",
			"from": [6.75, 21.25, 6],
			"to": [9.25, 21.75, 7],
			"faces": {
				"north": {"uv": [0, 0, 5.5, 11.5], "texture": "#0"},
				"east": {"uv": [0, 0, 1, 11.5], "texture": "#0"},
				"south": {"uv": [0, 0, 5.5, 11.5], "texture": "#0"},
				"west": {"uv": [0, 0, 1, 11.5], "texture": "#0"},
				"up": {"uv": [0, 0, 5.5, 1], "texture": "#0"},
				"down": {"uv": [0, 0, 5.5, 1], "texture": "#0"}
			}
		},
		{
			"name": "shield17",
			"from": [9.25, 21.25, 6],
			"to": [9.75, 21.75, 7],
			"faces": {
				"north": {"uv": [0, 0, 5.5, 11.5], "texture": "#1"},
				"east": {"uv": [0, 0, 1, 11.5], "texture": "#1"},
				"south": {"uv": [0, 0, 5.5, 11.5], "texture": "#1"},
				"west": {"uv": [0, 0, 1, 11.5], "texture": "#1"},
				"up": {"uv": [0, 0, 5.5, 1], "texture": "#1"},
				"down": {"uv": [0, 0, 5.5, 1], "texture": "#1"}
			}
		},
		{
			"name": "shield17",
			"from": [2.5, 11.25, 6],
			"to": [13.5, 21.25, 7],
			"faces": {
				"north": {"uv": [0, 0, 5.5, 11.5], "texture": "#0"},
				"east": {"uv": [0, 0, 1, 11.5], "texture": "#0"},
				"south": {"uv": [0, 0, 5.5, 11.5], "texture": "#0"},
				"west": {"uv": [0, 0, 1, 11.5], "texture": "#0"},
				"up": {"uv": [0, 0, 5.5, 1], "texture": "#0"},
				"down": {"uv": [0, 0, 5.5, 1], "texture": "#0"}
			}
		},
		{
			"name": "shield17",
			"from": [12.25, 21.25, 6],
			"to": [12.75, 21.75, 7],
			"faces": {
				"north": {"uv": [0, 0, 5.5, 11.5], "texture": "#1"},
				"east": {"uv": [0, 0, 1, 11.5], "texture": "#1"},
				"south": {"uv": [0, 0, 5.5, 11.5], "texture": "#1"},
				"west": {"uv": [0, 0, 1, 11.5], "texture": "#1"},
				"up": {"uv": [0, 0, 5.5, 1], "texture": "#1"},
				"down": {"uv": [0, 0, 5.5, 1], "texture": "#1"}
			}
		},
		{
			"name": "shield17",
			"from": [12.75, 21.25, 6],
			"to": [13.5, 21.75, 7],
			"faces": {
				"north": {"uv": [0, 0, 5.5, 11.5], "texture": "#0"},
				"east": {"uv": [0, 0, 1, 11.5], "texture": "#0"},
				"south": {"uv": [0, 0, 5.5, 11.5], "texture": "#0"},
				"west": {"uv": [0, 0, 1, 11.5], "texture": "#0"},
				"up": {"uv": [0, 0, 5.5, 1], "texture": "#0"},
				"down": {"uv": [0, 0, 5.5, 1], "texture": "#0"}
			}
		},
		{
			"name": "shield17",
			"from": [9.75, 21.25, 6],
			"to": [12.25, 21.75, 7],
			"faces": {
				"north": {"uv": [0, 0, 5.5, 11.5], "texture": "#0"},
				"east": {"uv": [0, 0, 1, 11.5], "texture": "#0"},
				"south": {"uv": [0, 0, 5.5, 11.5], "texture": "#0"},
				"west": {"uv": [0, 0, 1, 11.5], "texture": "#0"},
				"up": {"uv": [0, 0, 5.5, 1], "texture": "#0"},
				"down": {"uv": [0, 0, 5.5, 1], "texture": "#0"}
			}
		},
		{
			"name": "shield17",
			"from": [2.5, 21.75, 6],
			"to": [13.5, 22, 7],
			"faces": {
				"north": {"uv": [0, 0, 5.5, 11.5], "texture": "#0"},
				"east": {"uv": [0, 0, 1, 11.5], "texture": "#0"},
				"south": {"uv": [0, 0, 5.5, 11.5], "texture": "#0"},
				"west": {"uv": [0, 0, 1, 11.5], "texture": "#0"},
				"up": {"uv": [0, 0, 5.5, 1], "texture": "#0"},
				"down": {"uv": [0, 0, 5.5, 1], "texture": "#0"}
			}
		},
		{
			"name": "shield17",
			"from": [12.75, 0.25, 6],
			"to": [13.5, 0.75, 7],
			"faces": {
				"north": {"uv": [0, 0, 5.5, 11.5], "texture": "#0"},
				"east": {"uv": [0, 0, 1, 11.5], "texture": "#0"},
				"south": {"uv": [0, 0, 5.5, 11.5], "texture": "#0"},
				"west": {"uv": [0, 0, 1, 11.5], "texture": "#0"},
				"up": {"uv": [0, 0, 5.5, 1], "texture": "#0"},
				"down": {"uv": [0, 0, 5.5, 1], "texture": "#0"}
			}
		},
		{
			"name": "shield17",
			"from": [3.75, 10.75, 6],
			"to": [12.25, 11.25, 7],
			"faces": {
				"north": {"uv": [0, 0, 5.5, 11.5], "texture": "#0"},
				"east": {"uv": [0, 0, 1, 11.5], "texture": "#0"},
				"south": {"uv": [0, 0, 5.5, 11.5], "texture": "#0"},
				"west": {"uv": [0, 0, 1, 11.5], "texture": "#0"},
				"up": {"uv": [0, 0, 5.5, 1], "texture": "#0"},
				"down": {"uv": [0, 0, 5.5, 1], "texture": "#0"}
			}
		},
		{
			"name": "shield17",
			"from": [2.5, 10.75, 6],
			"to": [3.25, 11.25, 7],
			"faces": {
				"north": {"uv": [0, 0, 5.5, 11.5], "texture": "#0"},
				"east": {"uv": [0, 0, 1, 11.5], "texture": "#0"},
				"south": {"uv": [0, 0, 5.5, 11.5], "texture": "#0"},
				"west": {"uv": [0, 0, 1, 11.5], "texture": "#0"},
				"up": {"uv": [0, 0, 5.5, 1], "texture": "#0"},
				"down": {"uv": [0, 0, 5.5, 1], "texture": "#0"}
			}
		},
		{
			"name": "shield17",
			"from": [3.25, 10.75, 6],
			"to": [3.75, 11.25, 7],
			"faces": {
				"north": {"uv": [0, 0, 5.5, 11.5], "texture": "#1"},
				"east": {"uv": [0, 0, 1, 11.5], "texture": "#1"},
				"south": {"uv": [0, 0, 5.5, 11.5], "texture": "#1"},
				"west": {"uv": [0, 0, 1, 11.5], "texture": "#1"},
				"up": {"uv": [0, 0, 5.5, 1], "texture": "#1"},
				"down": {"uv": [0, 0, 5.5, 1], "texture": "#1"}
			}
		},
		{
			"name": "shield17",
			"from": [12.75, 10.75, 6],
			"to": [13.5, 11.25, 7],
			"faces": {
				"north": {"uv": [0, 0, 5.5, 11.5], "texture": "#0"},
				"east": {"uv": [0, 0, 1, 11.5], "texture": "#0"},
				"south": {"uv": [0, 0, 5.5, 11.5], "texture": "#0"},
				"west": {"uv": [0, 0, 1, 11.5], "texture": "#0"},
				"up": {"uv": [0, 0, 5.5, 1], "texture": "#0"},
				"down": {"uv": [0, 0, 5.5, 1], "texture": "#0"}
			}
		},
		{
			"name": "shield17",
			"from": [2.5, 0.25, 6],
			"to": [3.25, 0.75, 7],
			"faces": {
				"north": {"uv": [0, 0, 5.5, 11.5], "texture": "#0"},
				"east": {"uv": [0, 0, 1, 11.5], "texture": "#0"},
				"south": {"uv": [0, 0, 5.5, 11.5], "texture": "#0"},
				"west": {"uv": [0, 0, 1, 11.5], "texture": "#0"},
				"up": {"uv": [0, 0, 5.5, 1], "texture": "#0"},
				"down": {"uv": [0, 0, 5.5, 1], "texture": "#0"}
			}
		},
		{
			"name": "shield17",
			"from": [9.75, 0.25, 6],
			"to": [12.25, 0.75, 7],
			"faces": {
				"north": {"uv": [0, 0, 5.5, 11.5], "texture": "#0"},
				"east": {"uv": [0, 0, 1, 11.5], "texture": "#0"},
				"south": {"uv": [0, 0, 5.5, 11.5], "texture": "#0"},
				"west": {"uv": [0, 0, 1, 11.5], "texture": "#0"},
				"up": {"uv": [0, 0, 5.5, 1], "texture": "#0"},
				"down": {"uv": [0, 0, 5.5, 1], "texture": "#0"}
			}
		},
		{
			"name": "shield17",
			"from": [6.75, 0.25, 6],
			"to": [9.25, 0.75, 7],
			"faces": {
				"north": {"uv": [0, 0, 5.5, 11.5], "texture": "#0"},
				"east": {"uv": [0, 0, 1, 11.5], "texture": "#0"},
				"south": {"uv": [0, 0, 5.5, 11.5], "texture": "#0"},
				"west": {"uv": [0, 0, 1, 11.5], "texture": "#0"},
				"up": {"uv": [0, 0, 5.5, 1], "texture": "#0"},
				"down": {"uv": [0, 0, 5.5, 1], "texture": "#0"}
			}
		},
		{
			"name": "shield17",
			"from": [3.75, 0.25, 6],
			"to": [6.25, 0.75, 7],
			"faces": {
				"north": {"uv": [0, 0, 5.5, 11.5], "texture": "#0"},
				"east": {"uv": [0, 0, 1, 11.5], "texture": "#0"},
				"south": {"uv": [0, 0, 5.5, 11.5], "texture": "#0"},
				"west": {"uv": [0, 0, 1, 11.5], "texture": "#0"},
				"up": {"uv": [0, 0, 5.5, 1], "texture": "#0"},
				"down": {"uv": [0, 0, 5.5, 1], "texture": "#0"}
			}
		},
		{
			"name": "shield17",
			"from": [12.25, 0.25, 6],
			"to": [12.75, 0.75, 7],
			"faces": {
				"north": {"uv": [0, 0, 5.5, 11.5], "texture": "#1"},
				"east": {"uv": [0, 0, 1, 11.5], "texture": "#1"},
				"south": {"uv": [0, 0, 5.5, 11.5], "texture": "#1"},
				"west": {"uv": [0, 0, 1, 11.5], "texture": "#1"},
				"up": {"uv": [0, 0, 5.5, 1], "texture": "#1"},
				"down": {"uv": [0, 0, 5.5, 1], "texture": "#1"}
			}
		},
		{
			"name": "shield17",
			"from": [12.25, 10.75, 6],
			"to": [12.75, 11.25, 7],
			"faces": {
				"north": {"uv": [0, 0, 5.5, 11.5], "texture": "#1"},
				"east": {"uv": [0, 0, 1, 11.5], "texture": "#1"},
				"south": {"uv": [0, 0, 5.5, 11.5], "texture": "#1"},
				"west": {"uv": [0, 0, 1, 11.5], "texture": "#1"},
				"up": {"uv": [0, 0, 5.5, 1], "texture": "#1"},
				"down": {"uv": [0, 0, 5.5, 1], "texture": "#1"}
			}
		},
		{
			"name": "shield17",
			"from": [9.25, 0.25, 6],
			"to": [9.75, 0.75, 7],
			"faces": {
				"north": {"uv": [0, 0, 5.5, 11.5], "texture": "#1"},
				"east": {"uv": [0, 0, 1, 11.5], "texture": "#1"},
				"south": {"uv": [0, 0, 5.5, 11.5], "texture": "#1"},
				"west": {"uv": [0, 0, 1, 11.5], "texture": "#1"},
				"up": {"uv": [0, 0, 5.5, 1], "texture": "#1"},
				"down": {"uv": [0, 0, 5.5, 1], "texture": "#1"}
			}
		},
		{
			"name": "shield17",
			"from": [6.25, 0.25, 6],
			"to": [6.75, 0.75, 7],
			"faces": {
				"north": {"uv": [0, 0, 5.5, 11.5], "texture": "#1"},
				"east": {"uv": [0, 0, 1, 11.5], "texture": "#1"},
				"south": {"uv": [0, 0, 5.5, 11.5], "texture": "#1"},
				"west": {"uv": [0, 0, 1, 11.5], "texture": "#1"},
				"up": {"uv": [0, 0, 5.5, 1], "texture": "#1"},
				"down": {"uv": [0, 0, 5.5, 1], "texture": "#1"}
			}
		},
		{
			"name": "shield17",
			"from": [3.25, 0.25, 6],
			"to": [3.75, 0.75, 7],
			"faces": {
				"north": {"uv": [0, 0, 5.5, 11.5], "texture": "#1"},
				"east": {"uv": [0, 0, 1, 11.5], "texture": "#1"},
				"south": {"uv": [0, 0, 5.5, 11.5], "texture": "#1"},
				"west": {"uv": [0, 0, 1, 11.5], "texture": "#1"},
				"up": {"uv": [0, 0, 5.5, 1], "texture": "#1"},
				"down": {"uv": [0, 0, 5.5, 1], "texture": "#1"}
			}
		},
		{
			"name": "hoods1_3",
			"from": [5.975, 12.964, 2],
			"to": [6.675, 13.239, 6],
			"rotation": {"angle": -22.5, "axis": "z", "origin": [7.375, 12.975, 6]},
			"faces": {
				"north": {"uv": [0, 0, 0.5, 0.5], "rotation": 90, "texture": "#0"},
				"east": {"uv": [0, 0, 0.5, 1], "rotation": 270, "texture": "#0"},
				"west": {"uv": [0, 0, 0.5, 1], "rotation": 270, "texture": "#0"},
				"up": {"uv": [0, 0, 1, 0.5], "rotation": 270, "texture": "#0"},
				"down": {"uv": [0, 0, 1, 0.5], "rotation": 270, "texture": "#0"}
			}
		},
		{
			"name": "hoods1_2",
			"from": [9.825, 13.495, 2],
			"to": [11.185, 13.755, 6],
			"rotation": {"angle": 0, "axis": "y", "origin": [2.5, -4.25, 0]},
			"faces": {
				"north": {"uv": [0, 0, 0.5, 0.5], "texture": "#0"},
				"east": {"uv": [0, 0, 1, 0.5], "texture": "#0"},
				"west": {"uv": [0, 0, 1, 0.5], "texture": "#0"},
				"up": {"uv": [0, 0, 1, 0.5], "texture": "#0"},
				"down": {"uv": [0, 0, 1, 0.5], "texture": "#0"}
			}
		},
		{
			"name": "hoods1_1",
			"from": [8.3, 11.425, 5],
			"to": [8.55, 12.25, 6],
			"rotation": {"angle": 0, "axis": "y", "origin": [2.5, -4.25, 0]},
			"faces": {
				"north": {"uv": [0, 0, 0.5, 1], "texture": "#0"},
				"east": {"uv": [0, 0, 0.5, 1], "texture": "#0"},
				"west": {"uv": [0, 0, 0.5, 1], "texture": "#0"},
				"up": {"uv": [0, 0, 0.5, 0.5], "texture": "#0"},
				"down": {"uv": [0, 0, 0.5, 0.5], "texture": "#0"}
			}
		},
		{
			"name": "hoods1_1",
			"from": [12.45, 11.425, 5],
			"to": [12.7, 12.25, 6],
			"rotation": {"angle": 0, "axis": "y", "origin": [2.5, -4.25, 0]},
			"faces": {
				"north": {"uv": [0, 0, 0.5, 1], "texture": "#0"},
				"east": {"uv": [0, 0, 0.5, 1], "texture": "#0"},
				"west": {"uv": [0, 0, 0.5, 1], "texture": "#0"},
				"up": {"uv": [0, 0, 0.5, 0.5], "texture": "#0"},
				"down": {"uv": [0, 0, 0.5, 0.5], "texture": "#0"}
			}
		},
		{
			"name": "hoods1_3",
			"from": [8.892, 10.742, 4],
			"to": [9.167, 11.417, 6],
			"rotation": {"angle": -22.5, "axis": "z", "origin": [12.375, 12.975, 6]},
			"faces": {
				"north": {"uv": [0, 0, 0.5, 0.5], "texture": "#0"},
				"east": {"uv": [0, 0, 1, 0.5], "texture": "#0"},
				"west": {"uv": [0, 0, 1, 0.5], "texture": "#0"},
				"up": {"uv": [0, 0, 0.5, 1], "texture": "#0"},
				"down": {"uv": [0, 0, 0.5, 1], "texture": "#0"}
			}
		},
		{
			"name": "hoods1_3",
			"from": [12.125, 12.175, 4],
			"to": [12.4, 12.85, 6],
			"rotation": {"angle": 22.5, "axis": "z", "origin": [12.375, 12.975, 6]},
			"faces": {
				"north": {"uv": [0, 0, 0.5, 0.5], "texture": "#0"},
				"east": {"uv": [0, 0, 1, 0.5], "texture": "#0"},
				"west": {"uv": [0, 0, 1, 0.5], "texture": "#0"},
				"up": {"uv": [0, 0, 0.5, 1], "texture": "#0"},
				"down": {"uv": [0, 0, 0.5, 1], "texture": "#0"}
			}
		},
		{
			"name": "hoods1_3",
			"from": [9.603, 15.322, 4],
			"to": [10.478, 15.597, 6],
			"rotation": {"angle": 45, "axis": "z", "origin": [12.375, 12.975, 6]},
			"faces": {
				"north": {"uv": [0, 0, 0.5, 0.5], "rotation": 90, "texture": "#0"},
				"east": {"uv": [0, 0, 0.5, 1], "rotation": 270, "texture": "#0"},
				"west": {"uv": [0, 0, 0.5, 1], "rotation": 270, "texture": "#0"},
				"up": {"uv": [0, 0, 1, 0.5], "rotation": 270, "texture": "#0"},
				"down": {"uv": [0, 0, 1, 0.5], "rotation": 270, "texture": "#0"}
			}
		},
		{
			"name": "hoods1_3",
			"from": [12.075, 12.85, 4],
			"to": [12.35, 13.725, 6],
			"rotation": {"angle": 45, "axis": "z", "origin": [12.375, 12.975, 6]},
			"faces": {
				"north": {"uv": [0, 0, 0.5, 0.5], "texture": "#0"},
				"east": {"uv": [0, 0, 1, 0.5], "texture": "#0"},
				"west": {"uv": [0, 0, 1, 0.5], "texture": "#0"},
				"up": {"uv": [0, 0, 0.5, 1], "texture": "#0"},
				"down": {"uv": [0, 0, 0.5, 1], "texture": "#0"}
			}
		},
		{
			"name": "hoods1_3",
			"from": [9.619, 14.397, 2],
			"to": [10.319, 14.672, 6],
			"rotation": {"angle": 22.5, "axis": "z", "origin": [12.375, 12.975, 6]},
			"faces": {
				"north": {"uv": [0, 0, 0.5, 0.5], "rotation": 90, "texture": "#0"},
				"east": {"uv": [0, 0, 0.5, 1], "rotation": 270, "texture": "#0"},
				"west": {"uv": [0, 0, 0.5, 1], "rotation": 270, "texture": "#0"},
				"up": {"uv": [0, 0, 1, 0.5], "rotation": 270, "texture": "#0"},
				"down": {"uv": [0, 0, 1, 0.5], "rotation": 270, "texture": "#0"}
			}
		},
		{
			"name": "hoods1_3",
			"from": [10.975, 12.964, 2],
			"to": [11.675, 13.239, 6],
			"rotation": {"angle": -22.5, "axis": "z", "origin": [12.375, 12.975, 6]},
			"faces": {
				"north": {"uv": [0, 0, 0.5, 0.5], "rotation": 90, "texture": "#0"},
				"east": {"uv": [0, 0, 0.5, 1], "rotation": 270, "texture": "#0"},
				"west": {"uv": [0, 0, 0.5, 1], "rotation": 270, "texture": "#0"},
				"up": {"uv": [0, 0, 1, 0.5], "rotation": 270, "texture": "#0"},
				"down": {"uv": [0, 0, 1, 0.5], "rotation": 270, "texture": "#0"}
			}
		},
		{
			"name": "hoods1_3",
			"from": [4.619, 14.397, 2],
			"to": [5.319, 14.672, 6],
			"rotation": {"angle": 22.5, "axis": "z", "origin": [7.375, 12.975, 6]},
			"faces": {
				"north": {"uv": [0, 0, 0.5, 0.5], "rotation": 90, "texture": "#0"},
				"east": {"uv": [0, 0, 0.5, 1], "rotation": 270, "texture": "#0"},
				"west": {"uv": [0, 0, 0.5, 1], "rotation": 270, "texture": "#0"},
				"up": {"uv": [0, 0, 1, 0.5], "rotation": 270, "texture": "#0"},
				"down": {"uv": [0, 0, 1, 0.5], "rotation": 270, "texture": "#0"}
			}
		},
		{
			"name": "hoods1_3",
			"from": [7.075, 12.85, 4],
			"to": [7.35, 13.725, 6],
			"rotation": {"angle": 45, "axis": "z", "origin": [7.375, 12.975, 6]},
			"faces": {
				"north": {"uv": [0, 0, 0.5, 0.5], "texture": "#0"},
				"east": {"uv": [0, 0, 1, 0.5], "texture": "#0"},
				"west": {"uv": [0, 0, 1, 0.5], "texture": "#0"},
				"up": {"uv": [0, 0, 0.5, 1], "texture": "#0"},
				"down": {"uv": [0, 0, 0.5, 1], "texture": "#0"}
			}
		},
		{
			"name": "hoods1_3",
			"from": [4.603, 15.322, 4],
			"to": [5.478, 15.597, 6],
			"rotation": {"angle": 45, "axis": "z", "origin": [7.375, 12.975, 6]},
			"faces": {
				"north": {"uv": [0, 0, 0.5, 0.5], "rotation": 90, "texture": "#0"},
				"east": {"uv": [0, 0, 0.5, 1], "rotation": 270, "texture": "#0"},
				"west": {"uv": [0, 0, 0.5, 1], "rotation": 270, "texture": "#0"},
				"up": {"uv": [0, 0, 1, 0.5], "rotation": 270, "texture": "#0"},
				"down": {"uv": [0, 0, 1, 0.5], "rotation": 270, "texture": "#0"}
			}
		},
		{
			"name": "hoods1_3",
			"from": [7.125, 12.175, 4],
			"to": [7.4, 12.85, 6],
			"rotation": {"angle": 22.5, "axis": "z", "origin": [7.375, 12.975, 6]},
			"faces": {
				"north": {"uv": [0, 0, 0.5, 0.5], "texture": "#0"},
				"east": {"uv": [0, 0, 1, 0.5], "texture": "#0"},
				"west": {"uv": [0, 0, 1, 0.5], "texture": "#0"},
				"up": {"uv": [0, 0, 0.5, 1], "texture": "#0"},
				"down": {"uv": [0, 0, 0.5, 1], "texture": "#0"}
			}
		},
		{
			"name": "hoods1_3",
			"from": [3.892, 10.742, 4],
			"to": [4.167, 11.417, 6],
			"rotation": {"angle": -22.5, "axis": "z", "origin": [7.375, 12.975, 6]},
			"faces": {
				"north": {"uv": [0, 0, 0.5, 0.5], "texture": "#0"},
				"east": {"uv": [0, 0, 1, 0.5], "texture": "#0"},
				"west": {"uv": [0, 0, 1, 0.5], "texture": "#0"},
				"up": {"uv": [0, 0, 0.5, 1], "texture": "#0"},
				"down": {"uv": [0, 0, 0.5, 1], "texture": "#0"}
			}
		},
		{
			"name": "hoods1_1",
			"from": [7.45, 11.425, 5],
			"to": [7.7, 12.25, 6],
			"rotation": {"angle": 0, "axis": "y", "origin": [-2.5, -4.25, 0]},
			"faces": {
				"north": {"uv": [0, 0, 0.5, 1], "texture": "#0"},
				"east": {"uv": [0, 0, 0.5, 1], "texture": "#0"},
				"west": {"uv": [0, 0, 0.5, 1], "texture": "#0"},
				"up": {"uv": [0, 0, 0.5, 0.5], "texture": "#0"},
				"down": {"uv": [0, 0, 0.5, 0.5], "texture": "#0"}
			}
		},
		{
			"name": "hoods1_1",
			"from": [3.3, 11.425, 5],
			"to": [3.55, 12.25, 6],
			"rotation": {"angle": 0, "axis": "y", "origin": [-2.5, -4.25, 0]},
			"faces": {
				"north": {"uv": [0, 0, 0.5, 1], "texture": "#0"},
				"east": {"uv": [0, 0, 0.5, 1], "texture": "#0"},
				"west": {"uv": [0, 0, 0.5, 1], "texture": "#0"},
				"up": {"uv": [0, 0, 0.5, 0.5], "texture": "#0"},
				"down": {"uv": [0, 0, 0.5, 0.5], "texture": "#0"}
			}
		},
		{
			"name": "hoods1_2",
			"from": [4.825, 13.495, 2],
			"to": [6.185, 13.755, 6],
			"rotation": {"angle": 0, "axis": "y", "origin": [-2.5, -4.25, 0]},
			"faces": {
				"north": {"uv": [0, 0, 0.5, 0.5], "texture": "#0"},
				"east": {"uv": [0, 0, 1, 0.5], "texture": "#0"},
				"west": {"uv": [0, 0, 1, 0.5], "texture": "#0"},
				"up": {"uv": [0, 0, 1, 0.5], "texture": "#0"},
				"down": {"uv": [0, 0, 1, 0.5], "texture": "#0"}
			}
		},
		{
			"name": "hoods1_2",
			"from": [10.683, 19.924, 4],
			"to": [11.319, 20.184, 6],
			"rotation": {"angle": 0, "axis": "y", "origin": [10.975, 20.125, 6]},
			"faces": {
				"north": {"uv": [0, 0, 0.5, 0.5], "rotation": 180, "texture": "#0"},
				"east": {"uv": [0, 0, 1, 0.5], "rotation": 180, "texture": "#0"},
				"west": {"uv": [0, 0, 1, 0.5], "rotation": 180, "texture": "#0"},
				"up": {"uv": [0, 0, 1, 0.5], "rotation": 180, "texture": "#0"},
				"down": {"uv": [0, 0, 1, 0.5], "rotation": 180, "texture": "#0"}
			}
		},
		{
			"name": "hoods1_2",
			"from": [11.971, 18.724, 5],
			"to": [12.231, 19.18, 6],
			"rotation": {"angle": 0, "axis": "y", "origin": [10.895, 19.797, 6]},
			"faces": {
				"north": {"uv": [0, 0, 0.5, 0.5], "rotation": 90, "texture": "#0"},
				"east": {"uv": [0, 0, 1, 0.5], "rotation": 270, "texture": "#0"},
				"west": {"uv": [0, 0, 1, 0.5], "rotation": 270, "texture": "#0"},
				"up": {"uv": [0, 0, 1, 0.5], "rotation": 270, "texture": "#0"},
				"down": {"uv": [0, 0, 1, 0.5], "rotation": 270, "texture": "#0"}
			}
		},
		{
			"name": "hoods1_2",
			"from": [9.771, 18.724, 5],
			"to": [10.031, 19.18, 6],
			"rotation": {"angle": 0, "axis": "y", "origin": [10.895, 19.797, 6]},
			"faces": {
				"north": {"uv": [0, 0, 0.5, 0.5], "rotation": 90, "texture": "#0"},
				"east": {"uv": [0, 0, 1, 0.5], "rotation": 270, "texture": "#0"},
				"west": {"uv": [0, 0, 1, 0.5], "rotation": 270, "texture": "#0"},
				"up": {"uv": [0, 0, 1, 0.5], "rotation": 270, "texture": "#0"},
				"down": {"uv": [0, 0, 1, 0.5], "rotation": 270, "texture": "#0"}
			}
		},
		{
			"name": "hoods1_2",
			"from": [11.633, 18.716, 5],
			"to": [11.893, 19.324, 6],
			"rotation": {"angle": 22.5, "axis": "z", "origin": [10.895, 19.797, 6]},
			"faces": {
				"north": {"uv": [0, 0, 0.5, 0.5], "rotation": 90, "texture": "#0"},
				"east": {"uv": [0, 0, 1, 0.5], "rotation": 270, "texture": "#0"},
				"west": {"uv": [0, 0, 1, 0.5], "rotation": 270, "texture": "#0"},
				"up": {"uv": [0, 0, 1, 0.5], "rotation": 270, "texture": "#0"},
				"down": {"uv": [0, 0, 1, 0.5], "rotation": 270, "texture": "#0"}
			}
		},
		{
			"name": "hoods1_2",
			"from": [10.093, 18.796, 5],
			"to": [10.353, 19.404, 6],
			"rotation": {"angle": -22.5, "axis": "z", "origin": [10.895, 19.797, 6]},
			"faces": {
				"north": {"uv": [0, 0, 0.5, 0.5], "rotation": 90, "texture": "#0"},
				"east": {"uv": [0, 0, 1, 0.5], "rotation": 270, "texture": "#0"},
				"west": {"uv": [0, 0, 1, 0.5], "rotation": 270, "texture": "#0"},
				"up": {"uv": [0, 0, 1, 0.5], "rotation": 270, "texture": "#0"},
				"down": {"uv": [0, 0, 1, 0.5], "rotation": 270, "texture": "#0"}
			}
		},
		{
			"name": "hoods1_2",
			"from": [11.232, 19.113, 5],
			"to": [11.492, 19.473, 6],
			"rotation": {"angle": 45, "axis": "z", "origin": [10.991, 20.037, 6]},
			"faces": {
				"north": {"uv": [0, 0, 0.5, 0.5], "rotation": 90, "texture": "#0"},
				"east": {"uv": [0, 0, 1, 0.5], "rotation": 270, "texture": "#0"},
				"west": {"uv": [0, 0, 1, 0.5], "rotation": 270, "texture": "#0"},
				"up": {"uv": [0, 0, 1, 0.5], "rotation": 270, "texture": "#0"},
				"down": {"uv": [0, 0, 1, 0.5], "rotation": 270, "texture": "#0"}
			}
		},
		{
			"name": "hoods1_2",
			"from": [10.091, 20.272, 5],
			"to": [10.451, 20.532, 6],
			"rotation": {"angle": 45, "axis": "z", "origin": [10.991, 20.037, 6]},
			"faces": {
				"north": {"uv": [0, 0, 0.5, 0.5], "texture": "#0"},
				"east": {"uv": [0, 0, 1, 0.5], "texture": "#0"},
				"west": {"uv": [0, 0, 1, 0.5], "texture": "#0"},
				"up": {"uv": [0, 0, 1, 0.5], "texture": "#0"},
				"down": {"uv": [0, 0, 1, 0.5], "texture": "#0"}
			}
		},
		{
			"name": "hoods1_2",
			"from": [11.241, 20.035, 4],
			"to": [11.705, 20.295, 6],
			"rotation": {"angle": -22.5, "axis": "z", "origin": [10.991, 20.037, 6]},
			"faces": {
				"north": {"uv": [0, 0, 0.5, 0.5], "rotation": 180, "texture": "#0"},
				"east": {"uv": [0, 0, 1, 0.5], "rotation": 180, "texture": "#0"},
				"west": {"uv": [0, 0, 1, 0.5], "rotation": 180, "texture": "#0"},
				"up": {"uv": [0, 0, 1, 0.5], "rotation": 180, "texture": "#0"},
				"down": {"uv": [0, 0, 1, 0.5], "rotation": 180, "texture": "#0"}
			}
		},
		{
			"name": "hoods1_2",
			"from": [10.301, 20.027, 4],
			"to": [10.765, 20.287, 6],
			"rotation": {"angle": 22.5, "axis": "z", "origin": [10.991, 20.037, 6]},
			"faces": {
				"north": {"uv": [0, 0, 0.5, 0.5], "texture": "#0"},
				"east": {"uv": [0, 0, 1, 0.5], "texture": "#0"},
				"west": {"uv": [0, 0, 1, 0.5], "texture": "#0"},
				"up": {"uv": [0, 0, 1, 0.5], "texture": "#0"},
				"down": {"uv": [0, 0, 1, 0.5], "texture": "#0"}
			}
		},
		{
			"name": "hoods1_2",
			"from": [10.683, 19.924, 4],
			"to": [11.319, 20.184, 6],
			"rotation": {"angle": 0, "axis": "y", "origin": [10.975, 20.125, 6]},
			"faces": {
				"north": {"uv": [0, 0, 0.5, 0.5], "rotation": 180, "texture": "#0"},
				"east": {"uv": [0, 0, 1, 0.5], "rotation": 180, "texture": "#0"},
				"west": {"uv": [0, 0, 1, 0.5], "rotation": 180, "texture": "#0"},
				"up": {"uv": [0, 0, 1, 0.5], "rotation": 180, "texture": "#0"},
				"down": {"uv": [0, 0, 1, 0.5], "rotation": 180, "texture": "#0"}
			}
		},
		{
			"name": "hoods1_2",
			"from": [10.301, 20.027, 4],
			"to": [10.765, 20.287, 6],
			"rotation": {"angle": 22.5, "axis": "z", "origin": [10.991, 20.037, 6]},
			"faces": {
				"north": {"uv": [0, 0, 0.5, 0.5], "texture": "#0"},
				"east": {"uv": [0, 0, 1, 0.5], "texture": "#0"},
				"west": {"uv": [0, 0, 1, 0.5], "texture": "#0"},
				"up": {"uv": [0, 0, 1, 0.5], "texture": "#0"},
				"down": {"uv": [0, 0, 1, 0.5], "texture": "#0"}
			}
		},
		{
			"name": "hoods1_2",
			"from": [11.241, 20.035, 4],
			"to": [11.705, 20.295, 6],
			"rotation": {"angle": -22.5, "axis": "z", "origin": [10.991, 20.037, 6]},
			"faces": {
				"north": {"uv": [0, 0, 0.5, 0.5], "rotation": 180, "texture": "#0"},
				"east": {"uv": [0, 0, 1, 0.5], "rotation": 180, "texture": "#0"},
				"west": {"uv": [0, 0, 1, 0.5], "rotation": 180, "texture": "#0"},
				"up": {"uv": [0, 0, 1, 0.5], "rotation": 180, "texture": "#0"},
				"down": {"uv": [0, 0, 1, 0.5], "rotation": 180, "texture": "#0"}
			}
		},
		{
			"name": "hoods1_2",
			"from": [10.091, 20.272, 5],
			"to": [10.451, 20.532, 6],
			"rotation": {"angle": 45, "axis": "z", "origin": [10.991, 20.037, 6]},
			"faces": {
				"north": {"uv": [0, 0, 0.5, 0.5], "texture": "#0"},
				"east": {"uv": [0, 0, 1, 0.5], "texture": "#0"},
				"west": {"uv": [0, 0, 1, 0.5], "texture": "#0"},
				"up": {"uv": [0, 0, 1, 0.5], "texture": "#0"},
				"down": {"uv": [0, 0, 1, 0.5], "texture": "#0"}
			}
		},
		{
			"name": "hoods1_2",
			"from": [11.232, 19.113, 5],
			"to": [11.492, 19.473, 6],
			"rotation": {"angle": 45, "axis": "z", "origin": [10.991, 20.037, 6]},
			"faces": {
				"north": {"uv": [0, 0, 0.5, 0.5], "rotation": 90, "texture": "#0"},
				"east": {"uv": [0, 0, 1, 0.5], "rotation": 270, "texture": "#0"},
				"west": {"uv": [0, 0, 1, 0.5], "rotation": 270, "texture": "#0"},
				"up": {"uv": [0, 0, 1, 0.5], "rotation": 270, "texture": "#0"},
				"down": {"uv": [0, 0, 1, 0.5], "rotation": 270, "texture": "#0"}
			}
		},
		{
			"name": "hoods1_2",
			"from": [10.093, 18.796, 5],
			"to": [10.353, 19.404, 6],
			"rotation": {"angle": -22.5, "axis": "z", "origin": [10.895, 19.797, 6]},
			"faces": {
				"north": {"uv": [0, 0, 0.5, 0.5], "rotation": 90, "texture": "#0"},
				"east": {"uv": [0, 0, 1, 0.5], "rotation": 270, "texture": "#0"},
				"west": {"uv": [0, 0, 1, 0.5], "rotation": 270, "texture": "#0"},
				"up": {"uv": [0, 0, 1, 0.5], "rotation": 270, "texture": "#0"},
				"down": {"uv": [0, 0, 1, 0.5], "rotation": 270, "texture": "#0"}
			}
		},
		{
			"name": "hoods1_2",
			"from": [11.633, 18.716, 5],
			"to": [11.893, 19.324, 6],
			"rotation": {"angle": 22.5, "axis": "z", "origin": [10.895, 19.797, 6]},
			"faces": {
				"north": {"uv": [0, 0, 0.5, 0.5], "rotation": 90, "texture": "#0"},
				"east": {"uv": [0, 0, 1, 0.5], "rotation": 270, "texture": "#0"},
				"west": {"uv": [0, 0, 1, 0.5], "rotation": 270, "texture": "#0"},
				"up": {"uv": [0, 0, 1, 0.5], "rotation": 270, "texture": "#0"},
				"down": {"uv": [0, 0, 1, 0.5], "rotation": 270, "texture": "#0"}
			}
		},
		{
			"name": "hoods1_2",
			"from": [9.771, 18.724, 5],
			"to": [10.031, 19.18, 6],
			"rotation": {"angle": 0, "axis": "y", "origin": [10.895, 19.797, 6]},
			"faces": {
				"north": {"uv": [0, 0, 0.5, 0.5], "rotation": 90, "texture": "#0"},
				"east": {"uv": [0, 0, 1, 0.5], "rotation": 270, "texture": "#0"},
				"west": {"uv": [0, 0, 1, 0.5], "rotation": 270, "texture": "#0"},
				"up": {"uv": [0, 0, 1, 0.5], "rotation": 270, "texture": "#0"},
				"down": {"uv": [0, 0, 1, 0.5], "rotation": 270, "texture": "#0"}
			}
		},
		{
			"name": "hoods1_2",
			"from": [11.971, 18.724, 5],
			"to": [12.231, 19.18, 6],
			"rotation": {"angle": 0, "axis": "y", "origin": [10.895, 19.797, 6]},
			"faces": {
				"north": {"uv": [0, 0, 0.5, 0.5], "rotation": 90, "texture": "#0"},
				"east": {"uv": [0, 0, 1, 0.5], "rotation": 270, "texture": "#0"},
				"west": {"uv": [0, 0, 1, 0.5], "rotation": 270, "texture": "#0"},
				"up": {"uv": [0, 0, 1, 0.5], "rotation": 270, "texture": "#0"},
				"down": {"uv": [0, 0, 1, 0.5], "rotation": 270, "texture": "#0"}
			}
		},
		{
			"name": "hoods1_2",
			"from": [10.683, 3.924, 4],
			"to": [11.319, 4.184, 6],
			"rotation": {"angle": 0, "axis": "y", "origin": [10.975, 4.125, 6]},
			"faces": {
				"north": {"uv": [0, 0, 0.5, 0.5], "rotation": 180, "texture": "#0"},
				"east": {"uv": [0, 0, 1, 0.5], "rotation": 180, "texture": "#0"},
				"west": {"uv": [0, 0, 1, 0.5], "rotation": 180, "texture": "#0"},
				"up": {"uv": [0, 0, 1, 0.5], "rotation": 180, "texture": "#0"},
				"down": {"uv": [0, 0, 1, 0.5], "rotation": 180, "texture": "#0"}
			}
		},
		{
			"name": "hoods1_2",
			"from": [11.971, 2.724, 5],
			"to": [12.231, 3.18, 6],
			"rotation": {"angle": 0, "axis": "y", "origin": [10.895, 3.797, 6]},
			"faces": {
				"north": {"uv": [0, 0, 0.5, 0.5], "rotation": 90, "texture": "#0"},
				"east": {"uv": [0, 0, 1, 0.5], "rotation": 270, "texture": "#0"},
				"west": {"uv": [0, 0, 1, 0.5], "rotation": 270, "texture": "#0"},
				"up": {"uv": [0, 0, 1, 0.5], "rotation": 270, "texture": "#0"},
				"down": {"uv": [0, 0, 1, 0.5], "rotation": 270, "texture": "#0"}
			}
		},
		{
			"name": "hoods1_2",
			"from": [9.771, 2.724, 5],
			"to": [10.031, 3.18, 6],
			"rotation": {"angle": 0, "axis": "y", "origin": [10.895, 3.797, 6]},
			"faces": {
				"north": {"uv": [0, 0, 0.5, 0.5], "rotation": 90, "texture": "#0"},
				"east": {"uv": [0, 0, 1, 0.5], "rotation": 270, "texture": "#0"},
				"west": {"uv": [0, 0, 1, 0.5], "rotation": 270, "texture": "#0"},
				"up": {"uv": [0, 0, 1, 0.5], "rotation": 270, "texture": "#0"},
				"down": {"uv": [0, 0, 1, 0.5], "rotation": 270, "texture": "#0"}
			}
		},
		{
			"name": "hoods1_2",
			"from": [11.633, 2.716, 5],
			"to": [11.893, 3.324, 6],
			"rotation": {"angle": 22.5, "axis": "z", "origin": [10.895, 3.797, 6]},
			"faces": {
				"north": {"uv": [0, 0, 0.5, 0.5], "rotation": 90, "texture": "#0"},
				"east": {"uv": [0, 0, 1, 0.5], "rotation": 270, "texture": "#0"},
				"west": {"uv": [0, 0, 1, 0.5], "rotation": 270, "texture": "#0"},
				"up": {"uv": [0, 0, 1, 0.5], "rotation": 270, "texture": "#0"},
				"down": {"uv": [0, 0, 1, 0.5], "rotation": 270, "texture": "#0"}
			}
		},
		{
			"name": "hoods1_2",
			"from": [10.093, 2.796, 5],
			"to": [10.353, 3.404, 6],
			"rotation": {"angle": -22.5, "axis": "z", "origin": [10.895, 3.797, 6]},
			"faces": {
				"north": {"uv": [0, 0, 0.5, 0.5], "rotation": 90, "texture": "#0"},
				"east": {"uv": [0, 0, 1, 0.5], "rotation": 270, "texture": "#0"},
				"west": {"uv": [0, 0, 1, 0.5], "rotation": 270, "texture": "#0"},
				"up": {"uv": [0, 0, 1, 0.5], "rotation": 270, "texture": "#0"},
				"down": {"uv": [0, 0, 1, 0.5], "rotation": 270, "texture": "#0"}
			}
		},
		{
			"name": "hoods1_2",
			"from": [11.232, 3.113, 5],
			"to": [11.492, 3.473, 6],
			"rotation": {"angle": 45, "axis": "z", "origin": [10.991, 4.037, 6]},
			"faces": {
				"north": {"uv": [0, 0, 0.5, 0.5], "rotation": 90, "texture": "#0"},
				"east": {"uv": [0, 0, 1, 0.5], "rotation": 270, "texture": "#0"},
				"west": {"uv": [0, 0, 1, 0.5], "rotation": 270, "texture": "#0"},
				"up": {"uv": [0, 0, 1, 0.5], "rotation": 270, "texture": "#0"},
				"down": {"uv": [0, 0, 1, 0.5], "rotation": 270, "texture": "#0"}
			}
		},
		{
			"name": "hoods1_2",
			"from": [10.091, 4.272, 5],
			"to": [10.451, 4.532, 6],
			"rotation": {"angle": 45, "axis": "z", "origin": [10.991, 4.037, 6]},
			"faces": {
				"north": {"uv": [0, 0, 0.5, 0.5], "texture": "#0"},
				"east": {"uv": [0, 0, 1, 0.5], "texture": "#0"},
				"west": {"uv": [0, 0, 1, 0.5], "texture": "#0"},
				"up": {"uv": [0, 0, 1, 0.5], "texture": "#0"},
				"down": {"uv": [0, 0, 1, 0.5], "texture": "#0"}
			}
		},
		{
			"name": "hoods1_2",
			"from": [11.241, 4.035, 4],
			"to": [11.705, 4.295, 6],
			"rotation": {"angle": -22.5, "axis": "z", "origin": [10.991, 4.037, 6]},
			"faces": {
				"north": {"uv": [0, 0, 0.5, 0.5], "rotation": 180, "texture": "#0"},
				"east": {"uv": [0, 0, 1, 0.5], "rotation": 180, "texture": "#0"},
				"west": {"uv": [0, 0, 1, 0.5], "rotation": 180, "texture": "#0"},
				"up": {"uv": [0, 0, 1, 0.5], "rotation": 180, "texture": "#0"},
				"down": {"uv": [0, 0, 1, 0.5], "rotation": 180, "texture": "#0"}
			}
		},
		{
			"name": "hoods1_2",
			"from": [10.301, 4.027, 4],
			"to": [10.765, 4.287, 6],
			"rotation": {"angle": 22.5, "axis": "z", "origin": [10.991, 4.037, 6]},
			"faces": {
				"north": {"uv": [0, 0, 0.5, 0.5], "texture": "#0"},
				"east": {"uv": [0, 0, 1, 0.5], "texture": "#0"},
				"west": {"uv": [0, 0, 1, 0.5], "texture": "#0"},
				"up": {"uv": [0, 0, 1, 0.5], "texture": "#0"},
				"down": {"uv": [0, 0, 1, 0.5], "texture": "#0"}
			}
		},
		{
			"name": "hoods1_2",
			"from": [10.683, 3.924, 4],
			"to": [11.319, 4.184, 6],
			"rotation": {"angle": 0, "axis": "y", "origin": [10.975, 4.125, 6]},
			"faces": {
				"north": {"uv": [0, 0, 0.5, 0.5], "rotation": 180, "texture": "#0"},
				"east": {"uv": [0, 0, 1, 0.5], "rotation": 180, "texture": "#0"},
				"west": {"uv": [0, 0, 1, 0.5], "rotation": 180, "texture": "#0"},
				"up": {"uv": [0, 0, 1, 0.5], "rotation": 180, "texture": "#0"},
				"down": {"uv": [0, 0, 1, 0.5], "rotation": 180, "texture": "#0"}
			}
		},
		{
			"name": "hoods1_2",
			"from": [10.301, 4.027, 4],
			"to": [10.765, 4.287, 6],
			"rotation": {"angle": 22.5, "axis": "z", "origin": [10.991, 4.037, 6]},
			"faces": {
				"north": {"uv": [0, 0, 0.5, 0.5], "texture": "#0"},
				"east": {"uv": [0, 0, 1, 0.5], "texture": "#0"},
				"west": {"uv": [0, 0, 1, 0.5], "texture": "#0"},
				"up": {"uv": [0, 0, 1, 0.5], "texture": "#0"},
				"down": {"uv": [0, 0, 1, 0.5], "texture": "#0"}
			}
		},
		{
			"name": "hoods1_2",
			"from": [11.241, 4.035, 4],
			"to": [11.705, 4.295, 6],
			"rotation": {"angle": -22.5, "axis": "z", "origin": [10.991, 4.037, 6]},
			"faces": {
				"north": {"uv": [0, 0, 0.5, 0.5], "rotation": 180, "texture": "#0"},
				"east": {"uv": [0, 0, 1, 0.5], "rotation": 180, "texture": "#0"},
				"west": {"uv": [0, 0, 1, 0.5], "rotation": 180, "texture": "#0"},
				"up": {"uv": [0, 0, 1, 0.5], "rotation": 180, "texture": "#0"},
				"down": {"uv": [0, 0, 1, 0.5], "rotation": 180, "texture": "#0"}
			}
		},
		{
			"name": "hoods1_2",
			"from": [10.091, 4.272, 5],
			"to": [10.451, 4.532, 6],
			"rotation": {"angle": 45, "axis": "z", "origin": [10.991, 4.037, 6]},
			"faces": {
				"north": {"uv": [0, 0, 0.5, 0.5], "texture": "#0"},
				"east": {"uv": [0, 0, 1, 0.5], "texture": "#0"},
				"west": {"uv": [0, 0, 1, 0.5], "texture": "#0"},
				"up": {"uv": [0, 0, 1, 0.5], "texture": "#0"},
				"down": {"uv": [0, 0, 1, 0.5], "texture": "#0"}
			}
		},
		{
			"name": "hoods1_2",
			"from": [11.232, 3.113, 5],
			"to": [11.492, 3.473, 6],
			"rotation": {"angle": 45, "axis": "z", "origin": [10.991, 4.037, 6]},
			"faces": {
				"north": {"uv": [0, 0, 0.5, 0.5], "rotation": 90, "texture": "#0"},
				"east": {"uv": [0, 0, 1, 0.5], "rotation": 270, "texture": "#0"},
				"west": {"uv": [0, 0, 1, 0.5], "rotation": 270, "texture": "#0"},
				"up": {"uv": [0, 0, 1, 0.5], "rotation": 270, "texture": "#0"},
				"down": {"uv": [0, 0, 1, 0.5], "rotation": 270, "texture": "#0"}
			}
		},
		{
			"name": "hoods1_2",
			"from": [10.093, 2.796, 5],
			"to": [10.353, 3.404, 6],
			"rotation": {"angle": -22.5, "axis": "z", "origin": [10.895, 3.797, 6]},
			"faces": {
				"north": {"uv": [0, 0, 0.5, 0.5], "rotation": 90, "texture": "#0"},
				"east": {"uv": [0, 0, 1, 0.5], "rotation": 270, "texture": "#0"},
				"west": {"uv": [0, 0, 1, 0.5], "rotation": 270, "texture": "#0"},
				"up": {"uv": [0, 0, 1, 0.5], "rotation": 270, "texture": "#0"},
				"down": {"uv": [0, 0, 1, 0.5], "rotation": 270, "texture": "#0"}
			}
		},
		{
			"name": "hoods1_2",
			"from": [11.633, 2.716, 5],
			"to": [11.893, 3.324, 6],
			"rotation": {"angle": 22.5, "axis": "z", "origin": [10.895, 3.797, 6]},
			"faces": {
				"north": {"uv": [0, 0, 0.5, 0.5], "rotation": 90, "texture": "#0"},
				"east": {"uv": [0, 0, 1, 0.5], "rotation": 270, "texture": "#0"},
				"west": {"uv": [0, 0, 1, 0.5], "rotation": 270, "texture": "#0"},
				"up": {"uv": [0, 0, 1, 0.5], "rotation": 270, "texture": "#0"},
				"down": {"uv": [0, 0, 1, 0.5], "rotation": 270, "texture": "#0"}
			}
		},
		{
			"name": "hoods1_2",
			"from": [9.771, 2.724, 5],
			"to": [10.031, 3.18, 6],
			"rotation": {"angle": 0, "axis": "y", "origin": [10.895, 3.797, 6]},
			"faces": {
				"north": {"uv": [0, 0, 0.5, 0.5], "rotation": 90, "texture": "#0"},
				"east": {"uv": [0, 0, 1, 0.5], "rotation": 270, "texture": "#0"},
				"west": {"uv": [0, 0, 1, 0.5], "rotation": 270, "texture": "#0"},
				"up": {"uv": [0, 0, 1, 0.5], "rotation": 270, "texture": "#0"},
				"down": {"uv": [0, 0, 1, 0.5], "rotation": 270, "texture": "#0"}
			}
		},
		{
			"name": "hoods1_2",
			"from": [11.971, 2.724, 5],
			"to": [12.231, 3.18, 6],
			"rotation": {"angle": 0, "axis": "y", "origin": [10.895, 3.797, 6]},
			"faces": {
				"north": {"uv": [0, 0, 0.5, 0.5], "rotation": 90, "texture": "#0"},
				"east": {"uv": [0, 0, 1, 0.5], "rotation": 270, "texture": "#0"},
				"west": {"uv": [0, 0, 1, 0.5], "rotation": 270, "texture": "#0"},
				"up": {"uv": [0, 0, 1, 0.5], "rotation": 270, "texture": "#0"},
				"down": {"uv": [0, 0, 1, 0.5], "rotation": 270, "texture": "#0"}
			}
		}
	],
	"groups": [
		{
			"name": "ks",
			"origin": [-16, 6, -34],
			"color": 0,
			"children": [
				{
					"name": "lamps",
					"origin": [-4, 19, -30],
					"color": 0,
					"children": [0, 1, 2, 3]
				},
				{
					"name": "shield",
					"origin": [-14, 16, -28],
					"color": 0,
					"children": [4, 5, 6, 7, 8, 9, 10, 11, 12, 13, 14, 15, 16, 17, 18, 19, 20, 21, 22, 23, 24, 25, 26, 27, 28, 29, 30, 31, 32, 33, 34, 35, 36, 37]
				},
				{
					"name": "hood1",
					"origin": [0, 0, 0],
					"color": 0,
					"children": [38, 39, 40, 41, 42, 43, 44, 45, 46, 47, 48, 49, 50, 51, 52, 53, 54, 55]
				},
				{
					"name": "hood9",
					"origin": [0, 0, 0],
					"color": 0,
					"children": [56, 57, 58, 59, 60, 61, 62, 63, 64, 65, 66, 67, 68, 69, 70, 71, 72, 73]
				},
				{
					"name": "hood9",
					"origin": [0, 0, 0],
					"color": 0,
					"children": [74, 75, 76, 77, 78, 79, 80, 81, 82, 83, 84, 85, 86, 87, 88, 89, 90, 91]
				}
			]
		}
	]
}