{
	"credit": "Made with Blockbench by Mc_Jeronimo",
	"texture_size": [32, 32],
	"textures": {
		"0": "opensignals:blocks/projekt675signale/mast_sign/mast_pfeil_gelb",
		"1": "opensignals:blocks/projekt675signale/default/shield_black",
		"particle": "opensignals:blocks/projekt675signale/mast_sign/mast_pfeil_gelb"
	},
	"elements": [
		{
			"name": "sign_main_distant",
			"from": [7, 2, 9.5],
			"to": [9, 18, 10],
			"faces": {
				"north": {"uv": [0, 0, 3.43455, 16], "texture": "#0"},
				"east": {"uv": [0, 0, 0, 8], "texture": "#1"},
				"south": {"uv": [1, 0, 2, 8], "texture": "#1"},
				"west": {"uv": [1, 0, 1, 8], "texture": "#1"},
				"up": {"uv": [1, 0, 0, 0], "texture": "#1"},
				"down": {"uv": [2, 0, 1, 0], "texture": "#1"}
			}
		}
	],
	"groups": [
		{
			"name": "sign_main_distant",
			"origin": [-1, 2, 1],
			"color": 0,
			"children": [0]
		}
	]
}