{
	"credit": "Made with Blockbench by Mc_Jeronimo",
	"texture_size": [32, 32],
	"textures": {
		"0": "opensignals:blocks/projekt675signale/default/shield_black",
		"1": "opensignals:blocks/projekt675signale/zs3/off",
		"particle": "opensignals:blocks/projekt675signale/default/shield_black",
		"signal": "opensignals:blocks/projekt675signale/zs3/z10"
	},
	"elements": [
		{
			"from": [5.5, 6, 5.975],
			"to": [10.5, 13, 5.975],
			"faces": {
				"north": {"uv": [0, 0, 11.57724, 16], "texture": "#1", "tintindex": 0}
			}
		},
		{
			"name": "hood4",
			"from": [4, 6, 6],
			"to": [12, 14, 9],
			"faces": {
				"north": {"uv": [0, 0, 1.5, 4], "texture": "#0"},
				"east": {"uv": [0, 0, 1.5, 4], "texture": "#0"},
				"south": {"uv": [0, 0, 1.5, 4], "texture": "#0"},
				"west": {"uv": [0, 0, 1.5, 4], "texture": "#0"},
				"up": {"uv": [0, 0, 1.5, 4], "texture": "#0"},
				"down": {"uv": [0, 0, 1.5, 4], "texture": "#0"}
			}
		},
		{
			"name": "hood5",
			"from": [4.5, 6, 4],
			"to": [5.5, 13, 6],
			"faces": {
				"north": {"uv": [0, 0, 0.5, 3.5], "texture": "#0"},
				"east": {"uv": [0, 0, 0.5, 3.5], "texture": "#0"},
				"south": {"uv": [0, 0, 0.5, 3.5], "texture": "#0"},
				"west": {"uv": [0, 0, 0.5, 3.5], "texture": "#0"},
				"up": {"uv": [0, 0, 0.5, 3.5], "texture": "#0"},
				"down": {"uv": [0, 0, 0.5, 3.5], "texture": "#0"}
			}
		},
		{
			"name": "hood6",
			"from": [10.5, 6, 4],
			"to": [11.5, 13, 6],
			"faces": {
				"north": {"uv": [0, 0, 0.5, 3.5], "texture": "#0"},
				"east": {"uv": [0, 0, 0.5, 3.5], "texture": "#0"},
				"south": {"uv": [0, 0, 0.5, 3.5], "texture": "#0"},
				"west": {"uv": [0, 0, 0.5, 3.5], "texture": "#0"},
				"up": {"uv": [0, 0, 0.5, 3.5], "texture": "#0"},
				"down": {"uv": [0, 0, 0.5, 3.5], "texture": "#0"}
			}
		},
		{
			"name": "hood7",
			"from": [4.5, 13, 4],
			"to": [11.5, 14, 6],
			"faces": {
				"north": {"uv": [0, 0, 1, 0.5], "texture": "#0"},
				"east": {"uv": [0, 0, 1, 0.5], "texture": "#0"},
				"south": {"uv": [0, 0, 1, 0.5], "texture": "#0"},
				"west": {"uv": [0, 0, 1, 0.5], "texture": "#0"},
				"up": {"uv": [0, 0, 1, 0.5], "texture": "#0"},
				"down": {"uv": [0, 0, 1, 0.5], "texture": "#0"}
			}
		},
		{
			"name": "signal",
			"from": [5.5, 6, 5.975],
			"to": [10.5, 13, 5.975],
			"faces": {
				"north": {"uv": [0, 0, 11.57724, 16], "texture": "#signal"}
			}
		}
	],
	"groups": [
		0,
		{
			"name": "zs3",
			"origin": [-8, -10, -12],
			"color": 0,
			"children": [
				{
					"name": "hood4",
					"origin": [-25, -18, 8],
					"color": 0,
					"children": [1, 2, 3, 4]
				},
				{
					"name": "signal4",
					"origin": [-25, -18, 8],
					"color": 0,
					"children": [5]
				}
			]
		}
	]
}