{
	"credit": "Made with Blockbench by Mc_Jeronimo",
	"texture_size": [32, 32],
	"textures": {
		"0": "opensignals:blocks/projekt675signale/default/black",
		"2": "opensignals:blocks/projekt675signale/default/shield_black",
		"particle": "opensignals:blocks/projekt675signale/default/black",
		"lamp_white_sh_2north": "opensignals:blocks/projekt675signale/lamps/lamp_dark",
		"lamp_white_sh_1north": "opensignals:blocks/projekt675signale/lamps/lamp_dark",
		"lamp_greennorth": "opensignals:blocks/projekt675signale/lamps/lamp_dark",
		"lamp_yellownorth": "opensignals:blocks/projekt675signale/lamps/lamp_dark",
		"lamp_red_primarynorth": "opensignals:blocks/projekt675signale/lamps/lamp_dark",
		"lamp_red_secondarynorth": "opensignals:blocks/projekt675signale/lamps/lamp_dark"
	},
	"elements": [
		{
			"name": "lamp_green",
			"from": [6, 17.75, 4.9],
			"to": [10, 21.75, 4.9],
			"faces": {
				"north": {"uv": [0, 0, 4.3125, 4.3125], "texture": "#lamp_greennorth"}
			}
		},
		{
			"name": "lamp_red_primary",
			"from": [8.75, 12.75, 4.9],
			"to": [12.75, 16.75, 4.9],
			"faces": {
				"north": {"uv": [0, 0, 4.3125, 4.3125], "texture": "#lamp_red_primarynorth"}
			}
		},
		{
			"name": "lamp_red_secondary",
			"from": [3.25, 12.75, 4.9],
			"to": [7.25, 16.75, 4.9],
			"faces": {
				"north": {"uv": [0, 0, 4.3125, 4.3125], "texture": "#lamp_red_secondarynorth"}
			}
		},
		{
			"name": "lamp_white_sh_1",
			"from": [4.25, 9.5, 4.9],
			"to": [6.25, 11.5, 4.9],
			"faces": {
				"north": {"uv": [0, 0, 4.3125, 4.3125], "texture": "#lamp_white_sh_1north"}
			}
		},
		{
			"name": "lamp_white_sh_2",
			"from": [9.75, 6, 4.9],
			"to": [11.75, 8, 4.9],
			"faces": {
				"north": {"uv": [0, 0, 4.3125, 4.3125], "texture": "#lamp_white_sh_2north"}
			}
		},
		{
			"name": "lamp_yellow",
			"from": [6, 0.75, 4.9],
			"to": [10, 4.75, 4.9],
			"faces": {
				"north": {"uv": [0, 0, 4.3125, 4.3125], "texture": "#lamp_yellownorth"}
			}
		},
		{
			"name": "shield1",
			"from": [9.25, 13.25, 7],
			"to": [12.25, 16.25, 9],
			"faces": {
				"east": {"uv": [0, 0, 1, 2.5], "texture": "#2"},
				"south": {"uv": [0, 0, 2.5, 2.5], "texture": "#2"},
				"west": {"uv": [0, 0, 1, 2.5], "texture": "#2"},
				"up": {"uv": [0, 0, 2.5, 1], "texture": "#2"},
				"down": {"uv": [0, 0, 2.5, 1], "texture": "#2"}
			}
		},
		{
			"name": "shield1",
			"from": [7.5, 0.25, 7],
			"to": [8.5, 18.25, 8],
			"faces": {
				"east": {"uv": [0, 0, 1, 2.5], "texture": "#0"},
				"south": {"uv": [0, 0, 2.5, 2.5], "texture": "#0"},
				"west": {"uv": [0, 0, 1, 2.5], "texture": "#0"},
				"up": {"uv": [0, 0, 2.5, 1], "texture": "#0"},
				"down": {"uv": [0, 0, 2.5, 1], "texture": "#0"}
			}
		},
		{
			"name": "shield1",
			"from": [6.5, 14.25, 7],
			"to": [9.5, 15.25, 7.5],
			"faces": {
				"east": {"uv": [0, 0, 1, 2.5], "texture": "#0"},
				"south": {"uv": [0, 0, 2.5, 2.5], "texture": "#0"},
				"west": {"uv": [0, 0, 1, 2.5], "texture": "#0"},
				"up": {"uv": [0, 0, 2.5, 1], "texture": "#0"},
				"down": {"uv": [0, 0, 2.5, 1], "texture": "#0"}
			}
		},
		{
			"name": "shield1",
			"from": [5.5, 10, 7],
			"to": [8.5, 11, 7.5],
			"faces": {
				"east": {"uv": [0, 0, 1, 2.5], "texture": "#0"},
				"south": {"uv": [0, 0, 2.5, 2.5], "texture": "#0"},
				"west": {"uv": [0, 0, 1, 2.5], "texture": "#0"},
				"up": {"uv": [0, 0, 2.5, 1], "texture": "#0"},
				"down": {"uv": [0, 0, 2.5, 1], "texture": "#0"}
			}
		},
		{
			"name": "shield1",
			"from": [8.5, 6.5, 7],
			"to": [9.75, 7.5, 7.5],
			"faces": {
				"east": {"uv": [0, 0, 1, 2.5], "texture": "#0"},
				"south": {"uv": [0, 0, 2.5, 2.5], "texture": "#0"},
				"west": {"uv": [0, 0, 1, 2.5], "texture": "#0"},
				"up": {"uv": [0, 0, 2.5, 1], "texture": "#0"},
				"down": {"uv": [0, 0, 2.5, 1], "texture": "#0"}
			}
		},
		{
			"name": "shield1",
			"from": [6.5, 18.25, 7],
			"to": [9.5, 21.25, 9],
			"faces": {
				"east": {"uv": [0, 0, 1, 2.5], "texture": "#2"},
				"south": {"uv": [0, 0, 2.5, 2.5], "texture": "#2"},
				"west": {"uv": [0, 0, 1, 2.5], "texture": "#2"},
				"up": {"uv": [0, 0, 2.5, 1], "texture": "#2"},
				"down": {"uv": [0, 0, 2.5, 1], "texture": "#2"}
			}
		},
		{
			"name": "shield1",
			"from": [6.5, 1.25, 7],
			"to": [9.5, 4.25, 9],
			"faces": {
				"east": {"uv": [0, 0, 1, 2.5], "texture": "#2"},
				"south": {"uv": [0, 0, 2.5, 2.5], "texture": "#2"},
				"west": {"uv": [0, 0, 1, 2.5], "texture": "#2"},
				"up": {"uv": [0, 0, 2.5, 1], "texture": "#2"},
				"down": {"uv": [0, 0, 2.5, 1], "texture": "#2"}
			}
		},
		{
			"name": "shield1",
			"from": [3.75, 13.25, 7],
			"to": [6.75, 16.25, 9],
			"faces": {
				"east": {"uv": [0, 0, 1, 2.5], "texture": "#2"},
				"south": {"uv": [0, 0, 2.5, 2.5], "texture": "#2"},
				"west": {"uv": [0, 0, 1, 2.5], "texture": "#2"},
				"up": {"uv": [0, 0, 2.5, 1], "texture": "#2"},
				"down": {"uv": [0, 0, 2.5, 1], "texture": "#2"}
			}
		},
		{
			"name": "shield3",
			"from": [9.75, 6, 7],
			"to": [11.75, 8, 8],
			"faces": {
				"east": {"uv": [0, 0, 0.5, 1], "texture": "#2"},
				"south": {"uv": [0, 0, 1, 1], "texture": "#2"},
				"west": {"uv": [0, 0, 0.5, 1], "texture": "#2"},
				"up": {"uv": [0, 0, 1, 0.5], "texture": "#2"},
				"down": {"uv": [0, 0, 1, 0.5], "texture": "#2"}
			}
		},
		{
			"name": "shield4",
			"from": [4.25, 9.5, 7],
			"to": [6.25, 11.5, 8],
			"faces": {
				"east": {"uv": [0, 0, 0.5, 1], "texture": "#2"},
				"south": {"uv": [0, 0, 1, 1], "texture": "#2"},
				"west": {"uv": [0, 0, 0.5, 1], "texture": "#2"},
				"up": {"uv": [0, 0, 1, 0.5], "texture": "#2"},
				"down": {"uv": [0, 0, 1, 0.5], "texture": "#2"}
			}
		},
		{
			"name": "shield10",
			"from": [3.556, 22, 7],
			"to": [12.404, 23, 8],
			"faces": {
				"east": {"uv": [0, 0, 0.5, 0.5], "texture": "#2"},
				"south": {"uv": [0, 0, 4.5, 0.5], "texture": "#2"},
				"west": {"uv": [0, 0, 0.5, 0.5], "texture": "#2"},
				"up": {"uv": [0, 0, 4.5, 0.5], "texture": "#2"},
				"down": {"uv": [0, 0, 4.5, 0.5], "texture": "#2"}
			}
		},
		{
			"name": "shield14",
			"from": [3.564, 0, 7],
			"to": [12.452, 1, 8],
			"faces": {
				"east": {"uv": [0, 1, 0.5, 1.5], "texture": "#2"},
				"south": {"uv": [5, 1, 9, 1.5], "texture": "#2"},
				"west": {"uv": [4.5, 1, 5, 1.5], "texture": "#2"},
				"up": {"uv": [4.5, 1, 0.5, 0.5], "texture": "#2"},
				"down": {"uv": [8.5, 0.5, 4.5, 1], "texture": "#2"}
			}
		},
		{
			"name": "shield17",
			"from": [3.5, 2, 5],
			"to": [12.5, 21, 7],
			"faces": {
				"north": {"uv": [0, 0, 5.5, 11.5], "texture": "#2"},
				"east": {"uv": [0, 0, 1, 11.5], "texture": "#2"},
				"south": {"uv": [0, 0, 5.5, 11.5], "texture": "#2"},
				"west": {"uv": [0, 0, 1, 11.5], "texture": "#2"},
				"up": {"uv": [0, 0, 5.5, 1], "texture": "#2"},
				"down": {"uv": [0, 0, 5.5, 1], "texture": "#2"}
			}
		},
		{
			"name": "shield17",
			"from": [3.5, 1, 5],
			"to": [12.5, 2, 7],
			"faces": {
				"north": {"uv": [1, 2, 5.5, 2.5], "texture": "#2"},
				"east": {"uv": [0, 2, 1, 2.5], "texture": "#2"},
				"south": {"uv": [6.5, 2, 11, 2.5], "texture": "#2"},
				"west": {"uv": [5.5, 2, 6.5, 2.5], "texture": "#2"},
				"up": {"uv": [5.5, 2, 1, 1], "texture": "#2"},
				"down": {"uv": [10, 1, 5.5, 2], "texture": "#2"}
			}
		},
		{
			"name": "shield17",
			"from": [3.564, 0, 5],
			"to": [12.452, 1, 7],
			"rotation": {"angle": 0, "axis": "y", "origin": [0, -1, 0]},
			"faces": {
				"north": {"uv": [1, 2, 5, 2.5], "texture": "#2"},
				"east": {"uv": [0, 2, 1, 2.5], "texture": "#2"},
				"south": {"uv": [6, 2, 10, 2.5], "texture": "#2"},
				"west": {"uv": [5, 2, 6, 2.5], "texture": "#2"},
				"up": {"uv": [5, 2, 1, 1], "texture": "#2"},
				"down": {"uv": [9, 1, 5, 2], "texture": "#2"}
			}
		},
		{
			"name": "shield18",
			"from": [3.556, 22, 5],
			"to": [12.404, 23, 7],
			"faces": {
				"north": {"uv": [0, 0, 4.5, 0.5], "texture": "#2"},
				"east": {"uv": [0, 0, 1, 0.5], "texture": "#2"},
				"west": {"uv": [0, 0, 1, 0.5], "texture": "#2"},
				"up": {"uv": [0, 0, 4.5, 1], "texture": "#2"}
			}
		},
		{
			"name": "shield18",
			"from": [11.5, 21, 5],
			"to": [12.5, 22, 7],
			"faces": {
				"north": {"uv": [0, 0, 4.5, 0.5], "texture": "#2"},
				"east": {"uv": [0, 0, 1, 0.5], "texture": "#2"},
				"west": {"uv": [0, 0, 1, 0.5], "texture": "#2"},
				"up": {"uv": [0, 0, 4.5, 1], "texture": "#2"}
			}
		},
		{
			"name": "shield18",
			"from": [11.5, 1, 5],
			"to": [12.5, 2, 7],
			"faces": {
				"north": {"uv": [0, 0, 4.5, 0.5], "rotation": 270, "texture": "#2"},
				"east": {"uv": [0, 0, 4.5, 1], "rotation": 90, "texture": "#2"},
				"up": {"uv": [0, 0, 1, 0.5], "rotation": 90, "texture": "#2"},
				"down": {"uv": [0, 0, 1, 0.5], "rotation": 90, "texture": "#2"}
			}
		},
		{
			"name": "shield18",
			"from": [3.5, 1, 5],
			"to": [4.5, 2, 7],
			"faces": {
				"north": {"uv": [0, 0, 4.5, 0.5], "rotation": 270, "texture": "#2"},
				"east": {"uv": [0, 0, 4.5, 1], "rotation": 90, "texture": "#2"},
				"west": {"uv": [0, 0, 0, 0], "texture": "#2"},
				"up": {"uv": [0, 0, 1, 0.5], "rotation": 90, "texture": "#2"},
				"down": {"uv": [0, 0, 1, 0.5], "rotation": 90, "texture": "#2"}
			}
		},
		{
			"name": "shield18",
			"from": [3.5, 21, 5],
			"to": [12.5, 22, 7],
			"faces": {
				"north": {"uv": [1, 2, 5.5, 2.5], "texture": "#2"},
				"east": {"uv": [0, 2, 1, 2.5], "texture": "#2"},
				"south": {"uv": [6.5, 2, 11, 2.5], "texture": "#2"},
				"west": {"uv": [5.5, 2, 6.5, 2.5], "texture": "#2"},
				"up": {"uv": [5.5, 2, 1, 1], "texture": "#2"}
			}
		},
		{
			"name": "shield18",
			"from": [3.486, 20.414, 5],
			"to": [4.544, 23.158, 8],
			"rotation": {"angle": -22.5, "axis": "z", "origin": [3.12, 22.912, 6]},
			"faces": {
				"north": {"uv": [1.5, 2.5, 2, 3.5], "texture": "#2"},
				"east": {"uv": [0, 2.5, 1.5, 3.5], "texture": "#2"},
				"south": {"uv": [3.5, 2.5, 4, 3.5], "texture": "#2"},
				"west": {"uv": [2, 2.5, 3.5, 3.5], "texture": "#2"},
				"up": {"uv": [2, 2.5, 1.5, 1], "texture": "#2"}
			}
		},
		{
			"name": "shield18",
			"from": [12.462, 0.35, 5],
			"to": [13.52, 3.094, 8],
			"rotation": {"angle": -22.5, "axis": "z", "origin": [12.096, 2.848, 6]},
			"faces": {
				"north": {"uv": [1.5, 2.5, 2, 3.5], "texture": "#2"},
				"east": {"uv": [0, 2.5, 1.5, 3.5], "texture": "#2"},
				"south": {"uv": [3.5, 2.5, 4, 3.5], "texture": "#2"},
				"west": {"uv": [2, 2.5, 3.5, 3.5], "texture": "#2"},
				"up": {"uv": [2, 2.5, 1.5, 1], "texture": "#2"}
			}
		},
		{
			"name": "shield18",
			"from": [11.606, 19.502, 5],
			"to": [12.672, 22.342, 8],
			"rotation": {"angle": 22.5, "axis": "z", "origin": [10.896, 22, 6]},
			"faces": {
				"north": {"uv": [1.5, 2.5, 2, 3.5], "texture": "#2"},
				"east": {"uv": [0, 2.5, 1.5, 3.5], "texture": "#2"},
				"south": {"uv": [3.5, 2.5, 4, 3.5], "texture": "#2"},
				"west": {"uv": [2, 2.5, 3.5, 3.5], "texture": "#2"},
				"up": {"uv": [2, 2.5, 1.5, 1], "texture": "#2"}
			}
		},
		{
			"name": "shield18",
			"from": [2.686, -0.458, 5],
			"to": [3.752, 2.318, 8],
			"rotation": {"angle": 22.5, "axis": "z", "origin": [1.976, 1.976, 6]},
			"faces": {
				"north": {"uv": [1.5, 2.5, 2, 3.5], "texture": "#2"},
				"east": {"uv": [0, 2.5, 1.5, 3.5], "texture": "#2"},
				"south": {"uv": [3.5, 2.5, 4, 3.5], "texture": "#2"},
				"west": {"uv": [2, 2.5, 3.5, 3.5], "texture": "#2"},
				"up": {"uv": [2, 2.5, 1.5, 1], "texture": "#2"}
			}
		},
		{
			"name": "shield19",
			"from": [12.5, 2.52, 5],
			"to": [13.5, 20.384, 8],
			"rotation": {"angle": 0, "axis": "y", "origin": [0.25, 0, 0]},
			"faces": {
				"north": {"uv": [0, 0, 0.5, 11.5], "texture": "#2"},
				"east": {"uv": [0, 0, 0.5, 11.5], "texture": "#2"},
				"south": {"uv": [0, 0, 0.5, 11.5], "texture": "#2"},
				"west": {"uv": [0, 0, 0.5, 11.5], "texture": "#2"},
				"up": {"uv": [0, 0, 0.5, 0.5], "texture": "#2"},
				"down": {"uv": [0, 0, 0.5, 0.5], "texture": "#2"}
			}
		},
		{
			"name": "shield20",
			"from": [2.5, 2.568, 5],
			"to": [3.5, 20.48, 8],
			"rotation": {"angle": 0, "axis": "y", "origin": [-0.25, 0, 0]},
			"faces": {
				"north": {"uv": [0, 0, 0.5, 11.5], "texture": "#2"},
				"east": {"uv": [0, 0, 0.5, 11.5], "texture": "#2"},
				"south": {"uv": [0, 0, 0.5, 11.5], "texture": "#2"},
				"west": {"uv": [0, 0, 0.5, 11.5], "texture": "#2"},
				"up": {"uv": [0, 0, 0.5, 0.5], "texture": "#2"},
				"down": {"uv": [0, 0, 0.5, 0.5], "texture": "#2"}
			}
		},
		{
			"name": "hoods1_3",
			"from": [5.725, 16.214, 1],
			"to": [6.425, 16.489, 5],
			"rotation": {"angle": -22.5, "axis": "z", "origin": [7.125, 16.225, 5]},
			"faces": {
				"north": {"uv": [0, 0, 0.5, 0.5], "rotation": 90, "texture": "#2"},
				"east": {"uv": [0, 0, 0.5, 1], "rotation": 270, "texture": "#2"},
				"west": {"uv": [0, 0, 0.5, 1], "rotation": 270, "texture": "#2"},
				"up": {"uv": [0, 0, 1, 0.5], "rotation": 270, "texture": "#2"},
				"down": {"uv": [0, 0, 1, 0.5], "rotation": 270, "texture": "#2"}
			}
		},
		{
			"name": "hoods1_3",
			"from": [4.369, 17.647, 1],
			"to": [5.069, 17.922, 5],
			"rotation": {"angle": 22.5, "axis": "z", "origin": [7.125, 16.225, 5]},
			"faces": {
				"north": {"uv": [0, 0, 0.5, 0.5], "rotation": 90, "texture": "#2"},
				"east": {"uv": [0, 0, 0.5, 1], "rotation": 270, "texture": "#2"},
				"west": {"uv": [0, 0, 0.5, 1], "rotation": 270, "texture": "#2"},
				"up": {"uv": [0, 0, 1, 0.5], "rotation": 270, "texture": "#2"},
				"down": {"uv": [0, 0, 1, 0.5], "rotation": 270, "texture": "#2"}
			}
		},
		{
			"name": "hoods1_3",
			"from": [6.825, 16.1, 3],
			"to": [7.1, 16.975, 5],
			"rotation": {"angle": 45, "axis": "z", "origin": [7.125, 16.225, 5]},
			"faces": {
				"north": {"uv": [0, 0, 0.5, 0.5], "texture": "#2"},
				"east": {"uv": [0, 0, 1, 0.5], "texture": "#2"},
				"west": {"uv": [0, 0, 1, 0.5], "texture": "#2"},
				"up": {"uv": [0, 0, 0.5, 1], "texture": "#2"},
				"down": {"uv": [0, 0, 0.5, 1], "texture": "#2"}
			}
		},
		{
			"name": "hoods1_3",
			"from": [4.353, 18.572, 3],
			"to": [5.228, 18.847, 5],
			"rotation": {"angle": 45, "axis": "z", "origin": [7.125, 16.225, 5]},
			"faces": {
				"north": {"uv": [0, 0, 0.5, 0.5], "rotation": 90, "texture": "#2"},
				"east": {"uv": [0, 0, 0.5, 1], "rotation": 270, "texture": "#2"},
				"west": {"uv": [0, 0, 0.5, 1], "rotation": 270, "texture": "#2"},
				"up": {"uv": [0, 0, 1, 0.5], "rotation": 270, "texture": "#2"},
				"down": {"uv": [0, 0, 1, 0.5], "rotation": 270, "texture": "#2"}
			}
		},
		{
			"name": "hoods1_3",
			"from": [6.875, 15.425, 3],
			"to": [7.15, 16.1, 5],
			"rotation": {"angle": 22.5, "axis": "z", "origin": [7.125, 16.225, 5]},
			"faces": {
				"north": {"uv": [0, 0, 0.5, 0.5], "texture": "#2"},
				"east": {"uv": [0, 0, 1, 0.5], "texture": "#2"},
				"west": {"uv": [0, 0, 1, 0.5], "texture": "#2"},
				"up": {"uv": [0, 0, 0.5, 1], "texture": "#2"},
				"down": {"uv": [0, 0, 0.5, 1], "texture": "#2"}
			}
		},
		{
			"name": "hoods1_3",
			"from": [3.642, 13.992, 3],
			"to": [3.917, 14.667, 5],
			"rotation": {"angle": -22.5, "axis": "z", "origin": [7.125, 16.225, 5]},
			"faces": {
				"north": {"uv": [0, 0, 0.5, 0.5], "texture": "#2"},
				"east": {"uv": [0, 0, 1, 0.5], "texture": "#2"},
				"west": {"uv": [0, 0, 1, 0.5], "texture": "#2"},
				"up": {"uv": [0, 0, 0.5, 1], "texture": "#2"},
				"down": {"uv": [0, 0, 0.5, 1], "texture": "#2"}
			}
		},
		{
			"name": "hoods1_1",
			"from": [7.2, 14.675, 4],
			"to": [7.45, 15.5, 5],
			"rotation": {"angle": 0, "axis": "y", "origin": [-2.75, -1, -1]},
			"faces": {
				"north": {"uv": [0, 0, 0.5, 1], "texture": "#2"},
				"east": {"uv": [0, 0, 0.5, 1], "texture": "#2"},
				"west": {"uv": [0, 0, 0.5, 1], "texture": "#2"},
				"up": {"uv": [0, 0, 0.5, 0.5], "texture": "#2"},
				"down": {"uv": [0, 0, 0.5, 0.5], "texture": "#2"}
			}
		},
		{
			"name": "hoods1_1",
			"from": [3.05, 14.675, 4],
			"to": [3.3, 15.5, 5],
			"rotation": {"angle": 0, "axis": "y", "origin": [-2.75, -1, -1]},
			"faces": {
				"north": {"uv": [0, 0, 0.5, 1], "texture": "#2"},
				"east": {"uv": [0, 0, 0.5, 1], "texture": "#2"},
				"west": {"uv": [0, 0, 0.5, 1], "texture": "#2"},
				"up": {"uv": [0, 0, 0.5, 0.5], "texture": "#2"},
				"down": {"uv": [0, 0, 0.5, 0.5], "texture": "#2"}
			}
		},
		{
			"name": "hoods1_2",
			"from": [4.575, 16.745, 1],
			"to": [5.935, 17.005, 5],
			"rotation": {"angle": 0, "axis": "y", "origin": [-2.75, -1, -1]},
			"faces": {
				"north": {"uv": [0, 0, 0.5, 0.5], "texture": "#2"},
				"east": {"uv": [0, 0, 1, 0.5], "texture": "#2"},
				"west": {"uv": [0, 0, 1, 0.5], "texture": "#2"},
				"up": {"uv": [0, 0, 1, 0.5], "texture": "#2"},
				"down": {"uv": [0, 0, 1, 0.5], "texture": "#2"}
			}
		},
		{
			"name": "hoods1_3",
			"from": [11.225, 16.214, 1],
			"to": [11.925, 16.489, 5],
			"rotation": {"angle": -22.5, "axis": "z", "origin": [12.625, 16.225, 5]},
			"faces": {
				"north": {"uv": [0, 0, 0.5, 0.5], "rotation": 90, "texture": "#2"},
				"east": {"uv": [0, 0, 0.5, 1], "rotation": 270, "texture": "#2"},
				"west": {"uv": [0, 0, 0.5, 1], "rotation": 270, "texture": "#2"},
				"up": {"uv": [0, 0, 1, 0.5], "rotation": 270, "texture": "#2"},
				"down": {"uv": [0, 0, 1, 0.5], "rotation": 270, "texture": "#2"}
			}
		},
		{
			"name": "hoods1_3",
			"from": [9.869, 17.647, 1],
			"to": [10.569, 17.922, 5],
			"rotation": {"angle": 22.5, "axis": "z", "origin": [12.625, 16.225, 5]},
			"faces": {
				"north": {"uv": [0, 0, 0.5, 0.5], "rotation": 90, "texture": "#2"},
				"east": {"uv": [0, 0, 0.5, 1], "rotation": 270, "texture": "#2"},
				"west": {"uv": [0, 0, 0.5, 1], "rotation": 270, "texture": "#2"},
				"up": {"uv": [0, 0, 1, 0.5], "rotation": 270, "texture": "#2"},
				"down": {"uv": [0, 0, 1, 0.5], "rotation": 270, "texture": "#2"}
			}
		},
		{
			"name": "hoods1_3",
			"from": [12.325, 16.1, 3],
			"to": [12.6, 16.975, 5],
			"rotation": {"angle": 45, "axis": "z", "origin": [12.625, 16.225, 5]},
			"faces": {
				"north": {"uv": [0, 0, 0.5, 0.5], "texture": "#2"},
				"east": {"uv": [0, 0, 1, 0.5], "texture": "#2"},
				"west": {"uv": [0, 0, 1, 0.5], "texture": "#2"},
				"up": {"uv": [0, 0, 0.5, 1], "texture": "#2"},
				"down": {"uv": [0, 0, 0.5, 1], "texture": "#2"}
			}
		},
		{
			"name": "hoods1_3",
			"from": [9.853, 18.572, 3],
			"to": [10.728, 18.847, 5],
			"rotation": {"angle": 45, "axis": "z", "origin": [12.625, 16.225, 5]},
			"faces": {
				"north": {"uv": [0, 0, 0.5, 0.5], "rotation": 90, "texture": "#2"},
				"east": {"uv": [0, 0, 0.5, 1], "rotation": 270, "texture": "#2"},
				"west": {"uv": [0, 0, 0.5, 1], "rotation": 270, "texture": "#2"},
				"up": {"uv": [0, 0, 1, 0.5], "rotation": 270, "texture": "#2"},
				"down": {"uv": [0, 0, 1, 0.5], "rotation": 270, "texture": "#2"}
			}
		},
		{
			"name": "hoods1_3",
			"from": [12.375, 15.425, 3],
			"to": [12.65, 16.1, 5],
			"rotation": {"angle": 22.5, "axis": "z", "origin": [12.625, 16.225, 5]},
			"faces": {
				"north": {"uv": [0, 0, 0.5, 0.5], "texture": "#2"},
				"east": {"uv": [0, 0, 1, 0.5], "texture": "#2"},
				"west": {"uv": [0, 0, 1, 0.5], "texture": "#2"},
				"up": {"uv": [0, 0, 0.5, 1], "texture": "#2"},
				"down": {"uv": [0, 0, 0.5, 1], "texture": "#2"}
			}
		},
		{
			"name": "hoods1_3",
			"from": [9.142, 13.992, 3],
			"to": [9.417, 14.667, 5],
			"rotation": {"angle": -22.5, "axis": "z", "origin": [12.625, 16.225, 5]},
			"faces": {
				"north": {"uv": [0, 0, 0.5, 0.5], "texture": "#2"},
				"east": {"uv": [0, 0, 1, 0.5], "texture": "#2"},
				"west": {"uv": [0, 0, 1, 0.5], "texture": "#2"},
				"up": {"uv": [0, 0, 0.5, 1], "texture": "#2"},
				"down": {"uv": [0, 0, 0.5, 1], "texture": "#2"}
			}
		},
		{
			"name": "hoods1_1",
			"from": [12.7, 14.675, 4],
			"to": [12.95, 15.5, 5],
			"rotation": {"angle": 0, "axis": "y", "origin": [2.75, -1, -1]},
			"faces": {
				"north": {"uv": [0, 0, 0.5, 1], "texture": "#2"},
				"east": {"uv": [0, 0, 0.5, 1], "texture": "#2"},
				"west": {"uv": [0, 0, 0.5, 1], "texture": "#2"},
				"up": {"uv": [0, 0, 0.5, 0.5], "texture": "#2"},
				"down": {"uv": [0, 0, 0.5, 0.5], "texture": "#2"}
			}
		},
		{
			"name": "hoods1_1",
			"from": [8.55, 14.675, 4],
			"to": [8.8, 15.5, 5],
			"rotation": {"angle": 0, "axis": "y", "origin": [2.75, -1, -1]},
			"faces": {
				"north": {"uv": [0, 0, 0.5, 1], "texture": "#2"},
				"east": {"uv": [0, 0, 0.5, 1], "texture": "#2"},
				"west": {"uv": [0, 0, 0.5, 1], "texture": "#2"},
				"up": {"uv": [0, 0, 0.5, 0.5], "texture": "#2"},
				"down": {"uv": [0, 0, 0.5, 0.5], "texture": "#2"}
			}
		},
		{
			"name": "hoods1_2",
			"from": [10.075, 16.745, 1],
			"to": [11.435, 17.005, 5],
			"rotation": {"angle": 0, "axis": "y", "origin": [2.75, -1, -1]},
			"faces": {
				"north": {"uv": [0, 0, 0.5, 0.5], "texture": "#2"},
				"east": {"uv": [0, 0, 1, 0.5], "texture": "#2"},
				"west": {"uv": [0, 0, 1, 0.5], "texture": "#2"},
				"up": {"uv": [0, 0, 1, 0.5], "texture": "#2"},
				"down": {"uv": [0, 0, 1, 0.5], "texture": "#2"}
			}
		},
		{
			"name": "hoods1_3",
			"from": [8.475, 21.214, 1],
			"to": [9.175, 21.489, 5],
			"rotation": {"angle": -22.5, "axis": "z", "origin": [9.875, 21.225, 5]},
			"faces": {
				"north": {"uv": [0, 0, 0.5, 0.5], "rotation": 90, "texture": "#2"},
				"east": {"uv": [0, 0, 0.5, 1], "rotation": 270, "texture": "#2"},
				"west": {"uv": [0, 0, 0.5, 1], "rotation": 270, "texture": "#2"},
				"up": {"uv": [0, 0, 1, 0.5], "rotation": 270, "texture": "#2"},
				"down": {"uv": [0, 0, 1, 0.5], "rotation": 270, "texture": "#2"}
			}
		},
		{
			"name": "hoods1_3",
			"from": [7.119, 22.647, 1],
			"to": [7.819, 22.922, 5],
			"rotation": {"angle": 22.5, "axis": "z", "origin": [9.875, 21.225, 5]},
			"faces": {
				"north": {"uv": [0, 0, 0.5, 0.5], "rotation": 90, "texture": "#2"},
				"east": {"uv": [0, 0, 0.5, 1], "rotation": 270, "texture": "#2"},
				"west": {"uv": [0, 0, 0.5, 1], "rotation": 270, "texture": "#2"},
				"up": {"uv": [0, 0, 1, 0.5], "rotation": 270, "texture": "#2"},
				"down": {"uv": [0, 0, 1, 0.5], "rotation": 270, "texture": "#2"}
			}
		},
		{
			"name": "hoods1_3",
			"from": [9.575, 21.1, 3],
			"to": [9.85, 21.975, 5],
			"rotation": {"angle": 45, "axis": "z", "origin": [9.875, 21.225, 5]},
			"faces": {
				"north": {"uv": [0, 0, 0.5, 0.5], "texture": "#2"},
				"east": {"uv": [0, 0, 1, 0.5], "texture": "#2"},
				"west": {"uv": [0, 0, 1, 0.5], "texture": "#2"},
				"up": {"uv": [0, 0, 0.5, 1], "texture": "#2"},
				"down": {"uv": [0, 0, 0.5, 1], "texture": "#2"}
			}
		},
		{
			"name": "hoods1_3",
			"from": [7.103, 23.572, 3],
			"to": [7.978, 23.847, 5],
			"rotation": {"angle": 45, "axis": "z", "origin": [9.875, 21.225, 5]},
			"faces": {
				"north": {"uv": [0, 0, 0.5, 0.5], "rotation": 90, "texture": "#2"},
				"east": {"uv": [0, 0, 0.5, 1], "rotation": 270, "texture": "#2"},
				"west": {"uv": [0, 0, 0.5, 1], "rotation": 270, "texture": "#2"},
				"up": {"uv": [0, 0, 1, 0.5], "rotation": 270, "texture": "#2"},
				"down": {"uv": [0, 0, 1, 0.5], "rotation": 270, "texture": "#2"}
			}
		},
		{
			"name": "hoods1_3",
			"from": [9.625, 20.425, 3],
			"to": [9.9, 21.1, 5],
			"rotation": {"angle": 22.5, "axis": "z", "origin": [9.875, 21.225, 5]},
			"faces": {
				"north": {"uv": [0, 0, 0.5, 0.5], "texture": "#2"},
				"east": {"uv": [0, 0, 1, 0.5], "texture": "#2"},
				"west": {"uv": [0, 0, 1, 0.5], "texture": "#2"},
				"up": {"uv": [0, 0, 0.5, 1], "texture": "#2"},
				"down": {"uv": [0, 0, 0.5, 1], "texture": "#2"}
			}
		},
		{
			"name": "hoods1_3",
			"from": [6.392, 18.992, 3],
			"to": [6.667, 19.667, 5],
			"rotation": {"angle": -22.5, "axis": "z", "origin": [9.875, 21.225, 5]},
			"faces": {
				"north": {"uv": [0, 0, 0.5, 0.5], "texture": "#2"},
				"east": {"uv": [0, 0, 1, 0.5], "texture": "#2"},
				"west": {"uv": [0, 0, 1, 0.5], "texture": "#2"},
				"up": {"uv": [0, 0, 0.5, 1], "texture": "#2"},
				"down": {"uv": [0, 0, 0.5, 1], "texture": "#2"}
			}
		},
		{
			"name": "hoods1_1",
			"from": [9.95, 19.675, 4],
			"to": [10.2, 20.5, 5],
			"rotation": {"angle": 0, "axis": "y", "origin": [0, 4, -1]},
			"faces": {
				"north": {"uv": [0, 0, 0.5, 1], "texture": "#2"},
				"east": {"uv": [0, 0, 0.5, 1], "texture": "#2"},
				"west": {"uv": [0, 0, 0.5, 1], "texture": "#2"},
				"up": {"uv": [0, 0, 0.5, 0.5], "texture": "#2"},
				"down": {"uv": [0, 0, 0.5, 0.5], "texture": "#2"}
			}
		},
		{
			"name": "hoods1_1",
			"from": [5.8, 19.675, 4],
			"to": [6.05, 20.5, 5],
			"rotation": {"angle": 0, "axis": "y", "origin": [0, 4, -1]},
			"faces": {
				"north": {"uv": [0, 0, 0.5, 1], "texture": "#2"},
				"east": {"uv": [0, 0, 0.5, 1], "texture": "#2"},
				"west": {"uv": [0, 0, 0.5, 1], "texture": "#2"},
				"up": {"uv": [0, 0, 0.5, 0.5], "texture": "#2"},
				"down": {"uv": [0, 0, 0.5, 0.5], "texture": "#2"}
			}
		},
		{
			"name": "hoods1_2",
			"from": [7.325, 21.745, 1],
			"to": [8.685, 22.005, 5],
			"rotation": {"angle": 0, "axis": "y", "origin": [0, 4, -1]},
			"faces": {
				"north": {"uv": [0, 0, 0.5, 0.5], "texture": "#2"},
				"east": {"uv": [0, 0, 1, 0.5], "texture": "#2"},
				"west": {"uv": [0, 0, 1, 0.5], "texture": "#2"},
				"up": {"uv": [0, 0, 1, 0.5], "texture": "#2"},
				"down": {"uv": [0, 0, 1, 0.5], "texture": "#2"}
			}
		},
		{
			"name": "hoods1_3",
			"from": [8.475, 4.214, 1],
			"to": [9.175, 4.489, 5],
			"rotation": {"angle": -22.5, "axis": "z", "origin": [9.875, 4.225, 5]},
			"faces": {
				"north": {"uv": [0, 0, 0.5, 0.5], "rotation": 90, "texture": "#2"},
				"east": {"uv": [0, 0, 0.5, 1], "rotation": 270, "texture": "#2"},
				"west": {"uv": [0, 0, 0.5, 1], "rotation": 270, "texture": "#2"},
				"up": {"uv": [0, 0, 1, 0.5], "rotation": 270, "texture": "#2"},
				"down": {"uv": [0, 0, 1, 0.5], "rotation": 270, "texture": "#2"}
			}
		},
		{
			"name": "hoods1_3",
			"from": [7.119, 5.647, 1],
			"to": [7.819, 5.922, 5],
			"rotation": {"angle": 22.5, "axis": "z", "origin": [9.875, 4.225, 5]},
			"faces": {
				"north": {"uv": [0, 0, 0.5, 0.5], "rotation": 90, "texture": "#2"},
				"east": {"uv": [0, 0, 0.5, 1], "rotation": 270, "texture": "#2"},
				"west": {"uv": [0, 0, 0.5, 1], "rotation": 270, "texture": "#2"},
				"up": {"uv": [0, 0, 1, 0.5], "rotation": 270, "texture": "#2"},
				"down": {"uv": [0, 0, 1, 0.5], "rotation": 270, "texture": "#2"}
			}
		},
		{
			"name": "hoods1_3",
			"from": [9.575, 4.1, 3],
			"to": [9.85, 4.975, 5],
			"rotation": {"angle": 45, "axis": "z", "origin": [9.875, 4.225, 5]},
			"faces": {
				"north": {"uv": [0, 0, 0.5, 0.5], "texture": "#2"},
				"east": {"uv": [0, 0, 1, 0.5], "texture": "#2"},
				"west": {"uv": [0, 0, 1, 0.5], "texture": "#2"},
				"up": {"uv": [0, 0, 0.5, 1], "texture": "#2"},
				"down": {"uv": [0, 0, 0.5, 1], "texture": "#2"}
			}
		},
		{
			"name": "hoods1_3",
			"from": [7.103, 6.572, 3],
			"to": [7.978, 6.847, 5],
			"rotation": {"angle": 45, "axis": "z", "origin": [9.875, 4.225, 5]},
			"faces": {
				"north": {"uv": [0, 0, 0.5, 0.5], "rotation": 90, "texture": "#2"},
				"east": {"uv": [0, 0, 0.5, 1], "rotation": 270, "texture": "#2"},
				"west": {"uv": [0, 0, 0.5, 1], "rotation": 270, "texture": "#2"},
				"up": {"uv": [0, 0, 1, 0.5], "rotation": 270, "texture": "#2"},
				"down": {"uv": [0, 0, 1, 0.5], "rotation": 270, "texture": "#2"}
			}
		},
		{
			"name": "hoods1_3",
			"from": [9.625, 3.425, 3],
			"to": [9.9, 4.1, 5],
			"rotation": {"angle": 22.5, "axis": "z", "origin": [9.875, 4.225, 5]},
			"faces": {
				"north": {"uv": [0, 0, 0.5, 0.5], "texture": "#2"},
				"east": {"uv": [0, 0, 1, 0.5], "texture": "#2"},
				"west": {"uv": [0, 0, 1, 0.5], "texture": "#2"},
				"up": {"uv": [0, 0, 0.5, 1], "texture": "#2"},
				"down": {"uv": [0, 0, 0.5, 1], "texture": "#2"}
			}
		},
		{
			"name": "hoods1_3",
			"from": [6.392, 1.992, 3],
			"to": [6.667, 2.667, 5],
			"rotation": {"angle": -22.5, "axis": "z", "origin": [9.875, 4.225, 5]},
			"faces": {
				"north": {"uv": [0, 0, 0.5, 0.5], "texture": "#2"},
				"east": {"uv": [0, 0, 1, 0.5], "texture": "#2"},
				"west": {"uv": [0, 0, 1, 0.5], "texture": "#2"},
				"up": {"uv": [0, 0, 0.5, 1], "texture": "#2"},
				"down": {"uv": [0, 0, 0.5, 1], "texture": "#2"}
			}
		},
		{
			"name": "hoods1_1",
			"from": [9.95, 2.675, 4],
			"to": [10.2, 3.5, 5],
			"rotation": {"angle": 0, "axis": "y", "origin": [0, -13, -1]},
			"faces": {
				"north": {"uv": [0, 0, 0.5, 1], "texture": "#2"},
				"east": {"uv": [0, 0, 0.5, 1], "texture": "#2"},
				"west": {"uv": [0, 0, 0.5, 1], "texture": "#2"},
				"up": {"uv": [0, 0, 0.5, 0.5], "texture": "#2"},
				"down": {"uv": [0, 0, 0.5, 0.5], "texture": "#2"}
			}
		},
		{
			"name": "hoods1_1",
			"from": [5.8, 2.675, 4],
			"to": [6.05, 3.5, 5],
			"rotation": {"angle": 0, "axis": "y", "origin": [0, -13, -1]},
			"faces": {
				"north": {"uv": [0, 0, 0.5, 1], "texture": "#2"},
				"east": {"uv": [0, 0, 0.5, 1], "texture": "#2"},
				"west": {"uv": [0, 0, 0.5, 1], "texture": "#2"},
				"up": {"uv": [0, 0, 0.5, 0.5], "texture": "#2"},
				"down": {"uv": [0, 0, 0.5, 0.5], "texture": "#2"}
			}
		},
		{
			"name": "hoods1_2",
			"from": [7.325, 4.745, 1],
			"to": [8.685, 5.005, 5],
			"rotation": {"angle": 0, "axis": "y", "origin": [0, -13, -1]},
			"faces": {
				"north": {"uv": [0, 0, 0.5, 0.5], "texture": "#2"},
				"east": {"uv": [0, 0, 1, 0.5], "texture": "#2"},
				"west": {"uv": [0, 0, 1, 0.5], "texture": "#2"},
				"up": {"uv": [0, 0, 1, 0.5], "texture": "#2"},
				"down": {"uv": [0, 0, 1, 0.5], "texture": "#2"}
			}
		},
		{
			"name": "hoods1_2",
			"from": [4.933, 11.424, 3],
			"to": [5.569, 11.684, 5],
			"rotation": {"angle": 0, "axis": "y", "origin": [5.225, 11.625, 5]},
			"faces": {
				"north": {"uv": [0, 0, 0.5, 0.5], "rotation": 180, "texture": "#2"},
				"east": {"uv": [0, 0, 1, 0.5], "rotation": 180, "texture": "#2"},
				"west": {"uv": [0, 0, 1, 0.5], "rotation": 180, "texture": "#2"},
				"up": {"uv": [0, 0, 1, 0.5], "rotation": 180, "texture": "#2"},
				"down": {"uv": [0, 0, 1, 0.5], "rotation": 180, "texture": "#2"}
			}
		},
		{
			"name": "hoods1_2",
			"from": [4.551, 11.527, 3],
			"to": [5.015, 11.787, 5],
			"rotation": {"angle": 22.5, "axis": "z", "origin": [5.241, 11.537, 5]},
			"faces": {
				"north": {"uv": [0, 0, 0.5, 0.5], "texture": "#2"},
				"east": {"uv": [0, 0, 1, 0.5], "texture": "#2"},
				"west": {"uv": [0, 0, 1, 0.5], "texture": "#2"},
				"up": {"uv": [0, 0, 1, 0.5], "texture": "#2"},
				"down": {"uv": [0, 0, 1, 0.5], "texture": "#2"}
			}
		},
		{
			"name": "hoods1_2",
			"from": [5.491, 11.535, 3],
			"to": [5.955, 11.795, 5],
			"rotation": {"angle": -22.5, "axis": "z", "origin": [5.241, 11.537, 5]},
			"faces": {
				"north": {"uv": [0, 0, 0.5, 0.5], "rotation": 180, "texture": "#2"},
				"east": {"uv": [0, 0, 1, 0.5], "rotation": 180, "texture": "#2"},
				"west": {"uv": [0, 0, 1, 0.5], "rotation": 180, "texture": "#2"},
				"up": {"uv": [0, 0, 1, 0.5], "rotation": 180, "texture": "#2"},
				"down": {"uv": [0, 0, 1, 0.5], "rotation": 180, "texture": "#2"}
			}
		},
		{
			"name": "hoods1_2",
			"from": [4.341, 11.772, 4],
			"to": [4.701, 12.032, 5],
			"rotation": {"angle": 45, "axis": "z", "origin": [5.241, 11.537, 5]},
			"faces": {
				"north": {"uv": [0, 0, 0.5, 0.5], "texture": "#2"},
				"east": {"uv": [0, 0, 1, 0.5], "texture": "#2"},
				"west": {"uv": [0, 0, 1, 0.5], "texture": "#2"},
				"up": {"uv": [0, 0, 1, 0.5], "texture": "#2"},
				"down": {"uv": [0, 0, 1, 0.5], "texture": "#2"}
			}
		},
		{
			"name": "hoods1_2",
			"from": [5.482, 10.613, 4],
			"to": [5.742, 10.973, 5],
			"rotation": {"angle": 45, "axis": "z", "origin": [5.241, 11.537, 5]},
			"faces": {
				"north": {"uv": [0, 0, 0.5, 0.5], "rotation": 90, "texture": "#2"},
				"east": {"uv": [0, 0, 1, 0.5], "rotation": 270, "texture": "#2"},
				"west": {"uv": [0, 0, 1, 0.5], "rotation": 270, "texture": "#2"},
				"up": {"uv": [0, 0, 1, 0.5], "rotation": 270, "texture": "#2"},
				"down": {"uv": [0, 0, 1, 0.5], "rotation": 270, "texture": "#2"}
			}
		},
		{
			"name": "hoods1_2",
			"from": [4.343, 10.296, 4],
			"to": [4.603, 10.904, 5],
			"rotation": {"angle": -22.5, "axis": "z", "origin": [5.145, 11.297, 5]},
			"faces": {
				"north": {"uv": [0, 0, 0.5, 0.5], "rotation": 90, "texture": "#2"},
				"east": {"uv": [0, 0, 1, 0.5], "rotation": 270, "texture": "#2"},
				"west": {"uv": [0, 0, 1, 0.5], "rotation": 270, "texture": "#2"},
				"up": {"uv": [0, 0, 1, 0.5], "rotation": 270, "texture": "#2"},
				"down": {"uv": [0, 0, 1, 0.5], "rotation": 270, "texture": "#2"}
			}
		},
		{
			"name": "hoods1_2",
			"from": [5.883, 10.216, 4],
			"to": [6.143, 10.824, 5],
			"rotation": {"angle": 22.5, "axis": "z", "origin": [5.145, 11.297, 5]},
			"faces": {
				"north": {"uv": [0, 0, 0.5, 0.5], "rotation": 90, "texture": "#2"},
				"east": {"uv": [0, 0, 1, 0.5], "rotation": 270, "texture": "#2"},
				"west": {"uv": [0, 0, 1, 0.5], "rotation": 270, "texture": "#2"},
				"up": {"uv": [0, 0, 1, 0.5], "rotation": 270, "texture": "#2"},
				"down": {"uv": [0, 0, 1, 0.5], "rotation": 270, "texture": "#2"}
			}
		},
		{
			"name": "hoods1_2",
			"from": [4.021, 10.224, 4],
			"to": [4.281, 10.68, 5],
			"rotation": {"angle": 0, "axis": "y", "origin": [5.145, 11.297, 5]},
			"faces": {
				"north": {"uv": [0, 0, 0.5, 0.5], "rotation": 90, "texture": "#2"},
				"east": {"uv": [0, 0, 1, 0.5], "rotation": 270, "texture": "#2"},
				"west": {"uv": [0, 0, 1, 0.5], "rotation": 270, "texture": "#2"},
				"up": {"uv": [0, 0, 1, 0.5], "rotation": 270, "texture": "#2"},
				"down": {"uv": [0, 0, 1, 0.5], "rotation": 270, "texture": "#2"}
			}
		},
		{
			"name": "hoods1_2",
			"from": [6.221, 10.224, 4],
			"to": [6.481, 10.68, 5],
			"rotation": {"angle": 0, "axis": "y", "origin": [5.145, 11.297, 5]},
			"faces": {
				"north": {"uv": [0, 0, 0.5, 0.5], "rotation": 90, "texture": "#2"},
				"east": {"uv": [0, 0, 1, 0.5], "rotation": 270, "texture": "#2"},
				"west": {"uv": [0, 0, 1, 0.5], "rotation": 270, "texture": "#2"},
				"up": {"uv": [0, 0, 1, 0.5], "rotation": 270, "texture": "#2"},
				"down": {"uv": [0, 0, 1, 0.5], "rotation": 270, "texture": "#2"}
			}
		},
		{
			"name": "hoods1_2",
			"from": [10.433, 7.924, 3],
			"to": [11.069, 8.184, 5],
			"rotation": {"angle": 0, "axis": "y", "origin": [10.725, 8.125, 5]},
			"faces": {
				"north": {"uv": [0, 0, 0.5, 0.5], "rotation": 180, "texture": "#2"},
				"east": {"uv": [0, 0, 1, 0.5], "rotation": 180, "texture": "#2"},
				"west": {"uv": [0, 0, 1, 0.5], "rotation": 180, "texture": "#2"},
				"up": {"uv": [0, 0, 1, 0.5], "rotation": 180, "texture": "#2"},
				"down": {"uv": [0, 0, 1, 0.5], "rotation": 180, "texture": "#2"}
			}
		},
		{
			"name": "hoods1_2",
			"from": [10.051, 8.027, 3],
			"to": [10.515, 8.287, 5],
			"rotation": {"angle": 22.5, "axis": "z", "origin": [10.741, 8.037, 5]},
			"faces": {
				"north": {"uv": [0, 0, 0.5, 0.5], "texture": "#2"},
				"east": {"uv": [0, 0, 1, 0.5], "texture": "#2"},
				"west": {"uv": [0, 0, 1, 0.5], "texture": "#2"},
				"up": {"uv": [0, 0, 1, 0.5], "texture": "#2"},
				"down": {"uv": [0, 0, 1, 0.5], "texture": "#2"}
			}
		},
		{
			"name": "hoods1_2",
			"from": [10.991, 8.035, 3],
			"to": [11.455, 8.295, 5],
			"rotation": {"angle": -22.5, "axis": "z", "origin": [10.741, 8.037, 5]},
			"faces": {
				"north": {"uv": [0, 0, 0.5, 0.5], "rotation": 180, "texture": "#2"},
				"east": {"uv": [0, 0, 1, 0.5], "rotation": 180, "texture": "#2"},
				"west": {"uv": [0, 0, 1, 0.5], "rotation": 180, "texture": "#2"},
				"up": {"uv": [0, 0, 1, 0.5], "rotation": 180, "texture": "#2"},
				"down": {"uv": [0, 0, 1, 0.5], "rotation": 180, "texture": "#2"}
			}
		},
		{
			"name": "hoods1_2",
			"from": [9.841, 8.272, 4],
			"to": [10.201, 8.532, 5],
			"rotation": {"angle": 45, "axis": "z", "origin": [10.741, 8.037, 5]},
			"faces": {
				"north": {"uv": [0, 0, 0.5, 0.5], "texture": "#2"},
				"east": {"uv": [0, 0, 1, 0.5], "texture": "#2"},
				"west": {"uv": [0, 0, 1, 0.5], "texture": "#2"},
				"up": {"uv": [0, 0, 1, 0.5], "texture": "#2"},
				"down": {"uv": [0, 0, 1, 0.5], "texture": "#2"}
			}
		},
		{
			"name": "hoods1_2",
			"from": [10.982, 7.113, 4],
			"to": [11.242, 7.473, 5],
			"rotation": {"angle": 45, "axis": "z", "origin": [10.741, 8.037, 5]},
			"faces": {
				"north": {"uv": [0, 0, 0.5, 0.5], "rotation": 90, "texture": "#2"},
				"east": {"uv": [0, 0, 1, 0.5], "rotation": 270, "texture": "#2"},
				"west": {"uv": [0, 0, 1, 0.5], "rotation": 270, "texture": "#2"},
				"up": {"uv": [0, 0, 1, 0.5], "rotation": 270, "texture": "#2"},
				"down": {"uv": [0, 0, 1, 0.5], "rotation": 270, "texture": "#2"}
			}
		},
		{
			"name": "hoods1_2",
			"from": [9.843, 6.796, 4],
			"to": [10.103, 7.404, 5],
			"rotation": {"angle": -22.5, "axis": "z", "origin": [10.645, 7.797, 5]},
			"faces": {
				"north": {"uv": [0, 0, 0.5, 0.5], "rotation": 90, "texture": "#2"},
				"east": {"uv": [0, 0, 1, 0.5], "rotation": 270, "texture": "#2"},
				"west": {"uv": [0, 0, 1, 0.5], "rotation": 270, "texture": "#2"},
				"up": {"uv": [0, 0, 1, 0.5], "rotation": 270, "texture": "#2"},
				"down": {"uv": [0, 0, 1, 0.5], "rotation": 270, "texture": "#2"}
			}
		},
		{
			"name": "hoods1_2",
			"from": [11.383, 6.716, 4],
			"to": [11.643, 7.324, 5],
			"rotation": {"angle": 22.5, "axis": "z", "origin": [10.645, 7.797, 5]},
			"faces": {
				"north": {"uv": [0, 0, 0.5, 0.5], "rotation": 90, "texture": "#2"},
				"east": {"uv": [0, 0, 1, 0.5], "rotation": 270, "texture": "#2"},
				"west": {"uv": [0, 0, 1, 0.5], "rotation": 270, "texture": "#2"},
				"up": {"uv": [0, 0, 1, 0.5], "rotation": 270, "texture": "#2"},
				"down": {"uv": [0, 0, 1, 0.5], "rotation": 270, "texture": "#2"}
			}
		},
		{
			"name": "hoods1_2",
			"from": [9.521, 6.724, 4],
			"to": [9.781, 7.18, 5],
			"rotation": {"angle": 0, "axis": "y", "origin": [10.645, 7.797, 5]},
			"faces": {
				"north": {"uv": [0, 0, 0.5, 0.5], "rotation": 90, "texture": "#2"},
				"east": {"uv": [0, 0, 1, 0.5], "rotation": 270, "texture": "#2"},
				"west": {"uv": [0, 0, 1, 0.5], "rotation": 270, "texture": "#2"},
				"up": {"uv": [0, 0, 1, 0.5], "rotation": 270, "texture": "#2"},
				"down": {"uv": [0, 0, 1, 0.5], "rotation": 270, "texture": "#2"}
			}
		},
		{
			"name": "hoods1_2",
			"from": [11.721, 6.724, 4],
			"to": [11.981, 7.18, 5],
			"rotation": {"angle": 0, "axis": "y", "origin": [10.645, 7.797, 5]},
			"faces": {
				"north": {"uv": [0, 0, 0.5, 0.5], "rotation": 90, "texture": "#2"},
				"east": {"uv": [0, 0, 1, 0.5], "rotation": 270, "texture": "#2"},
				"west": {"uv": [0, 0, 1, 0.5], "rotation": 270, "texture": "#2"},
				"up": {"uv": [0, 0, 1, 0.5], "rotation": 270, "texture": "#2"},
				"down": {"uv": [0, 0, 1, 0.5], "rotation": 270, "texture": "#2"}
			}
		}
	],
	"groups": [
		{
			"name": "hv_hp",
			"origin": [8, 8, 8],
			"color": 0,
			"children": [
				{
					"name": "hp",
					"origin": [-8, 16, -27],
					"color": 0,
					"children": [
						{
							"name": "lamps",
							"origin": [4, 29, -23],
							"color": 0,
							"children": [0, 1, 2, 3, 4, 5]
						},
						{
							"name": "shield",
							"origin": [-14, 16, -28],
							"color": 0,
							"children": [6, 7, 8, 9, 10, 11, 12, 13, 14, 15, 16, 17, 18, 19, 20, 21, 22, 23, 24, 25, 26, 27, 28, 29, 30, 31]
						},
						{
							"name": "mast",
							"origin": [-8, 16, -27],
							"color": 0,
							"children": []
						},
						{
							"name": "hood2",
							"origin": [0, 0, 0],
							"color": 0,
							"children": [32, 33, 34, 35, 36, 37, 38, 39, 40]
						},
						{
							"name": "hood2",
							"origin": [0, 0, 0],
							"color": 0,
							"children": [41, 42, 43, 44, 45, 46, 47, 48, 49]
						},
						{
							"name": "hood2",
							"origin": [0, 0, 0],
							"color": 0,
							"children": [50, 51, 52, 53, 54, 55, 56, 57, 58]
						},
						{
							"name": "hood2",
							"origin": [0, 0, 0],
							"color": 0,
							"children": [59, 60, 61, 62, 63, 64, 65, 66, 67]
						},
						{
							"name": "hood5",
							"origin": [0, 0, 0],
							"color": 0,
							"children": [68, 69, 70, 71, 72, 73, 74, 75, 76]
						},
						{
							"name": "hood5",
							"origin": [0, 0, 0],
							"color": 0,
							"children": [77, 78, 79, 80, 81, 82, 83, 84, 85]
						}
					]
				}
			]
		}
	]
}