{
	"credit": "Made with Blockbench by Mc_Jeronimo",
	"texture_size": [32, 32],
	"textures": {
		"5": "opensignals:blocks/projekt675signale/default/black",
		"7": "opensignals:blocks/projekt675signale/default/shield_black",
		"lamp_red_primarynorth": "opensignals:blocks/projekt675signale/lamps/lamp_dark",
		"lamp_red_secondarynorth": "opensignals:blocks/projekt675signale/lamps/lamp_dark",
		"lamp_greennorth": "opensignals:blocks/projekt675signale/lamps/lamp_dark",
		"lamp_yellownorth": "opensignals:blocks/projekt675signale/lamps/lamp_dark"
	},
	"elements": [
		{
			"name": "lamp_green",
			"from": [4, 17.75, 4.9],
			"to": [8, 21.75, 4.9],
			"faces": {
				"north": {"uv": [0, 0, 4.3125, 4.3125], "texture": "#lamp_greennorth"}
			}
		},
		{
			"name": "lamp_red_primary",
			"from": [8, 0.75, 4.9],
			"to": [12, 4.75, 4.9],
			"faces": {
				"north": {"uv": [0, 0, 4.3125, 4.3125], "texture": "#lamp_red_primarynorth"}
			}
		},
		{
			"name": "lamp_red_secondary",
			"from": [8, 17.75, 4.9],
			"to": [12, 21.75, 4.9],
			"faces": {
				"north": {"uv": [0, 0, 4.3125, 4.3125], "texture": "#lamp_red_secondarynorth"}
			}
		},
		{
			"name": "lamp_yellow",
			"from": [4, 0.75, 4.9],
			"to": [8, 4.75, 4.9],
			"faces": {
				"north": {"uv": [0, 0, 4.3125, 4.3125], "texture": "#lamp_yellownorth"}
			}
		},
		{
			"name": "hoods1_2",
			"from": [5.325, 4.745, 1],
			"to": [10.685, 5.005, 5],
			"rotation": {"angle": 0, "axis": "y", "origin": [2, -13, -1]},
			"faces": {
				"north": {"uv": [0, 0, 0.5, 0.5], "texture": "#7"},
				"east": {"uv": [0, 0, 1, 0.5], "texture": "#7"},
				"west": {"uv": [0, 0, 1, 0.5], "texture": "#7"},
				"up": {"uv": [0, 0, 1, 0.5], "texture": "#7"},
				"down": {"uv": [0, 0, 1, 0.5], "texture": "#7"}
			}
		},
		{
			"name": "hoods1_3",
			"from": [5.119, 5.647, 1],
			"to": [5.819, 5.922, 5],
			"rotation": {"angle": 22.5, "axis": "z", "origin": [7.875, 4.225, 5]},
			"faces": {
				"north": {"uv": [0, 0, 0.5, 0.5], "rotation": 90, "texture": "#7"},
				"east": {"uv": [0, 0, 0.5, 1], "rotation": 270, "texture": "#7"},
				"west": {"uv": [0, 0, 0.5, 1], "rotation": 270, "texture": "#7"},
				"up": {"uv": [0, 0, 1, 0.5], "rotation": 270, "texture": "#7"},
				"down": {"uv": [0, 0, 1, 0.5], "rotation": 270, "texture": "#7"}
			}
		},
		{
			"name": "hoods1_2",
			"from": [5.325, 21.745, 1],
			"to": [10.685, 22.005, 5],
			"rotation": {"angle": 0, "axis": "y", "origin": [2, 4, -1]},
			"faces": {
				"north": {"uv": [0, 0, 0.5, 0.5], "texture": "#7"},
				"east": {"uv": [0, 0, 1, 0.5], "texture": "#7"},
				"west": {"uv": [0, 0, 1, 0.5], "texture": "#7"},
				"up": {"uv": [0, 0, 1, 0.5], "texture": "#7"},
				"down": {"uv": [0, 0, 1, 0.5], "texture": "#7"}
			}
		},
		{
			"name": "hoods1_3",
			"from": [11.625, 20.425, 3],
			"to": [11.9, 21.1, 5],
			"rotation": {"angle": 22.5, "axis": "z", "origin": [11.875, 21.225, 5]},
			"faces": {
				"north": {"uv": [0, 0, 0.5, 0.5], "texture": "#7"},
				"east": {"uv": [0, 0, 1, 0.5], "texture": "#7"},
				"west": {"uv": [0, 0, 1, 0.5], "texture": "#7"},
				"up": {"uv": [0, 0, 0.5, 1], "texture": "#7"},
				"down": {"uv": [0, 0, 0.5, 1], "texture": "#7"}
			}
		},
		{
			"name": "hoods1_1",
			"from": [11.95, 19.675, 4],
			"to": [12.2, 20.5, 5],
			"rotation": {"angle": 0, "axis": "y", "origin": [2, 4, -1]},
			"faces": {
				"north": {"uv": [0, 0, 0.5, 1], "texture": "#7"},
				"east": {"uv": [0, 0, 0.5, 1], "texture": "#7"},
				"west": {"uv": [0, 0, 0.5, 1], "texture": "#7"},
				"up": {"uv": [0, 0, 0.5, 0.5], "texture": "#7"},
				"down": {"uv": [0, 0, 0.5, 0.5], "texture": "#7"}
			}
		},
		{
			"name": "hoods1_3",
			"from": [5.103, 23.572, 3],
			"to": [5.978, 23.847, 5],
			"rotation": {"angle": 45, "axis": "z", "origin": [7.875, 21.225, 5]},
			"faces": {
				"north": {"uv": [0, 0, 0.5, 0.5], "rotation": 90, "texture": "#7"},
				"east": {"uv": [0, 0, 0.5, 1], "rotation": 270, "texture": "#7"},
				"west": {"uv": [0, 0, 0.5, 1], "rotation": 270, "texture": "#7"},
				"up": {"uv": [0, 0, 1, 0.5], "rotation": 270, "texture": "#7"},
				"down": {"uv": [0, 0, 1, 0.5], "rotation": 270, "texture": "#7"}
			}
		},
		{
			"name": "hoods1_3",
			"from": [4.392, 18.992, 3],
			"to": [4.667, 19.667, 5],
			"rotation": {"angle": -22.5, "axis": "z", "origin": [7.875, 21.225, 5]},
			"faces": {
				"north": {"uv": [0, 0, 0.5, 0.5], "texture": "#7"},
				"east": {"uv": [0, 0, 1, 0.5], "texture": "#7"},
				"west": {"uv": [0, 0, 1, 0.5], "texture": "#7"},
				"up": {"uv": [0, 0, 0.5, 1], "texture": "#7"},
				"down": {"uv": [0, 0, 0.5, 1], "texture": "#7"}
			}
		},
		{
			"name": "hoods1_1",
			"from": [3.8, 19.675, 4],
			"to": [4.05, 20.5, 5],
			"rotation": {"angle": 0, "axis": "y", "origin": [-2, 4, -1]},
			"faces": {
				"north": {"uv": [0, 0, 0.5, 1], "texture": "#7"},
				"east": {"uv": [0, 0, 0.5, 1], "texture": "#7"},
				"west": {"uv": [0, 0, 0.5, 1], "texture": "#7"},
				"up": {"uv": [0, 0, 0.5, 0.5], "texture": "#7"},
				"down": {"uv": [0, 0, 0.5, 0.5], "texture": "#7"}
			}
		},
		{
			"name": "hoods1_3",
			"from": [10.475, 21.214, 1],
			"to": [11.175, 21.489, 5],
			"rotation": {"angle": -22.5, "axis": "z", "origin": [11.875, 21.225, 5]},
			"faces": {
				"north": {"uv": [0, 0, 0.5, 0.5], "rotation": 90, "texture": "#7"},
				"east": {"uv": [0, 0, 0.5, 1], "rotation": 270, "texture": "#7"},
				"west": {"uv": [0, 0, 0.5, 1], "rotation": 270, "texture": "#7"},
				"up": {"uv": [0, 0, 1, 0.5], "rotation": 270, "texture": "#7"},
				"down": {"uv": [0, 0, 1, 0.5], "rotation": 270, "texture": "#7"}
			}
		},
		{
			"name": "hoods1_3",
			"from": [11.575, 21.1, 3],
			"to": [11.85, 21.975, 5],
			"rotation": {"angle": 45, "axis": "z", "origin": [11.875, 21.225, 5]},
			"faces": {
				"north": {"uv": [0, 0, 0.5, 0.5], "texture": "#7"},
				"east": {"uv": [0, 0, 1, 0.5], "texture": "#7"},
				"west": {"uv": [0, 0, 1, 0.5], "texture": "#7"},
				"up": {"uv": [0, 0, 0.5, 1], "texture": "#7"},
				"down": {"uv": [0, 0, 0.5, 1], "texture": "#7"}
			}
		},
		{
			"name": "hoods1_3",
			"from": [5.119, 22.647, 1],
			"to": [5.819, 22.922, 5],
			"rotation": {"angle": 22.5, "axis": "z", "origin": [7.875, 21.225, 5]},
			"faces": {
				"north": {"uv": [0, 0, 0.5, 0.5], "rotation": 90, "texture": "#7"},
				"east": {"uv": [0, 0, 0.5, 1], "rotation": 270, "texture": "#7"},
				"west": {"uv": [0, 0, 0.5, 1], "rotation": 270, "texture": "#7"},
				"up": {"uv": [0, 0, 1, 0.5], "rotation": 270, "texture": "#7"},
				"down": {"uv": [0, 0, 1, 0.5], "rotation": 270, "texture": "#7"}
			}
		},
		{
			"name": "hoods1_3",
			"from": [11.575, 4.1, 3],
			"to": [11.85, 4.975, 5],
			"rotation": {"angle": 45, "axis": "z", "origin": [11.875, 4.225, 5]},
			"faces": {
				"north": {"uv": [0, 0, 0.5, 0.5], "texture": "#7"},
				"east": {"uv": [0, 0, 1, 0.5], "texture": "#7"},
				"west": {"uv": [0, 0, 1, 0.5], "texture": "#7"},
				"up": {"uv": [0, 0, 0.5, 1], "texture": "#7"},
				"down": {"uv": [0, 0, 0.5, 1], "texture": "#7"}
			}
		},
		{
			"name": "hoods1_3",
			"from": [10.475, 4.214, 1],
			"to": [11.175, 4.489, 5],
			"rotation": {"angle": -22.5, "axis": "z", "origin": [11.875, 4.225, 5]},
			"faces": {
				"north": {"uv": [0, 0, 0.5, 0.5], "rotation": 90, "texture": "#7"},
				"east": {"uv": [0, 0, 0.5, 1], "rotation": 270, "texture": "#7"},
				"west": {"uv": [0, 0, 0.5, 1], "rotation": 270, "texture": "#7"},
				"up": {"uv": [0, 0, 1, 0.5], "rotation": 270, "texture": "#7"},
				"down": {"uv": [0, 0, 1, 0.5], "rotation": 270, "texture": "#7"}
			}
		},
		{
			"name": "hoods1_1",
			"from": [3.8, 2.675, 4],
			"to": [4.05, 3.5, 5],
			"rotation": {"angle": 0, "axis": "y", "origin": [-2, -13, -1]},
			"faces": {
				"north": {"uv": [0, 0, 0.5, 1], "texture": "#7"},
				"east": {"uv": [0, 0, 0.5, 1], "texture": "#7"},
				"west": {"uv": [0, 0, 0.5, 1], "texture": "#7"},
				"up": {"uv": [0, 0, 0.5, 0.5], "texture": "#7"},
				"down": {"uv": [0, 0, 0.5, 0.5], "texture": "#7"}
			}
		},
		{
			"name": "hoods1_3",
			"from": [4.392, 1.992, 3],
			"to": [4.667, 2.667, 5],
			"rotation": {"angle": -22.5, "axis": "z", "origin": [7.875, 4.225, 5]},
			"faces": {
				"north": {"uv": [0, 0, 0.5, 0.5], "texture": "#7"},
				"east": {"uv": [0, 0, 1, 0.5], "texture": "#7"},
				"west": {"uv": [0, 0, 1, 0.5], "texture": "#7"},
				"up": {"uv": [0, 0, 0.5, 1], "texture": "#7"},
				"down": {"uv": [0, 0, 0.5, 1], "texture": "#7"}
			}
		},
		{
			"name": "hoods1_3",
			"from": [5.103, 6.572, 3],
			"to": [5.978, 6.847, 5],
			"rotation": {"angle": 45, "axis": "z", "origin": [7.875, 4.225, 5]},
			"faces": {
				"north": {"uv": [0, 0, 0.5, 0.5], "rotation": 90, "texture": "#7"},
				"east": {"uv": [0, 0, 0.5, 1], "rotation": 270, "texture": "#7"},
				"west": {"uv": [0, 0, 0.5, 1], "rotation": 270, "texture": "#7"},
				"up": {"uv": [0, 0, 1, 0.5], "rotation": 270, "texture": "#7"},
				"down": {"uv": [0, 0, 1, 0.5], "rotation": 270, "texture": "#7"}
			}
		},
		{
			"name": "hoods1_1",
			"from": [11.95, 2.675, 4],
			"to": [12.2, 3.5, 5],
			"rotation": {"angle": 0, "axis": "y", "origin": [2, -13, -1]},
			"faces": {
				"north": {"uv": [0, 0, 0.5, 1], "texture": "#7"},
				"east": {"uv": [0, 0, 0.5, 1], "texture": "#7"},
				"west": {"uv": [0, 0, 0.5, 1], "texture": "#7"},
				"up": {"uv": [0, 0, 0.5, 0.5], "texture": "#7"},
				"down": {"uv": [0, 0, 0.5, 0.5], "texture": "#7"}
			}
		},
		{
			"name": "hoods1_3",
			"from": [11.625, 3.425, 3],
			"to": [11.9, 4.1, 5],
			"rotation": {"angle": 22.5, "axis": "z", "origin": [11.875, 4.225, 5]},
			"faces": {
				"north": {"uv": [0, 0, 0.5, 0.5], "texture": "#7"},
				"east": {"uv": [0, 0, 1, 0.5], "texture": "#7"},
				"west": {"uv": [0, 0, 1, 0.5], "texture": "#7"},
				"up": {"uv": [0, 0, 0.5, 1], "texture": "#7"},
				"down": {"uv": [0, 0, 0.5, 1], "texture": "#7"}
			}
		},
		{
			"name": "shield1",
			"from": [8.5, 18.5, 7],
			"to": [11.5, 21.5, 9],
			"faces": {
				"east": {"uv": [0, 0, 1, 2.5], "texture": "#7"},
				"south": {"uv": [0, 0, 2.5, 2.5], "texture": "#7"},
				"west": {"uv": [0, 0, 1, 2.5], "texture": "#7"},
				"up": {"uv": [0, 0, 2.5, 1], "texture": "#7"},
				"down": {"uv": [0, 0, 2.5, 1], "texture": "#7"}
			}
		},
		{
			"name": "shield1",
			"from": [7.5, 0.25, 7],
			"to": [8.5, 20.25, 8],
			"faces": {
				"east": {"uv": [0, 0, 1, 2.5], "texture": "#5"},
				"south": {"uv": [0, 0, 2.5, 2.5], "texture": "#5"},
				"west": {"uv": [0, 0, 1, 2.5], "texture": "#5"},
				"up": {"uv": [0, 0, 2.5, 1], "texture": "#5"},
				"down": {"uv": [0, 0, 2.5, 1], "texture": "#5"}
			}
		},
		{
			"name": "shield1",
			"from": [4.5, 18.5, 7],
			"to": [7.5, 21.5, 9],
			"faces": {
				"east": {"uv": [0, 0, 1, 2.5], "texture": "#7"},
				"south": {"uv": [0, 0, 2.5, 2.5], "texture": "#7"},
				"west": {"uv": [0, 0, 1, 2.5], "texture": "#7"},
				"up": {"uv": [0, 0, 2.5, 1], "texture": "#7"},
				"down": {"uv": [0, 0, 2.5, 1], "texture": "#7"}
			}
		},
		{
			"name": "shield1",
			"from": [8.5, 1.5, 7],
			"to": [11.5, 4.5, 9],
			"faces": {
				"east": {"uv": [0, 0, 1, 2.5], "texture": "#7"},
				"south": {"uv": [0, 0, 2.5, 2.5], "texture": "#7"},
				"west": {"uv": [0, 0, 1, 2.5], "texture": "#7"},
				"up": {"uv": [0, 0, 2.5, 1], "texture": "#7"},
				"down": {"uv": [0, 0, 2.5, 1], "texture": "#7"}
			}
		},
		{
			"name": "shield1",
			"from": [6.5, 2.5, 7],
			"to": [9.5, 3.5, 7.5],
			"faces": {
				"east": {"uv": [0, 0, 1, 2.5], "texture": "#7"},
				"south": {"uv": [0, 0, 2.5, 2.5], "texture": "#7"},
				"west": {"uv": [0, 0, 1, 2.5], "texture": "#7"},
				"up": {"uv": [0, 0, 2.5, 1], "texture": "#7"},
				"down": {"uv": [0, 0, 2.5, 1], "texture": "#7"}
			}
		},
		{
			"name": "shield1",
			"from": [4.5, 1.5, 7],
			"to": [7.5, 4.5, 9],
			"faces": {
				"east": {"uv": [0, 0, 1, 2.5], "texture": "#7"},
				"south": {"uv": [0, 0, 2.5, 2.5], "texture": "#7"},
				"west": {"uv": [0, 0, 1, 2.5], "texture": "#7"},
				"up": {"uv": [0, 0, 2.5, 1], "texture": "#7"},
				"down": {"uv": [0, 0, 2.5, 1], "texture": "#7"}
			}
		},
		{
			"name": "shield10",
			"from": [3.556, 22, 7],
			"to": [12.412, 23, 8],
			"faces": {
				"east": {"uv": [0, 1, 0.5, 1.5], "texture": "#7"},
				"south": {"uv": [5, 1, 9, 1.5], "texture": "#7"},
				"west": {"uv": [4.5, 1, 5, 1.5], "texture": "#7"},
				"up": {"uv": [4.5, 1, 0.5, 0.5], "texture": "#7"},
				"down": {"uv": [8.5, 0.5, 4.5, 1], "texture": "#7"}
			}
		},
		{
			"name": "shield14",
			"from": [3.564, 0, 7],
			"to": [12.452, 1, 8],
			"faces": {
				"east": {"uv": [0, 1, 0.5, 1.5], "texture": "#7"},
				"south": {"uv": [5, 1, 9, 1.5], "texture": "#7"},
				"west": {"uv": [4.5, 1, 5, 1.5], "texture": "#7"},
				"up": {"uv": [4.5, 1, 0.5, 0.5], "texture": "#7"},
				"down": {"uv": [8.5, 0.5, 4.5, 1], "texture": "#7"}
			}
		},
		{
			"name": "shield17",
			"from": [3.5, 1, 5],
			"to": [12.5, 20.472, 7],
			"faces": {
				"north": {"uv": [1, 2, 5.5, 11.5], "texture": "#7"},
				"east": {"uv": [0, 2, 1, 11.5], "texture": "#7"},
				"south": {"uv": [6.5, 2, 11, 11.5], "texture": "#7"},
				"west": {"uv": [5.5, 2, 6.5, 11.5], "texture": "#7"},
				"up": {"uv": [5.5, 2, 1, 1], "texture": "#7"},
				"down": {"uv": [10, 1, 5.5, 2], "texture": "#7"}
			}
		},
		{
			"name": "shield17",
			"from": [3.564, 0, 5],
			"to": [12.452, 1, 7],
			"faces": {
				"north": {"uv": [0, 0, 5.5, 11.5], "texture": "#7"},
				"east": {"uv": [0, 0, 1, 11.5], "texture": "#7"},
				"south": {"uv": [0, 0, 5.5, 11.5], "texture": "#7"},
				"west": {"uv": [0, 0, 1, 11.5], "texture": "#7"},
				"up": {"uv": [0, 0, 5.5, 1], "texture": "#7"},
				"down": {"uv": [0, 0, 5.5, 1], "texture": "#7"}
			}
		},
		{
			"name": "shield18",
			"from": [3.556, 22, 5],
			"to": [12.412, 23, 7],
			"faces": {
				"north": {"uv": [0, 0, 4.5, 0.5], "texture": "#7"},
				"east": {"uv": [0, 0, 1, 0.5], "texture": "#7"},
				"west": {"uv": [0, 0, 1, 0.5], "texture": "#7"},
				"up": {"uv": [0, 0, 4.5, 1], "texture": "#7"}
			}
		},
		{
			"name": "shield18",
			"from": [11.5, 21, 5],
			"to": [12.5, 22, 7],
			"faces": {
				"north": {"uv": [0, 0, 4.5, 0.5], "texture": "#7"},
				"east": {"uv": [0, 0, 1, 0.5], "texture": "#7"},
				"west": {"uv": [0, 0, 1, 0.5], "texture": "#7"},
				"up": {"uv": [0, 0, 4.5, 1], "texture": "#7"}
			}
		},
		{
			"name": "shield18",
			"from": [4.5, 1, 5],
			"to": [5, 1.5, 8],
			"faces": {
				"north": {"uv": [0, 0, 4.5, 0.5], "rotation": 270, "texture": "#7"},
				"east": {"uv": [0, 0, 4.5, 1], "rotation": 90, "texture": "#7"},
				"south": {"uv": [0, 0, 0, 0], "rotation": 90, "texture": "#7"},
				"west": {"uv": [0, 0, 0, 0], "rotation": 90, "texture": "#7"},
				"up": {"uv": [0, 0, 1, 0.5], "rotation": 90, "texture": "#7"},
				"down": {"uv": [0, 0, 1, 0.5], "rotation": 90, "texture": "#7"}
			}
		},
		{
			"name": "shield18",
			"from": [11.5, 1, 5],
			"to": [12.5, 2, 7],
			"faces": {
				"north": {"uv": [0, 0, 4.5, 0.5], "rotation": 270, "texture": "#7"},
				"east": {"uv": [0, 0, 4.5, 1], "rotation": 90, "texture": "#7"},
				"up": {"uv": [0, 0, 1, 0.5], "rotation": 90, "texture": "#7"},
				"down": {"uv": [0, 0, 1, 0.5], "rotation": 90, "texture": "#7"}
			}
		},
		{
			"name": "shield18",
			"from": [3.5, 1, 5],
			"to": [4.5, 2, 7],
			"faces": {
				"north": {"uv": [0, 0, 4.5, 0.5], "rotation": 270, "texture": "#7"},
				"east": {"uv": [0, 0, 4.5, 1], "rotation": 90, "texture": "#7"},
				"west": {"uv": [0, 0, 0, 0], "texture": "#7"},
				"up": {"uv": [0, 0, 1, 0.5], "rotation": 90, "texture": "#7"},
				"down": {"uv": [0, 0, 1, 0.5], "rotation": 90, "texture": "#7"}
			}
		},
		{
			"name": "shield18",
			"from": [3.5, 20, 5],
			"to": [12.5, 22, 7],
			"faces": {
				"north": {"uv": [1, 2, 5.5, 3], "texture": "#7"},
				"east": {"uv": [0, 2, 1, 3], "texture": "#7"},
				"south": {"uv": [6.5, 2, 11, 3], "texture": "#7"},
				"west": {"uv": [5.5, 2, 6.5, 3], "texture": "#7"},
				"up": {"uv": [5.5, 2, 1, 1], "texture": "#7"}
			}
		},
		{
			"name": "shield19",
			"from": [12.5, 2.52, 5],
			"to": [13.5, 20.3535, 8],
			"rotation": {"angle": 0, "axis": "y", "origin": [0.25, 0, 0]},
			"faces": {
				"north": {"uv": [0, 0, 0.5, 11.5], "texture": "#7"},
				"east": {"uv": [0, 0, 0.5, 11.5], "texture": "#7"},
				"south": {"uv": [0, 0, 0.5, 11.5], "texture": "#7"},
				"west": {"uv": [0, 0, 0.5, 11.5], "texture": "#7"},
				"up": {"uv": [0, 0, 0.5, 0.5], "texture": "#7"},
				"down": {"uv": [0, 0, 0.5, 0.5], "texture": "#7"}
			}
		},
		{
			"name": "shield20",
			"from": [2.5, 2.568, 5],
			"to": [3.5, 20.472, 8],
			"rotation": {"angle": 0, "axis": "y", "origin": [-0.25, 0, 0]},
			"faces": {
				"north": {"uv": [0, 0, 0.5, 11.5], "texture": "#7"},
				"east": {"uv": [0, 0, 0.5, 11.5], "texture": "#7"},
				"south": {"uv": [0, 0, 0.5, 11.5], "texture": "#7"},
				"west": {"uv": [0, 0, 0.5, 11.5], "texture": "#7"},
				"up": {"uv": [0, 0, 0.5, 0.5], "texture": "#7"},
				"down": {"uv": [0, 0, 0.5, 0.5], "texture": "#7"}
			}
		},
		{
			"name": "shield18",
			"from": [3.486, 20.414, 5],
			"to": [4.544, 23.158, 8],
			"rotation": {"angle": -22.5, "axis": "z", "origin": [3.12, 22.912, 6]},
			"faces": {
				"north": {"uv": [1.5, 2.5, 2, 3.5], "texture": "#7"},
				"east": {"uv": [0, 2.5, 1.5, 3.5], "texture": "#7"},
				"south": {"uv": [3.5, 2.5, 4, 3.5], "texture": "#7"},
				"west": {"uv": [2, 2.5, 3.5, 3.5], "texture": "#7"},
				"up": {"uv": [2, 2.5, 1.5, 1], "texture": "#7"}
			}
		},
		{
			"name": "shield18",
			"from": [2.686, -0.458, 5],
			"to": [3.752, 2.318, 8],
			"rotation": {"angle": 22.5, "axis": "z", "origin": [1.976, 1.976, 6]},
			"faces": {
				"north": {"uv": [1.5, 2.5, 2, 3.5], "texture": "#7"},
				"east": {"uv": [0, 2.5, 1.5, 3.5], "texture": "#7"},
				"south": {"uv": [3.5, 2.5, 4, 3.5], "texture": "#7"},
				"west": {"uv": [2, 2.5, 3.5, 3.5], "texture": "#7"},
				"up": {"uv": [2, 2.5, 1.5, 1], "texture": "#7"}
			}
		},
		{
			"name": "shield18",
			"from": [12.462, 0.35, 5],
			"to": [13.52, 3.094, 8],
			"rotation": {"angle": -22.5, "axis": "z", "origin": [12.096, 2.848, 6]},
			"faces": {
				"north": {"uv": [1.5, 2.5, 2, 3.5], "texture": "#7"},
				"east": {"uv": [0, 2.5, 1.5, 3.5], "texture": "#7"},
				"south": {"uv": [3.5, 2.5, 4, 3.5], "texture": "#7"},
				"west": {"uv": [2, 2.5, 3.5, 3.5], "texture": "#7"},
				"up": {"uv": [2, 2.5, 1.5, 1], "texture": "#7"}
			}
		},
		{
			"name": "shield18",
			"from": [11.606, 19.486, 5],
			"to": [12.672, 22.342, 8],
			"rotation": {"angle": 22.5, "axis": "z", "origin": [10.896, 22, 6]},
			"faces": {
				"north": {"uv": [1.5, 2.5, 2, 3.5], "texture": "#7"},
				"east": {"uv": [0, 2.5, 1.5, 3.5], "texture": "#7"},
				"south": {"uv": [3.5, 2.5, 4, 3.5], "texture": "#7"},
				"west": {"uv": [2, 2.5, 3.5, 3.5], "texture": "#7"},
				"up": {"uv": [2, 2.5, 1.5, 1], "texture": "#7"}
			}
		}
	],
	"groups": [
		{
			"name": "hv_hp",
			"origin": [8, 8, 8],
			"color": 0,
			"children": [
				{
					"name": "hp",
					"origin": [-8, 16, -27],
					"color": 0,
					"children": [
						{
							"name": "lamps",
							"origin": [4, 29, -23],
							"color": 0,
							"children": [0, 1, 2, 3]
						},
						{
							"name": "hoods1",
							"origin": [-1, 30, -23],
							"color": 0,
							"children": [4, 5, 6, 7, 8, 9, 10, 11, 12, 13, 14, 15, 16, 17, 18, 19, 20, 21]
						},
						{
							"name": "mast",
							"origin": [-8, 16, -27],
							"color": 0,
							"children": []
						},
						{
							"name": "shield",
							"origin": [-14, 16, -28],
							"color": 0,
							"children": [22, 23, 24, 25, 26, 27, 28, 29, 30, 31, 32, 33, 34, 35, 36, 37, 38, 39, 40, 41, 42, 43]
						}
					]
				}
			]
		}
	]
}