{
	"credit": "Made with Blockbench by Mc_Jeronimo",
	"texture_size": [32, 32],
	"textures": {
		"0": "opensignals:blocks/projekt675signale/default/black",
		"2": "opensignals:blocks/projekt675signale/default/shield_black",
		"particle": "opensignals:blocks/projekt675signale/default/black",
		"lamp_greennorth": "opensignals:blocks/projekt675signale/lamps/lamp_dark",
		"lamp_red_primarynorth": "opensignals:blocks/projekt675signale/lamps/lamp_dark",
		"lamp_red_secondarynorth": "opensignals:blocks/projekt675signale/lamps/lamp_dark",
		"lamp_white_sh_1north": "opensignals:blocks/projekt675signale/lamps/lamp_dark",
		"lamp_white_sh_2north": "opensignals:blocks/projekt675signale/lamps/lamp_dark",
		"lamp_yellownorth": "opensignals:blocks/projekt675signale/lamps/lamp_dark"
	},
	"elements": [
		{
			"name": "lamp_green",
			"from": [8.75, 17.75, 4.9],
			"to": [12.75, 21.75, 4.9],
			"faces": {
				"north": {"uv": [0, 0, 4.3125, 4.3125], "texture": "#lamp_white_sh_2north"}
			}
		},
		{
			"name": "lamp_red_primary",
			"from": [8.75, 12.75, 4.9],
			"to": [12.75, 16.75, 4.9],
			"faces": {
				"north": {"uv": [0, 0, 4.3125, 4.3125], "texture": "#lamp_white_sh_2north"}
			}
		},
		{
			"name": "lamp_red_secondary",
			"from": [3.25, 12.75, 4.9],
			"to": [7.25, 16.75, 4.9],
			"faces": {
				"north": {"uv": [0, 0, 4.3125, 4.3125], "texture": "#lamp_white_sh_2north"}
			}
		},
		{
			"name": "lamp_white_sh_1",
			"from": [4.5, 9.5, 4.9],
			"to": [6.5, 11.5, 4.9],
			"rotation": {"angle": 0, "axis": "y", "origin": [0, 0.5, 0]},
			"faces": {
				"north": {"uv": [0, 0, 4.3125, 4.3125], "texture": "#lamp_white_sh_2north"}
			}
		},
		{
			"name": "lamp_white_sh_2",
			"from": [9.5, 5.5, 4.9],
			"to": [11.5, 7.5, 4.9],
			"rotation": {"angle": 0, "axis": "y", "origin": [0, 0.5, 0]},
			"faces": {
				"north": {"uv": [0, 0, 4.3125, 4.3125], "texture": "#lamp_white_sh_2north"}
			}
		},
		{
			"name": "lamp_yellow",
			"from": [8.75, 0.25, 4.9],
			"to": [12.75, 4.25, 4.9],
			"faces": {
				"north": {"uv": [0, 0, 4.3125, 4.3125], "texture": "#lamp_white_sh_2north"}
			}
		},
		{
			"name": "shield1",
			"from": [9.25, 13.25, 7],
			"to": [12.25, 16.25, 9],
			"faces": {
				"east": {"uv": [0, 0, 1, 2.5], "texture": "#2"},
				"south": {"uv": [0, 0, 2.5, 2.5], "texture": "#2"},
				"west": {"uv": [0, 0, 1, 2.5], "texture": "#2"},
				"up": {"uv": [0, 0, 2.5, 1], "texture": "#2"},
				"down": {"uv": [0, 0, 2.5, 1], "texture": "#2"}
			}
		},
		{
			"name": "shield2",
			"from": [9.5, 9, 7],
			"to": [11.5, 11, 8],
			"faces": {
				"east": {"uv": [0, 0, 0.5, 1], "texture": "#2"},
				"south": {"uv": [0, 0, 1, 1], "texture": "#2"},
				"west": {"uv": [0, 0, 0.5, 1], "texture": "#2"},
				"up": {"uv": [0, 0, 1, 0.5], "texture": "#2"},
				"down": {"uv": [0, 0, 1, 0.5], "texture": "#2"}
			}
		},
		{
			"name": "shield3",
			"from": [9.5, 5, 7],
			"to": [11.5, 7, 8],
			"faces": {
				"east": {"uv": [0, 0, 0.5, 1], "texture": "#2"},
				"south": {"uv": [0, 0, 1, 1], "texture": "#2"},
				"west": {"uv": [0, 0, 0.5, 1], "texture": "#2"},
				"up": {"uv": [0, 0, 1, 0.5], "texture": "#2"},
				"down": {"uv": [0, 0, 1, 0.5], "texture": "#2"}
			}
		},
		{
			"name": "shield4",
			"from": [4.5, 9, 7],
			"to": [6.5, 11, 8],
			"faces": {
				"east": {"uv": [0, 0, 0.5, 1], "texture": "#2"},
				"south": {"uv": [0, 0, 1, 1], "texture": "#2"},
				"west": {"uv": [0, 0, 0.5, 1], "texture": "#2"},
				"up": {"uv": [0, 0, 1, 0.5], "texture": "#2"},
				"down": {"uv": [0, 0, 1, 0.5], "texture": "#2"}
			}
		},
		{
			"name": "shield5",
			"from": [9.25, 0.75, 7],
			"to": [12.25, 3.75, 9],
			"faces": {
				"east": {"uv": [0, 0, 1, 2], "texture": "#2"},
				"south": {"uv": [0, 0, 2, 2], "texture": "#2"},
				"west": {"uv": [0, 0, 1, 2], "texture": "#2"},
				"up": {"uv": [0, 0, 2, 1], "texture": "#2"},
				"down": {"uv": [0, 0, 2, 1], "texture": "#2"}
			}
		},
		{
			"name": "shield5",
			"from": [7.25, 0.75, 7],
			"to": [8.75, 19.75, 8],
			"faces": {
				"east": {"uv": [0, 0, 1, 2], "texture": "#0"},
				"south": {"uv": [0, 0, 2, 2], "texture": "#0"},
				"west": {"uv": [0, 0, 1, 2], "texture": "#0"},
				"up": {"uv": [0, 0, 2, 1], "texture": "#0"},
				"down": {"uv": [0, 0, 2, 1], "texture": "#0"}
			}
		},
		{
			"name": "shield5",
			"from": [6.25, 9.75, 7],
			"to": [9.75, 10.75, 7.5],
			"faces": {
				"east": {"uv": [0, 0, 1, 2], "texture": "#0"},
				"south": {"uv": [0, 0, 2, 2], "texture": "#0"},
				"west": {"uv": [0, 0, 1, 2], "texture": "#0"},
				"up": {"uv": [0, 0, 2, 1], "texture": "#0"},
				"down": {"uv": [0, 0, 2, 1], "texture": "#0"}
			}
		},
		{
			"name": "shield5",
			"from": [6.25, 14.75, 7],
			"to": [9.75, 15.75, 7.5],
			"faces": {
				"east": {"uv": [0, 0, 1, 2], "texture": "#0"},
				"south": {"uv": [0, 0, 2, 2], "texture": "#0"},
				"west": {"uv": [0, 0, 1, 2], "texture": "#0"},
				"up": {"uv": [0, 0, 2, 1], "texture": "#0"},
				"down": {"uv": [0, 0, 2, 1], "texture": "#0"}
			}
		},
		{
			"name": "shield5",
			"from": [8.25, 18.75, 7],
			"to": [9.75, 19.75, 7.5],
			"faces": {
				"east": {"uv": [0, 0, 1, 2], "texture": "#0"},
				"south": {"uv": [0, 0, 2, 2], "texture": "#0"},
				"west": {"uv": [0, 0, 1, 2], "texture": "#0"},
				"up": {"uv": [0, 0, 2, 1], "texture": "#0"},
				"down": {"uv": [0, 0, 2, 1], "texture": "#0"}
			}
		},
		{
			"name": "shield5",
			"from": [8.25, 5.75, 7],
			"to": [9.75, 6.75, 7.5],
			"faces": {
				"east": {"uv": [0, 0, 1, 2], "texture": "#0"},
				"south": {"uv": [0, 0, 2, 2], "texture": "#0"},
				"west": {"uv": [0, 0, 1, 2], "texture": "#0"},
				"up": {"uv": [0, 0, 2, 1], "texture": "#0"},
				"down": {"uv": [0, 0, 2, 1], "texture": "#0"}
			}
		},
		{
			"name": "shield6",
			"from": [3.75, 13.25, 7],
			"to": [6.75, 16.25, 9],
			"faces": {
				"east": {"uv": [0, 0, 1, 2], "texture": "#2"},
				"south": {"uv": [0, 0, 2, 2], "texture": "#2"},
				"west": {"uv": [0, 0, 1, 2], "texture": "#2"},
				"up": {"uv": [0, 0, 2, 1], "texture": "#2"},
				"down": {"uv": [0, 0, 2, 1], "texture": "#2"}
			}
		},
		{
			"name": "shield7",
			"from": [9.25, 18.25, 7],
			"to": [12.25, 21.25, 9],
			"faces": {
				"east": {"uv": [0, 0, 1, 2], "texture": "#2"},
				"south": {"uv": [0, 0, 2, 2], "texture": "#2"},
				"west": {"uv": [0, 0, 1, 2], "texture": "#2"},
				"up": {"uv": [0, 0, 2, 1], "texture": "#2"},
				"down": {"uv": [0, 0, 2, 1], "texture": "#2"}
			}
		},
		{
			"name": "shield10",
			"from": [3.5, 23, 7],
			"to": [12.5, 24, 8],
			"faces": {
				"east": {"uv": [0, 0, 0.5, 0.5], "texture": "#2"},
				"south": {"uv": [0, 0, 4.5, 0.5], "texture": "#2"},
				"west": {"uv": [0, 0, 0.5, 0.5], "texture": "#2"},
				"up": {"uv": [0, 0, 4.5, 0.5], "texture": "#2"},
				"down": {"uv": [0, 0, 4.5, 0.5], "texture": "#2"}
			}
		},
		{
			"name": "shield14",
			"from": [3.5, 0, 7],
			"to": [12.5, 1, 8],
			"faces": {
				"south": {"uv": [0, 0, 4.5, 0.5], "texture": "#2"},
				"up": {"uv": [0, 0, 4.5, 0.5], "texture": "#2"},
				"down": {"uv": [0, 0, 4.5, 0.5], "texture": "#2"}
			}
		},
		{
			"name": "shield17",
			"from": [3.5, 0, 5],
			"to": [12.5, 23, 7],
			"faces": {
				"north": {"uv": [0, 0, 5.5, 11.5], "texture": "#2"},
				"east": {"uv": [0, 0, 1, 11.5], "texture": "#2"},
				"south": {"uv": [0, 0, 5.5, 11.5], "texture": "#2"},
				"west": {"uv": [0, 0, 1, 11.5], "texture": "#2"},
				"up": {"uv": [0, 0, 5.5, 1], "texture": "#2"},
				"down": {"uv": [0, 0, 5.5, 1], "texture": "#2"}
			}
		},
		{
			"name": "shield18",
			"from": [3.5, 23, 5],
			"to": [12.5, 24, 7],
			"faces": {
				"north": {"uv": [0, 0, 4.5, 0.5], "texture": "#2"},
				"east": {"uv": [0, 0, 1, 0.5], "texture": "#2"},
				"west": {"uv": [0, 0, 1, 0.5], "texture": "#2"},
				"up": {"uv": [0, 0, 4.5, 1], "texture": "#2"}
			}
		},
		{
			"name": "shield19",
			"from": [12.5, 0, 5],
			"to": [13.5, 21.632, 8],
			"faces": {
				"north": {"uv": [0, 0, 0.5, 11.5], "texture": "#2"},
				"east": {"uv": [0, 0, 0.5, 11.5], "texture": "#2"},
				"south": {"uv": [0, 0, 0.5, 11.5], "texture": "#2"},
				"west": {"uv": [0, 0, 0.5, 11.5], "texture": "#2"},
				"up": {"uv": [0, 0, 0.5, 0.5], "texture": "#2"},
				"down": {"uv": [0, 0, 0.5, 0.5], "texture": "#2"}
			}
		},
		{
			"name": "shield20",
			"from": [2.5, 0, 5],
			"to": [3.5, 21.664, 8],
			"faces": {
				"north": {"uv": [0, 0, 0.5, 11.5], "texture": "#2"},
				"east": {"uv": [0, 0, 0.5, 11.5], "texture": "#2"},
				"south": {"uv": [0, 0, 0.5, 11.5], "texture": "#2"},
				"west": {"uv": [0, 0, 0.5, 11.5], "texture": "#2"},
				"up": {"uv": [0, 0, 0.5, 0.5], "texture": "#2"},
				"down": {"uv": [0, 0, 0.5, 0.5], "texture": "#2"}
			}
		},
		{
			"name": "shield19",
			"from": [11.626, 21.996, 5],
			"to": [12.626, 24.566, 8],
			"rotation": {"angle": 22.5, "axis": "z", "origin": [14, 24, 7]},
			"faces": {
				"north": {"uv": [0, 0, 0.5, 11.5], "texture": "#2"},
				"east": {"uv": [0, 0, 0.5, 11.5], "texture": "#2"},
				"south": {"uv": [0, 0, 0.5, 11.5], "texture": "#2"},
				"west": {"uv": [0, 0, 0.5, 11.5], "texture": "#2"},
				"up": {"uv": [0, 0, 0.5, 0.5], "texture": "#2"},
				"down": {"uv": [0, 0, 0.5, 0.5], "texture": "#2"}
			}
		},
		{
			"name": "shield19",
			"from": [4.27, 17.434, 5],
			"to": [5.27, 19.972, 8],
			"rotation": {"angle": -22.5, "axis": "z", "origin": [14, 24, 7]},
			"faces": {
				"north": {"uv": [0, 0, 0.5, 11.5], "rotation": 180, "texture": "#2"},
				"east": {"uv": [0, 0, 0.5, 11.5], "rotation": 180, "texture": "#2"},
				"south": {"uv": [0, 0, 0.5, 11.5], "rotation": 180, "texture": "#2"},
				"west": {"uv": [0, 0, 0.5, 11.5], "rotation": 180, "texture": "#2"},
				"up": {"uv": [0, 0, 0.5, 0.5], "rotation": 180, "texture": "#2"},
				"down": {"uv": [0, 0, 0.5, 0.5], "rotation": 180, "texture": "#2"}
			}
		},
		{
			"name": "hoods1_2",
			"from": [4.575, 16.745, 1],
			"to": [5.935, 17.005, 5],
			"rotation": {"angle": 0, "axis": "y", "origin": [-2.75, -1, -1]},
			"faces": {
				"north": {"uv": [0, 0, 0.5, 0.5], "texture": "#2"},
				"east": {"uv": [0, 0, 1, 0.5], "texture": "#2"},
				"west": {"uv": [0, 0, 1, 0.5], "texture": "#2"},
				"up": {"uv": [0, 0, 1, 0.5], "texture": "#2"},
				"down": {"uv": [0, 0, 1, 0.5], "texture": "#2"}
			}
		},
		{
			"name": "hoods1_1",
			"from": [3.05, 14.675, 4],
			"to": [3.3, 15.5, 5],
			"rotation": {"angle": 0, "axis": "y", "origin": [-2.75, -1, -1]},
			"faces": {
				"north": {"uv": [0, 0, 0.5, 1], "texture": "#2"},
				"east": {"uv": [0, 0, 0.5, 1], "texture": "#2"},
				"west": {"uv": [0, 0, 0.5, 1], "texture": "#2"},
				"up": {"uv": [0, 0, 0.5, 0.5], "texture": "#2"},
				"down": {"uv": [0, 0, 0.5, 0.5], "texture": "#2"}
			}
		},
		{
			"name": "hoods1_1",
			"from": [7.2, 14.675, 4],
			"to": [7.45, 15.5, 5],
			"rotation": {"angle": 0, "axis": "y", "origin": [-2.75, -1, -1]},
			"faces": {
				"north": {"uv": [0, 0, 0.5, 1], "texture": "#2"},
				"east": {"uv": [0, 0, 0.5, 1], "texture": "#2"},
				"west": {"uv": [0, 0, 0.5, 1], "texture": "#2"},
				"up": {"uv": [0, 0, 0.5, 0.5], "texture": "#2"},
				"down": {"uv": [0, 0, 0.5, 0.5], "texture": "#2"}
			}
		},
		{
			"name": "hoods1_3",
			"from": [3.642, 13.992, 3],
			"to": [3.917, 14.667, 5],
			"rotation": {"angle": -22.5, "axis": "z", "origin": [7.125, 16.225, 5]},
			"faces": {
				"north": {"uv": [0, 0, 0.5, 0.5], "texture": "#2"},
				"east": {"uv": [0, 0, 1, 0.5], "texture": "#2"},
				"west": {"uv": [0, 0, 1, 0.5], "texture": "#2"},
				"up": {"uv": [0, 0, 0.5, 1], "texture": "#2"},
				"down": {"uv": [0, 0, 0.5, 1], "texture": "#2"}
			}
		},
		{
			"name": "hoods1_3",
			"from": [6.875, 15.425, 3],
			"to": [7.15, 16.1, 5],
			"rotation": {"angle": 22.5, "axis": "z", "origin": [7.125, 16.225, 5]},
			"faces": {
				"north": {"uv": [0, 0, 0.5, 0.5], "texture": "#2"},
				"east": {"uv": [0, 0, 1, 0.5], "texture": "#2"},
				"west": {"uv": [0, 0, 1, 0.5], "texture": "#2"},
				"up": {"uv": [0, 0, 0.5, 1], "texture": "#2"},
				"down": {"uv": [0, 0, 0.5, 1], "texture": "#2"}
			}
		},
		{
			"name": "hoods1_3",
			"from": [4.353, 18.572, 3],
			"to": [5.228, 18.847, 5],
			"rotation": {"angle": 45, "axis": "z", "origin": [7.125, 16.225, 5]},
			"faces": {
				"north": {"uv": [0, 0, 0.5, 0.5], "rotation": 90, "texture": "#2"},
				"east": {"uv": [0, 0, 0.5, 1], "rotation": 270, "texture": "#2"},
				"west": {"uv": [0, 0, 0.5, 1], "rotation": 270, "texture": "#2"},
				"up": {"uv": [0, 0, 1, 0.5], "rotation": 270, "texture": "#2"},
				"down": {"uv": [0, 0, 1, 0.5], "rotation": 270, "texture": "#2"}
			}
		},
		{
			"name": "hoods1_3",
			"from": [6.825, 16.1, 3],
			"to": [7.1, 16.975, 5],
			"rotation": {"angle": 45, "axis": "z", "origin": [7.125, 16.225, 5]},
			"faces": {
				"north": {"uv": [0, 0, 0.5, 0.5], "texture": "#2"},
				"east": {"uv": [0, 0, 1, 0.5], "texture": "#2"},
				"west": {"uv": [0, 0, 1, 0.5], "texture": "#2"},
				"up": {"uv": [0, 0, 0.5, 1], "texture": "#2"},
				"down": {"uv": [0, 0, 0.5, 1], "texture": "#2"}
			}
		},
		{
			"name": "hoods1_3",
			"from": [4.369, 17.647, 1],
			"to": [5.069, 17.922, 5],
			"rotation": {"angle": 22.5, "axis": "z", "origin": [7.125, 16.225, 5]},
			"faces": {
				"north": {"uv": [0, 0, 0.5, 0.5], "rotation": 90, "texture": "#2"},
				"east": {"uv": [0, 0, 0.5, 1], "rotation": 270, "texture": "#2"},
				"west": {"uv": [0, 0, 0.5, 1], "rotation": 270, "texture": "#2"},
				"up": {"uv": [0, 0, 1, 0.5], "rotation": 270, "texture": "#2"},
				"down": {"uv": [0, 0, 1, 0.5], "rotation": 270, "texture": "#2"}
			}
		},
		{
			"name": "hoods1_3",
			"from": [5.725, 16.214, 1],
			"to": [6.425, 16.489, 5],
			"rotation": {"angle": -22.5, "axis": "z", "origin": [7.125, 16.225, 5]},
			"faces": {
				"north": {"uv": [0, 0, 0.5, 0.5], "rotation": 90, "texture": "#2"},
				"east": {"uv": [0, 0, 0.5, 1], "rotation": 270, "texture": "#2"},
				"west": {"uv": [0, 0, 0.5, 1], "rotation": 270, "texture": "#2"},
				"up": {"uv": [0, 0, 1, 0.5], "rotation": 270, "texture": "#2"},
				"down": {"uv": [0, 0, 1, 0.5], "rotation": 270, "texture": "#2"}
			}
		},
		{
			"name": "hoods1_2",
			"from": [10.075, 16.745, 1],
			"to": [11.435, 17.005, 5],
			"rotation": {"angle": 0, "axis": "y", "origin": [2.75, -1, -1]},
			"faces": {
				"north": {"uv": [0, 0, 0.5, 0.5], "texture": "#2"},
				"east": {"uv": [0, 0, 1, 0.5], "texture": "#2"},
				"west": {"uv": [0, 0, 1, 0.5], "texture": "#2"},
				"up": {"uv": [0, 0, 1, 0.5], "texture": "#2"},
				"down": {"uv": [0, 0, 1, 0.5], "texture": "#2"}
			}
		},
		{
			"name": "hoods1_1",
			"from": [8.55, 14.675, 4],
			"to": [8.8, 15.5, 5],
			"rotation": {"angle": 0, "axis": "y", "origin": [2.75, -1, -1]},
			"faces": {
				"north": {"uv": [0, 0, 0.5, 1], "texture": "#2"},
				"east": {"uv": [0, 0, 0.5, 1], "texture": "#2"},
				"west": {"uv": [0, 0, 0.5, 1], "texture": "#2"},
				"up": {"uv": [0, 0, 0.5, 0.5], "texture": "#2"},
				"down": {"uv": [0, 0, 0.5, 0.5], "texture": "#2"}
			}
		},
		{
			"name": "hoods1_1",
			"from": [12.7, 14.675, 4],
			"to": [12.95, 15.5, 5],
			"rotation": {"angle": 0, "axis": "y", "origin": [2.75, -1, -1]},
			"faces": {
				"north": {"uv": [0, 0, 0.5, 1], "texture": "#2"},
				"east": {"uv": [0, 0, 0.5, 1], "texture": "#2"},
				"west": {"uv": [0, 0, 0.5, 1], "texture": "#2"},
				"up": {"uv": [0, 0, 0.5, 0.5], "texture": "#2"},
				"down": {"uv": [0, 0, 0.5, 0.5], "texture": "#2"}
			}
		},
		{
			"name": "hoods1_3",
			"from": [9.142, 13.992, 3],
			"to": [9.417, 14.667, 5],
			"rotation": {"angle": -22.5, "axis": "z", "origin": [12.625, 16.225, 5]},
			"faces": {
				"north": {"uv": [0, 0, 0.5, 0.5], "texture": "#2"},
				"east": {"uv": [0, 0, 1, 0.5], "texture": "#2"},
				"west": {"uv": [0, 0, 1, 0.5], "texture": "#2"},
				"up": {"uv": [0, 0, 0.5, 1], "texture": "#2"},
				"down": {"uv": [0, 0, 0.5, 1], "texture": "#2"}
			}
		},
		{
			"name": "hoods1_3",
			"from": [12.375, 15.425, 3],
			"to": [12.65, 16.1, 5],
			"rotation": {"angle": 22.5, "axis": "z", "origin": [12.625, 16.225, 5]},
			"faces": {
				"north": {"uv": [0, 0, 0.5, 0.5], "texture": "#2"},
				"east": {"uv": [0, 0, 1, 0.5], "texture": "#2"},
				"west": {"uv": [0, 0, 1, 0.5], "texture": "#2"},
				"up": {"uv": [0, 0, 0.5, 1], "texture": "#2"},
				"down": {"uv": [0, 0, 0.5, 1], "texture": "#2"}
			}
		},
		{
			"name": "hoods1_3",
			"from": [9.853, 18.572, 3],
			"to": [10.728, 18.847, 5],
			"rotation": {"angle": 45, "axis": "z", "origin": [12.625, 16.225, 5]},
			"faces": {
				"north": {"uv": [0, 0, 0.5, 0.5], "rotation": 90, "texture": "#2"},
				"east": {"uv": [0, 0, 0.5, 1], "rotation": 270, "texture": "#2"},
				"west": {"uv": [0, 0, 0.5, 1], "rotation": 270, "texture": "#2"},
				"up": {"uv": [0, 0, 1, 0.5], "rotation": 270, "texture": "#2"},
				"down": {"uv": [0, 0, 1, 0.5], "rotation": 270, "texture": "#2"}
			}
		},
		{
			"name": "hoods1_3",
			"from": [12.325, 16.1, 3],
			"to": [12.6, 16.975, 5],
			"rotation": {"angle": 45, "axis": "z", "origin": [12.625, 16.225, 5]},
			"faces": {
				"north": {"uv": [0, 0, 0.5, 0.5], "texture": "#2"},
				"east": {"uv": [0, 0, 1, 0.5], "texture": "#2"},
				"west": {"uv": [0, 0, 1, 0.5], "texture": "#2"},
				"up": {"uv": [0, 0, 0.5, 1], "texture": "#2"},
				"down": {"uv": [0, 0, 0.5, 1], "texture": "#2"}
			}
		},
		{
			"name": "hoods1_3",
			"from": [9.869, 17.647, 1],
			"to": [10.569, 17.922, 5],
			"rotation": {"angle": 22.5, "axis": "z", "origin": [12.625, 16.225, 5]},
			"faces": {
				"north": {"uv": [0, 0, 0.5, 0.5], "rotation": 90, "texture": "#2"},
				"east": {"uv": [0, 0, 0.5, 1], "rotation": 270, "texture": "#2"},
				"west": {"uv": [0, 0, 0.5, 1], "rotation": 270, "texture": "#2"},
				"up": {"uv": [0, 0, 1, 0.5], "rotation": 270, "texture": "#2"},
				"down": {"uv": [0, 0, 1, 0.5], "rotation": 270, "texture": "#2"}
			}
		},
		{
			"name": "hoods1_3",
			"from": [11.225, 16.214, 1],
			"to": [11.925, 16.489, 5],
			"rotation": {"angle": -22.5, "axis": "z", "origin": [12.625, 16.225, 5]},
			"faces": {
				"north": {"uv": [0, 0, 0.5, 0.5], "rotation": 90, "texture": "#2"},
				"east": {"uv": [0, 0, 0.5, 1], "rotation": 270, "texture": "#2"},
				"west": {"uv": [0, 0, 0.5, 1], "rotation": 270, "texture": "#2"},
				"up": {"uv": [0, 0, 1, 0.5], "rotation": 270, "texture": "#2"},
				"down": {"uv": [0, 0, 1, 0.5], "rotation": 270, "texture": "#2"}
			}
		},
		{
			"name": "hoods1_2",
			"from": [10.075, 21.745, 1],
			"to": [11.435, 22.005, 5],
			"rotation": {"angle": 0, "axis": "y", "origin": [2.75, 4, -1]},
			"faces": {
				"north": {"uv": [0, 0, 0.5, 0.5], "texture": "#2"},
				"east": {"uv": [0, 0, 1, 0.5], "texture": "#2"},
				"west": {"uv": [0, 0, 1, 0.5], "texture": "#2"},
				"up": {"uv": [0, 0, 1, 0.5], "texture": "#2"},
				"down": {"uv": [0, 0, 1, 0.5], "texture": "#2"}
			}
		},
		{
			"name": "hoods1_1",
			"from": [8.55, 19.675, 4],
			"to": [8.8, 20.5, 5],
			"rotation": {"angle": 0, "axis": "y", "origin": [2.75, 4, -1]},
			"faces": {
				"north": {"uv": [0, 0, 0.5, 1], "texture": "#2"},
				"east": {"uv": [0, 0, 0.5, 1], "texture": "#2"},
				"west": {"uv": [0, 0, 0.5, 1], "texture": "#2"},
				"up": {"uv": [0, 0, 0.5, 0.5], "texture": "#2"},
				"down": {"uv": [0, 0, 0.5, 0.5], "texture": "#2"}
			}
		},
		{
			"name": "hoods1_1",
			"from": [12.7, 19.675, 4],
			"to": [12.95, 20.5, 5],
			"rotation": {"angle": 0, "axis": "y", "origin": [2.75, 4, -1]},
			"faces": {
				"north": {"uv": [0, 0, 0.5, 1], "texture": "#2"},
				"east": {"uv": [0, 0, 0.5, 1], "texture": "#2"},
				"west": {"uv": [0, 0, 0.5, 1], "texture": "#2"},
				"up": {"uv": [0, 0, 0.5, 0.5], "texture": "#2"},
				"down": {"uv": [0, 0, 0.5, 0.5], "texture": "#2"}
			}
		},
		{
			"name": "hoods1_3",
			"from": [9.142, 18.992, 3],
			"to": [9.417, 19.667, 5],
			"rotation": {"angle": -22.5, "axis": "z", "origin": [12.625, 21.225, 5]},
			"faces": {
				"north": {"uv": [0, 0, 0.5, 0.5], "texture": "#2"},
				"east": {"uv": [0, 0, 1, 0.5], "texture": "#2"},
				"west": {"uv": [0, 0, 1, 0.5], "texture": "#2"},
				"up": {"uv": [0, 0, 0.5, 1], "texture": "#2"},
				"down": {"uv": [0, 0, 0.5, 1], "texture": "#2"}
			}
		},
		{
			"name": "hoods1_3",
			"from": [12.375, 20.425, 3],
			"to": [12.65, 21.1, 5],
			"rotation": {"angle": 22.5, "axis": "z", "origin": [12.625, 21.225, 5]},
			"faces": {
				"north": {"uv": [0, 0, 0.5, 0.5], "texture": "#2"},
				"east": {"uv": [0, 0, 1, 0.5], "texture": "#2"},
				"west": {"uv": [0, 0, 1, 0.5], "texture": "#2"},
				"up": {"uv": [0, 0, 0.5, 1], "texture": "#2"},
				"down": {"uv": [0, 0, 0.5, 1], "texture": "#2"}
			}
		},
		{
			"name": "hoods1_3",
			"from": [9.853, 23.572, 3],
			"to": [10.728, 23.847, 5],
			"rotation": {"angle": 45, "axis": "z", "origin": [12.625, 21.225, 5]},
			"faces": {
				"north": {"uv": [0, 0, 0.5, 0.5], "rotation": 90, "texture": "#2"},
				"east": {"uv": [0, 0, 0.5, 1], "rotation": 270, "texture": "#2"},
				"west": {"uv": [0, 0, 0.5, 1], "rotation": 270, "texture": "#2"},
				"up": {"uv": [0, 0, 1, 0.5], "rotation": 270, "texture": "#2"},
				"down": {"uv": [0, 0, 1, 0.5], "rotation": 270, "texture": "#2"}
			}
		},
		{
			"name": "hoods1_3",
			"from": [12.325, 21.1, 3],
			"to": [12.6, 21.975, 5],
			"rotation": {"angle": 45, "axis": "z", "origin": [12.625, 21.225, 5]},
			"faces": {
				"north": {"uv": [0, 0, 0.5, 0.5], "texture": "#2"},
				"east": {"uv": [0, 0, 1, 0.5], "texture": "#2"},
				"west": {"uv": [0, 0, 1, 0.5], "texture": "#2"},
				"up": {"uv": [0, 0, 0.5, 1], "texture": "#2"},
				"down": {"uv": [0, 0, 0.5, 1], "texture": "#2"}
			}
		},
		{
			"name": "hoods1_3",
			"from": [9.869, 22.647, 1],
			"to": [10.569, 22.922, 5],
			"rotation": {"angle": 22.5, "axis": "z", "origin": [12.625, 21.225, 5]},
			"faces": {
				"north": {"uv": [0, 0, 0.5, 0.5], "rotation": 90, "texture": "#2"},
				"east": {"uv": [0, 0, 0.5, 1], "rotation": 270, "texture": "#2"},
				"west": {"uv": [0, 0, 0.5, 1], "rotation": 270, "texture": "#2"},
				"up": {"uv": [0, 0, 1, 0.5], "rotation": 270, "texture": "#2"},
				"down": {"uv": [0, 0, 1, 0.5], "rotation": 270, "texture": "#2"}
			}
		},
		{
			"name": "hoods1_3",
			"from": [11.225, 21.214, 1],
			"to": [11.925, 21.489, 5],
			"rotation": {"angle": -22.5, "axis": "z", "origin": [12.625, 21.225, 5]},
			"faces": {
				"north": {"uv": [0, 0, 0.5, 0.5], "rotation": 90, "texture": "#2"},
				"east": {"uv": [0, 0, 0.5, 1], "rotation": 270, "texture": "#2"},
				"west": {"uv": [0, 0, 0.5, 1], "rotation": 270, "texture": "#2"},
				"up": {"uv": [0, 0, 1, 0.5], "rotation": 270, "texture": "#2"},
				"down": {"uv": [0, 0, 1, 0.5], "rotation": 270, "texture": "#2"}
			}
		},
		{
			"name": "hoods1_2",
			"from": [5.183, 11.424, 3],
			"to": [5.819, 11.684, 5],
			"rotation": {"angle": 0, "axis": "y", "origin": [5.475, 11.625, 5]},
			"faces": {
				"north": {"uv": [0, 0, 0.5, 0.5], "rotation": 180, "texture": "#2"},
				"east": {"uv": [0, 0, 1, 0.5], "rotation": 180, "texture": "#2"},
				"west": {"uv": [0, 0, 1, 0.5], "rotation": 180, "texture": "#2"},
				"up": {"uv": [0, 0, 1, 0.5], "rotation": 180, "texture": "#2"},
				"down": {"uv": [0, 0, 1, 0.5], "rotation": 180, "texture": "#2"}
			}
		},
		{
			"name": "hoods1_2",
			"from": [6.471, 10.224, 4],
			"to": [6.731, 10.68, 5],
			"rotation": {"angle": 0, "axis": "y", "origin": [5.395, 11.297, 5]},
			"faces": {
				"north": {"uv": [0, 0, 0.5, 0.5], "rotation": 90, "texture": "#2"},
				"east": {"uv": [0, 0, 1, 0.5], "rotation": 270, "texture": "#2"},
				"west": {"uv": [0, 0, 1, 0.5], "rotation": 270, "texture": "#2"},
				"up": {"uv": [0, 0, 1, 0.5], "rotation": 270, "texture": "#2"},
				"down": {"uv": [0, 0, 1, 0.5], "rotation": 270, "texture": "#2"}
			}
		},
		{
			"name": "hoods1_2",
			"from": [4.271, 10.224, 4],
			"to": [4.531, 10.68, 5],
			"rotation": {"angle": 0, "axis": "y", "origin": [5.395, 11.297, 5]},
			"faces": {
				"north": {"uv": [0, 0, 0.5, 0.5], "rotation": 90, "texture": "#2"},
				"east": {"uv": [0, 0, 1, 0.5], "rotation": 270, "texture": "#2"},
				"west": {"uv": [0, 0, 1, 0.5], "rotation": 270, "texture": "#2"},
				"up": {"uv": [0, 0, 1, 0.5], "rotation": 270, "texture": "#2"},
				"down": {"uv": [0, 0, 1, 0.5], "rotation": 270, "texture": "#2"}
			}
		},
		{
			"name": "hoods1_2",
			"from": [6.133, 10.216, 4],
			"to": [6.393, 10.824, 5],
			"rotation": {"angle": 22.5, "axis": "z", "origin": [5.395, 11.297, 5]},
			"faces": {
				"north": {"uv": [0, 0, 0.5, 0.5], "rotation": 90, "texture": "#2"},
				"east": {"uv": [0, 0, 1, 0.5], "rotation": 270, "texture": "#2"},
				"west": {"uv": [0, 0, 1, 0.5], "rotation": 270, "texture": "#2"},
				"up": {"uv": [0, 0, 1, 0.5], "rotation": 270, "texture": "#2"},
				"down": {"uv": [0, 0, 1, 0.5], "rotation": 270, "texture": "#2"}
			}
		},
		{
			"name": "hoods1_2",
			"from": [4.593, 10.296, 4],
			"to": [4.853, 10.904, 5],
			"rotation": {"angle": -22.5, "axis": "z", "origin": [5.395, 11.297, 5]},
			"faces": {
				"north": {"uv": [0, 0, 0.5, 0.5], "rotation": 90, "texture": "#2"},
				"east": {"uv": [0, 0, 1, 0.5], "rotation": 270, "texture": "#2"},
				"west": {"uv": [0, 0, 1, 0.5], "rotation": 270, "texture": "#2"},
				"up": {"uv": [0, 0, 1, 0.5], "rotation": 270, "texture": "#2"},
				"down": {"uv": [0, 0, 1, 0.5], "rotation": 270, "texture": "#2"}
			}
		},
		{
			"name": "hoods1_2",
			"from": [5.732, 10.613, 4],
			"to": [5.992, 10.973, 5],
			"rotation": {"angle": 45, "axis": "z", "origin": [5.491, 11.537, 5]},
			"faces": {
				"north": {"uv": [0, 0, 0.5, 0.5], "rotation": 90, "texture": "#2"},
				"east": {"uv": [0, 0, 1, 0.5], "rotation": 270, "texture": "#2"},
				"west": {"uv": [0, 0, 1, 0.5], "rotation": 270, "texture": "#2"},
				"up": {"uv": [0, 0, 1, 0.5], "rotation": 270, "texture": "#2"},
				"down": {"uv": [0, 0, 1, 0.5], "rotation": 270, "texture": "#2"}
			}
		},
		{
			"name": "hoods1_2",
			"from": [4.591, 11.772, 4],
			"to": [4.951, 12.032, 5],
			"rotation": {"angle": 45, "axis": "z", "origin": [5.491, 11.537, 5]},
			"faces": {
				"north": {"uv": [0, 0, 0.5, 0.5], "texture": "#2"},
				"east": {"uv": [0, 0, 1, 0.5], "texture": "#2"},
				"west": {"uv": [0, 0, 1, 0.5], "texture": "#2"},
				"up": {"uv": [0, 0, 1, 0.5], "texture": "#2"},
				"down": {"uv": [0, 0, 1, 0.5], "texture": "#2"}
			}
		},
		{
			"name": "hoods1_2",
			"from": [5.741, 11.535, 3],
			"to": [6.205, 11.795, 5],
			"rotation": {"angle": -22.5, "axis": "z", "origin": [5.491, 11.537, 5]},
			"faces": {
				"north": {"uv": [0, 0, 0.5, 0.5], "rotation": 180, "texture": "#2"},
				"east": {"uv": [0, 0, 1, 0.5], "rotation": 180, "texture": "#2"},
				"west": {"uv": [0, 0, 1, 0.5], "rotation": 180, "texture": "#2"},
				"up": {"uv": [0, 0, 1, 0.5], "rotation": 180, "texture": "#2"},
				"down": {"uv": [0, 0, 1, 0.5], "rotation": 180, "texture": "#2"}
			}
		},
		{
			"name": "hoods1_2",
			"from": [4.801, 11.527, 3],
			"to": [5.265, 11.787, 5],
			"rotation": {"angle": 22.5, "axis": "z", "origin": [5.491, 11.537, 5]},
			"faces": {
				"north": {"uv": [0, 0, 0.5, 0.5], "texture": "#2"},
				"east": {"uv": [0, 0, 1, 0.5], "texture": "#2"},
				"west": {"uv": [0, 0, 1, 0.5], "texture": "#2"},
				"up": {"uv": [0, 0, 1, 0.5], "texture": "#2"},
				"down": {"uv": [0, 0, 1, 0.5], "texture": "#2"}
			}
		},
		{
			"name": "hoods1_2",
			"from": [5.183, 11.424, 3],
			"to": [5.819, 11.684, 5],
			"rotation": {"angle": 0, "axis": "y", "origin": [5.475, 11.625, 5]},
			"faces": {
				"north": {"uv": [0, 0, 0.5, 0.5], "rotation": 180, "texture": "#2"},
				"east": {"uv": [0, 0, 1, 0.5], "rotation": 180, "texture": "#2"},
				"west": {"uv": [0, 0, 1, 0.5], "rotation": 180, "texture": "#2"},
				"up": {"uv": [0, 0, 1, 0.5], "rotation": 180, "texture": "#2"},
				"down": {"uv": [0, 0, 1, 0.5], "rotation": 180, "texture": "#2"}
			}
		},
		{
			"name": "hoods1_2",
			"from": [4.801, 11.527, 3],
			"to": [5.265, 11.787, 5],
			"rotation": {"angle": 22.5, "axis": "z", "origin": [5.491, 11.537, 5]},
			"faces": {
				"north": {"uv": [0, 0, 0.5, 0.5], "texture": "#2"},
				"east": {"uv": [0, 0, 1, 0.5], "texture": "#2"},
				"west": {"uv": [0, 0, 1, 0.5], "texture": "#2"},
				"up": {"uv": [0, 0, 1, 0.5], "texture": "#2"},
				"down": {"uv": [0, 0, 1, 0.5], "texture": "#2"}
			}
		},
		{
			"name": "hoods1_2",
			"from": [5.741, 11.535, 3],
			"to": [6.205, 11.795, 5],
			"rotation": {"angle": -22.5, "axis": "z", "origin": [5.491, 11.537, 5]},
			"faces": {
				"north": {"uv": [0, 0, 0.5, 0.5], "rotation": 180, "texture": "#2"},
				"east": {"uv": [0, 0, 1, 0.5], "rotation": 180, "texture": "#2"},
				"west": {"uv": [0, 0, 1, 0.5], "rotation": 180, "texture": "#2"},
				"up": {"uv": [0, 0, 1, 0.5], "rotation": 180, "texture": "#2"},
				"down": {"uv": [0, 0, 1, 0.5], "rotation": 180, "texture": "#2"}
			}
		},
		{
			"name": "hoods1_2",
			"from": [4.591, 11.772, 4],
			"to": [4.951, 12.032, 5],
			"rotation": {"angle": 45, "axis": "z", "origin": [5.491, 11.537, 5]},
			"faces": {
				"north": {"uv": [0, 0, 0.5, 0.5], "texture": "#2"},
				"east": {"uv": [0, 0, 1, 0.5], "texture": "#2"},
				"west": {"uv": [0, 0, 1, 0.5], "texture": "#2"},
				"up": {"uv": [0, 0, 1, 0.5], "texture": "#2"},
				"down": {"uv": [0, 0, 1, 0.5], "texture": "#2"}
			}
		},
		{
			"name": "hoods1_2",
			"from": [5.732, 10.613, 4],
			"to": [5.992, 10.973, 5],
			"rotation": {"angle": 45, "axis": "z", "origin": [5.491, 11.537, 5]},
			"faces": {
				"north": {"uv": [0, 0, 0.5, 0.5], "rotation": 90, "texture": "#2"},
				"east": {"uv": [0, 0, 1, 0.5], "rotation": 270, "texture": "#2"},
				"west": {"uv": [0, 0, 1, 0.5], "rotation": 270, "texture": "#2"},
				"up": {"uv": [0, 0, 1, 0.5], "rotation": 270, "texture": "#2"},
				"down": {"uv": [0, 0, 1, 0.5], "rotation": 270, "texture": "#2"}
			}
		},
		{
			"name": "hoods1_2",
			"from": [4.593, 10.296, 4],
			"to": [4.853, 10.904, 5],
			"rotation": {"angle": -22.5, "axis": "z", "origin": [5.395, 11.297, 5]},
			"faces": {
				"north": {"uv": [0, 0, 0.5, 0.5], "rotation": 90, "texture": "#2"},
				"east": {"uv": [0, 0, 1, 0.5], "rotation": 270, "texture": "#2"},
				"west": {"uv": [0, 0, 1, 0.5], "rotation": 270, "texture": "#2"},
				"up": {"uv": [0, 0, 1, 0.5], "rotation": 270, "texture": "#2"},
				"down": {"uv": [0, 0, 1, 0.5], "rotation": 270, "texture": "#2"}
			}
		},
		{
			"name": "hoods1_2",
			"from": [6.133, 10.216, 4],
			"to": [6.393, 10.824, 5],
			"rotation": {"angle": 22.5, "axis": "z", "origin": [5.395, 11.297, 5]},
			"faces": {
				"north": {"uv": [0, 0, 0.5, 0.5], "rotation": 90, "texture": "#2"},
				"east": {"uv": [0, 0, 1, 0.5], "rotation": 270, "texture": "#2"},
				"west": {"uv": [0, 0, 1, 0.5], "rotation": 270, "texture": "#2"},
				"up": {"uv": [0, 0, 1, 0.5], "rotation": 270, "texture": "#2"},
				"down": {"uv": [0, 0, 1, 0.5], "rotation": 270, "texture": "#2"}
			}
		},
		{
			"name": "hoods1_2",
			"from": [4.271, 10.224, 4],
			"to": [4.531, 10.68, 5],
			"rotation": {"angle": 0, "axis": "y", "origin": [5.395, 11.297, 5]},
			"faces": {
				"north": {"uv": [0, 0, 0.5, 0.5], "rotation": 90, "texture": "#2"},
				"east": {"uv": [0, 0, 1, 0.5], "rotation": 270, "texture": "#2"},
				"west": {"uv": [0, 0, 1, 0.5], "rotation": 270, "texture": "#2"},
				"up": {"uv": [0, 0, 1, 0.5], "rotation": 270, "texture": "#2"},
				"down": {"uv": [0, 0, 1, 0.5], "rotation": 270, "texture": "#2"}
			}
		},
		{
			"name": "hoods1_2",
			"from": [6.471, 10.224, 4],
			"to": [6.731, 10.68, 5],
			"rotation": {"angle": 0, "axis": "y", "origin": [5.395, 11.297, 5]},
			"faces": {
				"north": {"uv": [0, 0, 0.5, 0.5], "rotation": 90, "texture": "#2"},
				"east": {"uv": [0, 0, 1, 0.5], "rotation": 270, "texture": "#2"},
				"west": {"uv": [0, 0, 1, 0.5], "rotation": 270, "texture": "#2"},
				"up": {"uv": [0, 0, 1, 0.5], "rotation": 270, "texture": "#2"},
				"down": {"uv": [0, 0, 1, 0.5], "rotation": 270, "texture": "#2"}
			}
		},
		{
			"name": "hoods1_2",
			"from": [10.075, 4.245, 1],
			"to": [11.435, 4.505, 5],
			"rotation": {"angle": 0, "axis": "y", "origin": [2.75, -13.5, -1]},
			"faces": {
				"north": {"uv": [0, 0, 0.5, 0.5], "texture": "#2"},
				"east": {"uv": [0, 0, 1, 0.5], "texture": "#2"},
				"west": {"uv": [0, 0, 1, 0.5], "texture": "#2"},
				"up": {"uv": [0, 0, 1, 0.5], "texture": "#2"},
				"down": {"uv": [0, 0, 1, 0.5], "texture": "#2"}
			}
		},
		{
			"name": "hoods1_1",
			"from": [8.55, 2.175, 4],
			"to": [8.8, 3, 5],
			"rotation": {"angle": 0, "axis": "y", "origin": [2.75, -13.5, -1]},
			"faces": {
				"north": {"uv": [0, 0, 0.5, 1], "texture": "#2"},
				"east": {"uv": [0, 0, 0.5, 1], "texture": "#2"},
				"west": {"uv": [0, 0, 0.5, 1], "texture": "#2"},
				"up": {"uv": [0, 0, 0.5, 0.5], "texture": "#2"},
				"down": {"uv": [0, 0, 0.5, 0.5], "texture": "#2"}
			}
		},
		{
			"name": "hoods1_1",
			"from": [12.7, 2.175, 4],
			"to": [12.95, 3, 5],
			"rotation": {"angle": 0, "axis": "y", "origin": [2.75, -13.5, -1]},
			"faces": {
				"north": {"uv": [0, 0, 0.5, 1], "texture": "#2"},
				"east": {"uv": [0, 0, 0.5, 1], "texture": "#2"},
				"west": {"uv": [0, 0, 0.5, 1], "texture": "#2"},
				"up": {"uv": [0, 0, 0.5, 0.5], "texture": "#2"},
				"down": {"uv": [0, 0, 0.5, 0.5], "texture": "#2"}
			}
		},
		{
			"name": "hoods1_3",
			"from": [9.142, 1.492, 3],
			"to": [9.417, 2.167, 5],
			"rotation": {"angle": -22.5, "axis": "z", "origin": [12.625, 3.725, 5]},
			"faces": {
				"north": {"uv": [0, 0, 0.5, 0.5], "texture": "#2"},
				"east": {"uv": [0, 0, 1, 0.5], "texture": "#2"},
				"west": {"uv": [0, 0, 1, 0.5], "texture": "#2"},
				"up": {"uv": [0, 0, 0.5, 1], "texture": "#2"},
				"down": {"uv": [0, 0, 0.5, 1], "texture": "#2"}
			}
		},
		{
			"name": "hoods1_3",
			"from": [12.375, 2.925, 3],
			"to": [12.65, 3.6, 5],
			"rotation": {"angle": 22.5, "axis": "z", "origin": [12.625, 3.725, 5]},
			"faces": {
				"north": {"uv": [0, 0, 0.5, 0.5], "texture": "#2"},
				"east": {"uv": [0, 0, 1, 0.5], "texture": "#2"},
				"west": {"uv": [0, 0, 1, 0.5], "texture": "#2"},
				"up": {"uv": [0, 0, 0.5, 1], "texture": "#2"},
				"down": {"uv": [0, 0, 0.5, 1], "texture": "#2"}
			}
		},
		{
			"name": "hoods1_3",
			"from": [9.853, 6.072, 3],
			"to": [10.728, 6.347, 5],
			"rotation": {"angle": 45, "axis": "z", "origin": [12.625, 3.725, 5]},
			"faces": {
				"north": {"uv": [0, 0, 0.5, 0.5], "rotation": 90, "texture": "#2"},
				"east": {"uv": [0, 0, 0.5, 1], "rotation": 270, "texture": "#2"},
				"west": {"uv": [0, 0, 0.5, 1], "rotation": 270, "texture": "#2"},
				"up": {"uv": [0, 0, 1, 0.5], "rotation": 270, "texture": "#2"},
				"down": {"uv": [0, 0, 1, 0.5], "rotation": 270, "texture": "#2"}
			}
		},
		{
			"name": "hoods1_3",
			"from": [12.325, 3.6, 3],
			"to": [12.6, 4.475, 5],
			"rotation": {"angle": 45, "axis": "z", "origin": [12.625, 3.725, 5]},
			"faces": {
				"north": {"uv": [0, 0, 0.5, 0.5], "texture": "#2"},
				"east": {"uv": [0, 0, 1, 0.5], "texture": "#2"},
				"west": {"uv": [0, 0, 1, 0.5], "texture": "#2"},
				"up": {"uv": [0, 0, 0.5, 1], "texture": "#2"},
				"down": {"uv": [0, 0, 0.5, 1], "texture": "#2"}
			}
		},
		{
			"name": "hoods1_3",
			"from": [9.869, 5.147, 1],
			"to": [10.569, 5.422, 5],
			"rotation": {"angle": 22.5, "axis": "z", "origin": [12.625, 3.725, 5]},
			"faces": {
				"north": {"uv": [0, 0, 0.5, 0.5], "rotation": 90, "texture": "#2"},
				"east": {"uv": [0, 0, 0.5, 1], "rotation": 270, "texture": "#2"},
				"west": {"uv": [0, 0, 0.5, 1], "rotation": 270, "texture": "#2"},
				"up": {"uv": [0, 0, 1, 0.5], "rotation": 270, "texture": "#2"},
				"down": {"uv": [0, 0, 1, 0.5], "rotation": 270, "texture": "#2"}
			}
		},
		{
			"name": "hoods1_3",
			"from": [11.225, 3.714, 1],
			"to": [11.925, 3.989, 5],
			"rotation": {"angle": -22.5, "axis": "z", "origin": [12.625, 3.725, 5]},
			"faces": {
				"north": {"uv": [0, 0, 0.5, 0.5], "rotation": 90, "texture": "#2"},
				"east": {"uv": [0, 0, 0.5, 1], "rotation": 270, "texture": "#2"},
				"west": {"uv": [0, 0, 0.5, 1], "rotation": 270, "texture": "#2"},
				"up": {"uv": [0, 0, 1, 0.5], "rotation": 270, "texture": "#2"},
				"down": {"uv": [0, 0, 1, 0.5], "rotation": 270, "texture": "#2"}
			}
		},
		{
			"name": "hoods1_2",
			"from": [10.075, 4.245, 1],
			"to": [11.435, 4.505, 5],
			"rotation": {"angle": 0, "axis": "y", "origin": [2.75, -13.5, -1]},
			"faces": {
				"north": {"uv": [0, 0, 0.5, 0.5], "texture": "#2"},
				"east": {"uv": [0, 0, 1, 0.5], "texture": "#2"},
				"west": {"uv": [0, 0, 1, 0.5], "texture": "#2"},
				"up": {"uv": [0, 0, 1, 0.5], "texture": "#2"},
				"down": {"uv": [0, 0, 1, 0.5], "texture": "#2"}
			}
		},
		{
			"name": "hoods1_1",
			"from": [8.55, 2.175, 4],
			"to": [8.8, 3, 5],
			"rotation": {"angle": 0, "axis": "y", "origin": [2.75, -13.5, -1]},
			"faces": {
				"north": {"uv": [0, 0, 0.5, 1], "texture": "#2"},
				"east": {"uv": [0, 0, 0.5, 1], "texture": "#2"},
				"west": {"uv": [0, 0, 0.5, 1], "texture": "#2"},
				"up": {"uv": [0, 0, 0.5, 0.5], "texture": "#2"},
				"down": {"uv": [0, 0, 0.5, 0.5], "texture": "#2"}
			}
		},
		{
			"name": "hoods1_1",
			"from": [12.7, 2.175, 4],
			"to": [12.95, 3, 5],
			"rotation": {"angle": 0, "axis": "y", "origin": [2.75, -13.5, -1]},
			"faces": {
				"north": {"uv": [0, 0, 0.5, 1], "texture": "#2"},
				"east": {"uv": [0, 0, 0.5, 1], "texture": "#2"},
				"west": {"uv": [0, 0, 0.5, 1], "texture": "#2"},
				"up": {"uv": [0, 0, 0.5, 0.5], "texture": "#2"},
				"down": {"uv": [0, 0, 0.5, 0.5], "texture": "#2"}
			}
		},
		{
			"name": "hoods1_3",
			"from": [9.142, 1.492, 3],
			"to": [9.417, 2.167, 5],
			"rotation": {"angle": -22.5, "axis": "z", "origin": [12.625, 3.725, 5]},
			"faces": {
				"north": {"uv": [0, 0, 0.5, 0.5], "texture": "#2"},
				"east": {"uv": [0, 0, 1, 0.5], "texture": "#2"},
				"west": {"uv": [0, 0, 1, 0.5], "texture": "#2"},
				"up": {"uv": [0, 0, 0.5, 1], "texture": "#2"},
				"down": {"uv": [0, 0, 0.5, 1], "texture": "#2"}
			}
		},
		{
			"name": "hoods1_3",
			"from": [12.375, 2.925, 3],
			"to": [12.65, 3.6, 5],
			"rotation": {"angle": 22.5, "axis": "z", "origin": [12.625, 3.725, 5]},
			"faces": {
				"north": {"uv": [0, 0, 0.5, 0.5], "texture": "#2"},
				"east": {"uv": [0, 0, 1, 0.5], "texture": "#2"},
				"west": {"uv": [0, 0, 1, 0.5], "texture": "#2"},
				"up": {"uv": [0, 0, 0.5, 1], "texture": "#2"},
				"down": {"uv": [0, 0, 0.5, 1], "texture": "#2"}
			}
		},
		{
			"name": "hoods1_3",
			"from": [9.853, 6.072, 3],
			"to": [10.728, 6.347, 5],
			"rotation": {"angle": 45, "axis": "z", "origin": [12.625, 3.725, 5]},
			"faces": {
				"north": {"uv": [0, 0, 0.5, 0.5], "rotation": 90, "texture": "#2"},
				"east": {"uv": [0, 0, 0.5, 1], "rotation": 270, "texture": "#2"},
				"west": {"uv": [0, 0, 0.5, 1], "rotation": 270, "texture": "#2"},
				"up": {"uv": [0, 0, 1, 0.5], "rotation": 270, "texture": "#2"},
				"down": {"uv": [0, 0, 1, 0.5], "rotation": 270, "texture": "#2"}
			}
		},
		{
			"name": "hoods1_3",
			"from": [12.325, 3.6, 3],
			"to": [12.6, 4.475, 5],
			"rotation": {"angle": 45, "axis": "z", "origin": [12.625, 3.725, 5]},
			"faces": {
				"north": {"uv": [0, 0, 0.5, 0.5], "texture": "#2"},
				"east": {"uv": [0, 0, 1, 0.5], "texture": "#2"},
				"west": {"uv": [0, 0, 1, 0.5], "texture": "#2"},
				"up": {"uv": [0, 0, 0.5, 1], "texture": "#2"},
				"down": {"uv": [0, 0, 0.5, 1], "texture": "#2"}
			}
		},
		{
			"name": "hoods1_3",
			"from": [9.869, 5.147, 1],
			"to": [10.569, 5.422, 5],
			"rotation": {"angle": 22.5, "axis": "z", "origin": [12.625, 3.725, 5]},
			"faces": {
				"north": {"uv": [0, 0, 0.5, 0.5], "rotation": 90, "texture": "#2"},
				"east": {"uv": [0, 0, 0.5, 1], "rotation": 270, "texture": "#2"},
				"west": {"uv": [0, 0, 0.5, 1], "rotation": 270, "texture": "#2"},
				"up": {"uv": [0, 0, 1, 0.5], "rotation": 270, "texture": "#2"},
				"down": {"uv": [0, 0, 1, 0.5], "rotation": 270, "texture": "#2"}
			}
		},
		{
			"name": "hoods1_3",
			"from": [11.225, 3.714, 1],
			"to": [11.925, 3.989, 5],
			"rotation": {"angle": -22.5, "axis": "z", "origin": [12.625, 3.725, 5]},
			"faces": {
				"north": {"uv": [0, 0, 0.5, 0.5], "rotation": 90, "texture": "#2"},
				"east": {"uv": [0, 0, 0.5, 1], "rotation": 270, "texture": "#2"},
				"west": {"uv": [0, 0, 0.5, 1], "rotation": 270, "texture": "#2"},
				"up": {"uv": [0, 0, 1, 0.5], "rotation": 270, "texture": "#2"},
				"down": {"uv": [0, 0, 1, 0.5], "rotation": 270, "texture": "#2"}
			}
		},
		{
			"name": "hoods1_2",
			"from": [10.183, 7.424, 3],
			"to": [10.819, 7.684, 5],
			"rotation": {"angle": 0, "axis": "y", "origin": [10.475, 7.625, 5]},
			"faces": {
				"north": {"uv": [0, 0, 0.5, 0.5], "rotation": 180, "texture": "#2"},
				"east": {"uv": [0, 0, 1, 0.5], "rotation": 180, "texture": "#2"},
				"west": {"uv": [0, 0, 1, 0.5], "rotation": 180, "texture": "#2"},
				"up": {"uv": [0, 0, 1, 0.5], "rotation": 180, "texture": "#2"},
				"down": {"uv": [0, 0, 1, 0.5], "rotation": 180, "texture": "#2"}
			}
		},
		{
			"name": "hoods1_2",
			"from": [11.471, 6.224, 4],
			"to": [11.731, 6.68, 5],
			"rotation": {"angle": 0, "axis": "y", "origin": [10.395, 7.297, 5]},
			"faces": {
				"north": {"uv": [0, 0, 0.5, 0.5], "rotation": 90, "texture": "#2"},
				"east": {"uv": [0, 0, 1, 0.5], "rotation": 270, "texture": "#2"},
				"west": {"uv": [0, 0, 1, 0.5], "rotation": 270, "texture": "#2"},
				"up": {"uv": [0, 0, 1, 0.5], "rotation": 270, "texture": "#2"},
				"down": {"uv": [0, 0, 1, 0.5], "rotation": 270, "texture": "#2"}
			}
		},
		{
			"name": "hoods1_2",
			"from": [9.271, 6.224, 4],
			"to": [9.531, 6.68, 5],
			"rotation": {"angle": 0, "axis": "y", "origin": [10.395, 7.297, 5]},
			"faces": {
				"north": {"uv": [0, 0, 0.5, 0.5], "rotation": 90, "texture": "#2"},
				"east": {"uv": [0, 0, 1, 0.5], "rotation": 270, "texture": "#2"},
				"west": {"uv": [0, 0, 1, 0.5], "rotation": 270, "texture": "#2"},
				"up": {"uv": [0, 0, 1, 0.5], "rotation": 270, "texture": "#2"},
				"down": {"uv": [0, 0, 1, 0.5], "rotation": 270, "texture": "#2"}
			}
		},
		{
			"name": "hoods1_2",
			"from": [11.133, 6.216, 4],
			"to": [11.393, 6.824, 5],
			"rotation": {"angle": 22.5, "axis": "z", "origin": [10.395, 7.297, 5]},
			"faces": {
				"north": {"uv": [0, 0, 0.5, 0.5], "rotation": 90, "texture": "#2"},
				"east": {"uv": [0, 0, 1, 0.5], "rotation": 270, "texture": "#2"},
				"west": {"uv": [0, 0, 1, 0.5], "rotation": 270, "texture": "#2"},
				"up": {"uv": [0, 0, 1, 0.5], "rotation": 270, "texture": "#2"},
				"down": {"uv": [0, 0, 1, 0.5], "rotation": 270, "texture": "#2"}
			}
		},
		{
			"name": "hoods1_2",
			"from": [9.593, 6.296, 4],
			"to": [9.853, 6.904, 5],
			"rotation": {"angle": -22.5, "axis": "z", "origin": [10.395, 7.297, 5]},
			"faces": {
				"north": {"uv": [0, 0, 0.5, 0.5], "rotation": 90, "texture": "#2"},
				"east": {"uv": [0, 0, 1, 0.5], "rotation": 270, "texture": "#2"},
				"west": {"uv": [0, 0, 1, 0.5], "rotation": 270, "texture": "#2"},
				"up": {"uv": [0, 0, 1, 0.5], "rotation": 270, "texture": "#2"},
				"down": {"uv": [0, 0, 1, 0.5], "rotation": 270, "texture": "#2"}
			}
		},
		{
			"name": "hoods1_2",
			"from": [10.732, 6.613, 4],
			"to": [10.992, 6.973, 5],
			"rotation": {"angle": 45, "axis": "z", "origin": [10.491, 7.537, 5]},
			"faces": {
				"north": {"uv": [0, 0, 0.5, 0.5], "rotation": 90, "texture": "#2"},
				"east": {"uv": [0, 0, 1, 0.5], "rotation": 270, "texture": "#2"},
				"west": {"uv": [0, 0, 1, 0.5], "rotation": 270, "texture": "#2"},
				"up": {"uv": [0, 0, 1, 0.5], "rotation": 270, "texture": "#2"},
				"down": {"uv": [0, 0, 1, 0.5], "rotation": 270, "texture": "#2"}
			}
		},
		{
			"name": "hoods1_2",
			"from": [9.591, 7.772, 4],
			"to": [9.951, 8.032, 5],
			"rotation": {"angle": 45, "axis": "z", "origin": [10.491, 7.537, 5]},
			"faces": {
				"north": {"uv": [0, 0, 0.5, 0.5], "texture": "#2"},
				"east": {"uv": [0, 0, 1, 0.5], "texture": "#2"},
				"west": {"uv": [0, 0, 1, 0.5], "texture": "#2"},
				"up": {"uv": [0, 0, 1, 0.5], "texture": "#2"},
				"down": {"uv": [0, 0, 1, 0.5], "texture": "#2"}
			}
		},
		{
			"name": "hoods1_2",
			"from": [10.741, 7.535, 3],
			"to": [11.205, 7.795, 5],
			"rotation": {"angle": -22.5, "axis": "z", "origin": [10.491, 7.537, 5]},
			"faces": {
				"north": {"uv": [0, 0, 0.5, 0.5], "rotation": 180, "texture": "#2"},
				"east": {"uv": [0, 0, 1, 0.5], "rotation": 180, "texture": "#2"},
				"west": {"uv": [0, 0, 1, 0.5], "rotation": 180, "texture": "#2"},
				"up": {"uv": [0, 0, 1, 0.5], "rotation": 180, "texture": "#2"},
				"down": {"uv": [0, 0, 1, 0.5], "rotation": 180, "texture": "#2"}
			}
		},
		{
			"name": "hoods1_2",
			"from": [9.801, 7.527, 3],
			"to": [10.265, 7.787, 5],
			"rotation": {"angle": 22.5, "axis": "z", "origin": [10.491, 7.537, 5]},
			"faces": {
				"north": {"uv": [0, 0, 0.5, 0.5], "texture": "#2"},
				"east": {"uv": [0, 0, 1, 0.5], "texture": "#2"},
				"west": {"uv": [0, 0, 1, 0.5], "texture": "#2"},
				"up": {"uv": [0, 0, 1, 0.5], "texture": "#2"},
				"down": {"uv": [0, 0, 1, 0.5], "texture": "#2"}
			}
		},
		{
			"name": "hoods1_2",
			"from": [10.183, 7.424, 3],
			"to": [10.819, 7.684, 5],
			"rotation": {"angle": 0, "axis": "y", "origin": [10.475, 7.625, 5]},
			"faces": {
				"north": {"uv": [0, 0, 0.5, 0.5], "rotation": 180, "texture": "#2"},
				"east": {"uv": [0, 0, 1, 0.5], "rotation": 180, "texture": "#2"},
				"west": {"uv": [0, 0, 1, 0.5], "rotation": 180, "texture": "#2"},
				"up": {"uv": [0, 0, 1, 0.5], "rotation": 180, "texture": "#2"},
				"down": {"uv": [0, 0, 1, 0.5], "rotation": 180, "texture": "#2"}
			}
		},
		{
			"name": "hoods1_2",
			"from": [9.801, 7.527, 3],
			"to": [10.265, 7.787, 5],
			"rotation": {"angle": 22.5, "axis": "z", "origin": [10.491, 7.537, 5]},
			"faces": {
				"north": {"uv": [0, 0, 0.5, 0.5], "texture": "#2"},
				"east": {"uv": [0, 0, 1, 0.5], "texture": "#2"},
				"west": {"uv": [0, 0, 1, 0.5], "texture": "#2"},
				"up": {"uv": [0, 0, 1, 0.5], "texture": "#2"},
				"down": {"uv": [0, 0, 1, 0.5], "texture": "#2"}
			}
		},
		{
			"name": "hoods1_2",
			"from": [10.741, 7.535, 3],
			"to": [11.205, 7.795, 5],
			"rotation": {"angle": -22.5, "axis": "z", "origin": [10.491, 7.537, 5]},
			"faces": {
				"north": {"uv": [0, 0, 0.5, 0.5], "rotation": 180, "texture": "#2"},
				"east": {"uv": [0, 0, 1, 0.5], "rotation": 180, "texture": "#2"},
				"west": {"uv": [0, 0, 1, 0.5], "rotation": 180, "texture": "#2"},
				"up": {"uv": [0, 0, 1, 0.5], "rotation": 180, "texture": "#2"},
				"down": {"uv": [0, 0, 1, 0.5], "rotation": 180, "texture": "#2"}
			}
		},
		{
			"name": "hoods1_2",
			"from": [9.591, 7.772, 4],
			"to": [9.951, 8.032, 5],
			"rotation": {"angle": 45, "axis": "z", "origin": [10.491, 7.537, 5]},
			"faces": {
				"north": {"uv": [0, 0, 0.5, 0.5], "texture": "#2"},
				"east": {"uv": [0, 0, 1, 0.5], "texture": "#2"},
				"west": {"uv": [0, 0, 1, 0.5], "texture": "#2"},
				"up": {"uv": [0, 0, 1, 0.5], "texture": "#2"},
				"down": {"uv": [0, 0, 1, 0.5], "texture": "#2"}
			}
		},
		{
			"name": "hoods1_2",
			"from": [10.732, 6.613, 4],
			"to": [10.992, 6.973, 5],
			"rotation": {"angle": 45, "axis": "z", "origin": [10.491, 7.537, 5]},
			"faces": {
				"north": {"uv": [0, 0, 0.5, 0.5], "rotation": 90, "texture": "#2"},
				"east": {"uv": [0, 0, 1, 0.5], "rotation": 270, "texture": "#2"},
				"west": {"uv": [0, 0, 1, 0.5], "rotation": 270, "texture": "#2"},
				"up": {"uv": [0, 0, 1, 0.5], "rotation": 270, "texture": "#2"},
				"down": {"uv": [0, 0, 1, 0.5], "rotation": 270, "texture": "#2"}
			}
		},
		{
			"name": "hoods1_2",
			"from": [9.593, 6.296, 4],
			"to": [9.853, 6.904, 5],
			"rotation": {"angle": -22.5, "axis": "z", "origin": [10.395, 7.297, 5]},
			"faces": {
				"north": {"uv": [0, 0, 0.5, 0.5], "rotation": 90, "texture": "#2"},
				"east": {"uv": [0, 0, 1, 0.5], "rotation": 270, "texture": "#2"},
				"west": {"uv": [0, 0, 1, 0.5], "rotation": 270, "texture": "#2"},
				"up": {"uv": [0, 0, 1, 0.5], "rotation": 270, "texture": "#2"},
				"down": {"uv": [0, 0, 1, 0.5], "rotation": 270, "texture": "#2"}
			}
		},
		{
			"name": "hoods1_2",
			"from": [11.133, 6.216, 4],
			"to": [11.393, 6.824, 5],
			"rotation": {"angle": 22.5, "axis": "z", "origin": [10.395, 7.297, 5]},
			"faces": {
				"north": {"uv": [0, 0, 0.5, 0.5], "rotation": 90, "texture": "#2"},
				"east": {"uv": [0, 0, 1, 0.5], "rotation": 270, "texture": "#2"},
				"west": {"uv": [0, 0, 1, 0.5], "rotation": 270, "texture": "#2"},
				"up": {"uv": [0, 0, 1, 0.5], "rotation": 270, "texture": "#2"},
				"down": {"uv": [0, 0, 1, 0.5], "rotation": 270, "texture": "#2"}
			}
		},
		{
			"name": "hoods1_2",
			"from": [9.271, 6.224, 4],
			"to": [9.531, 6.68, 5],
			"rotation": {"angle": 0, "axis": "y", "origin": [10.395, 7.297, 5]},
			"faces": {
				"north": {"uv": [0, 0, 0.5, 0.5], "rotation": 90, "texture": "#2"},
				"east": {"uv": [0, 0, 1, 0.5], "rotation": 270, "texture": "#2"},
				"west": {"uv": [0, 0, 1, 0.5], "rotation": 270, "texture": "#2"},
				"up": {"uv": [0, 0, 1, 0.5], "rotation": 270, "texture": "#2"},
				"down": {"uv": [0, 0, 1, 0.5], "rotation": 270, "texture": "#2"}
			}
		},
		{
			"name": "hoods1_2",
			"from": [11.471, 6.224, 4],
			"to": [11.731, 6.68, 5],
			"rotation": {"angle": 0, "axis": "y", "origin": [10.395, 7.297, 5]},
			"faces": {
				"north": {"uv": [0, 0, 0.5, 0.5], "rotation": 90, "texture": "#2"},
				"east": {"uv": [0, 0, 1, 0.5], "rotation": 270, "texture": "#2"},
				"west": {"uv": [0, 0, 1, 0.5], "rotation": 270, "texture": "#2"},
				"up": {"uv": [0, 0, 1, 0.5], "rotation": 270, "texture": "#2"},
				"down": {"uv": [0, 0, 1, 0.5], "rotation": 270, "texture": "#2"}
			}
		}
	],
	"groups": [
		{
			"name": "hv_hp",
			"origin": [8, 8, 8],
			"color": 0,
			"children": [
				{
					"name": "hp",
					"origin": [-8, 16, -27],
					"color": 0,
					"children": [
						{
							"name": "lamps",
							"origin": [4, 29, -23],
							"color": 0,
							"children": [0, 1, 2, 3, 4, 5]
						},
						{
							"name": "hoods1",
							"origin": [-1, 30, -23],
							"color": 0,
							"children": []
						},
						{
							"name": "hoods2",
							"origin": [-1, 30, -23],
							"color": 0,
							"children": []
						},
						{
							"name": "hoods3",
							"origin": [-1, 30, -23],
							"color": 0,
							"children": []
						},
						{
							"name": "hoods4",
							"origin": [-1, 30, -23],
							"color": 0,
							"children": []
						},
						{
							"name": "hoods7",
							"origin": [-1, 30, -23],
							"color": 0,
							"children": []
						},
						{
							"name": "shield",
							"origin": [-14, 16, -28],
							"color": 0,
							"children": [6, 7, 8, 9, 10, 11, 12, 13, 14, 15, 16, 17, 18, 19, 20, 21, 22, 23, 24, 25]
						},
						{
							"name": "mast",
							"origin": [-8, 16, -27],
							"color": 0,
							"children": []
						},
						{
							"name": "hood1",
							"origin": [0, 0, 0],
							"color": 0,
							"children": [26, 27, 28, 29, 30, 31, 32, 33, 34]
						},
						{
							"name": "hood1",
							"origin": [0, 0, 0],
							"color": 0,
							"children": [35, 36, 37, 38, 39, 40, 41, 42, 43]
						},
						{
							"name": "hood1",
							"origin": [0, 0, 0],
							"color": 0,
							"children": [44, 45, 46, 47, 48, 49, 50, 51, 52]
						},
						{
							"name": "hood9",
							"origin": [0, 0, 0],
							"color": 0,
							"children": [53, 54, 55, 56, 57, 58, 59, 60, 61, 62, 63, 64, 65, 66, 67, 68, 69, 70]
						},
						{
							"name": "hood1",
							"origin": [0, 0, 0],
							"color": 0,
							"children": [71, 72, 73, 74, 75, 76, 77, 78, 79]
						},
						{
							"name": "hood1",
							"origin": [0, 0, 0],
							"color": 0,
							"children": [80, 81, 82, 83, 84, 85, 86, 87, 88]
						},
						{
							"name": "hood9",
							"origin": [0, 0, 0],
							"color": 0,
							"children": [89, 90, 91, 92, 93, 94, 95, 96, 97, 98, 99, 100, 101, 102, 103, 104, 105, 106]
						}
					]
				}
			]
		}
	]
}