{
	"credit": "Made with Blockbench by Mc_Jeronimo",
	"texture_size": [32, 32],
	"textures": {
		"0": "opensignals:blocks/projekt675signale/default/black",
		"2": "opensignals:blocks/projekt675signale/default/shield_black",
		"particle": "opensignals:blocks/projekt675signale/default/black",
		"lamp_red_secondarynorth": "opensignals:blocks/projekt675signale/lamps/lamp_dark",
		"lamp_red_primarynorth": "opensignals:blocks/projekt675signale/lamps/lamp_dark",
		"lamp_greennorth": "opensignals:blocks/projekt675signale/lamps/lamp_dark",
		"lamp_yellownorth": "opensignals:blocks/projekt675signale/lamps/lamp_dark"
	},
	"elements": [
		{
			"name": "lamp_green",
			"from": [4, 17.75, 4.9],
			"to": [8, 21.75, 4.9],
			"faces": {
				"north": {"uv": [0, 0, 4.3125, 4.3125], "texture": "#lamp_greennorth"}
			}
		},
		{
			"name": "lamp_red_primary",
			"from": [8, 0.75, 4.9],
			"to": [12, 4.75, 4.9],
			"faces": {
				"north": {"uv": [0, 0, 4.3125, 4.3125], "texture": "#lamp_red_primarynorth"}
			}
		},
		{
			"name": "lamp_red_secondary",
			"from": [8, 17.75, 4.9],
			"to": [12, 21.75, 4.9],
			"faces": {
				"north": {"uv": [0, 0, 4.3125, 4.3125], "texture": "#lamp_red_secondarynorth"}
			}
		},
		{
			"name": "lamp_yellow",
			"from": [4, 0.75, 4.9],
			"to": [8, 4.75, 4.9],
			"faces": {
				"north": {"uv": [0, 0, 4.3125, 4.3125], "texture": "#lamp_yellownorth"}
			}
		},
		{
			"name": "shield5",
			"from": [8.5, 1.5, 7],
			"to": [11.5, 4.5, 9],
			"faces": {
				"east": {"uv": [0, 0, 1, 2], "texture": "#2"},
				"south": {"uv": [0, 0, 2, 2], "texture": "#2"},
				"west": {"uv": [0, 0, 1, 2], "texture": "#2"},
				"up": {"uv": [0, 0, 2, 1], "texture": "#2"},
				"down": {"uv": [0, 0, 2, 1], "texture": "#2"}
			}
		},
		{
			"name": "shield5",
			"from": [4.5, 18.25, 7],
			"to": [7.5, 21.25, 9],
			"faces": {
				"east": {"uv": [0, 0, 1, 2], "texture": "#2"},
				"south": {"uv": [0, 0, 2, 2], "texture": "#2"},
				"west": {"uv": [0, 0, 1, 2], "texture": "#2"},
				"up": {"uv": [0, 0, 2, 1], "texture": "#2"},
				"down": {"uv": [0, 0, 2, 1], "texture": "#2"}
			}
		},
		{
			"name": "shield5",
			"from": [8.5, 18.25, 7],
			"to": [11.5, 21.25, 9],
			"faces": {
				"east": {"uv": [0, 0, 1, 2], "texture": "#2"},
				"south": {"uv": [0, 0, 2, 2], "texture": "#2"},
				"west": {"uv": [0, 0, 1, 2], "texture": "#2"},
				"up": {"uv": [0, 0, 2, 1], "texture": "#2"},
				"down": {"uv": [0, 0, 2, 1], "texture": "#2"}
			}
		},
		{
			"name": "shield5",
			"from": [7.5, 0.25, 7],
			"to": [8.5, 20.25, 8],
			"faces": {
				"east": {"uv": [0, 0, 1, 2], "texture": "#0"},
				"south": {"uv": [0, 0, 2, 2], "texture": "#0"},
				"west": {"uv": [0, 0, 1, 2], "texture": "#0"},
				"up": {"uv": [0, 0, 2, 1], "texture": "#0"},
				"down": {"uv": [0, 0, 2, 1], "texture": "#0"}
			}
		},
		{
			"name": "shield5",
			"from": [4.5, 1.5, 7],
			"to": [7.5, 4.5, 9],
			"faces": {
				"east": {"uv": [0, 0, 1, 2], "texture": "#2"},
				"south": {"uv": [0, 0, 2, 2], "texture": "#2"},
				"west": {"uv": [0, 0, 1, 2], "texture": "#2"},
				"up": {"uv": [0, 0, 2, 1], "texture": "#2"},
				"down": {"uv": [0, 0, 2, 1], "texture": "#2"}
			}
		},
		{
			"name": "shield10",
			"from": [3.476, 23, 7],
			"to": [12.508, 24, 8],
			"faces": {
				"east": {"uv": [0, 0, 0.5, 0.5], "texture": "#2"},
				"south": {"uv": [0, 0, 4.5, 0.5], "texture": "#2"},
				"west": {"uv": [0, 0, 0.5, 0.5], "texture": "#2"},
				"up": {"uv": [0, 0, 4.5, 0.5], "texture": "#2"},
				"down": {"uv": [0, 0, 4.5, 0.5], "texture": "#2"}
			}
		},
		{
			"name": "shield14",
			"from": [3.5, 0, 7],
			"to": [12.5, 1, 8],
			"faces": {
				"south": {"uv": [0, 0, 4.5, 0.5], "texture": "#2"},
				"up": {"uv": [0, 0, 4.5, 0.5], "texture": "#2"},
				"down": {"uv": [0, 0, 4.5, 0.5], "texture": "#2"}
			}
		},
		{
			"name": "shield17",
			"from": [3.5, 0, 5],
			"to": [12.5, 23, 7],
			"faces": {
				"north": {"uv": [0, 0, 5.5, 11.5], "texture": "#2"},
				"east": {"uv": [0, 0, 1, 11.5], "texture": "#2"},
				"south": {"uv": [0, 0, 5.5, 11.5], "texture": "#2"},
				"west": {"uv": [0, 0, 1, 11.5], "texture": "#2"},
				"up": {"uv": [0, 0, 5.5, 1], "texture": "#2"},
				"down": {"uv": [0, 0, 5.5, 1], "texture": "#2"}
			}
		},
		{
			"name": "shield18",
			"from": [3.476, 23, 5],
			"to": [12.508, 24, 7],
			"faces": {
				"north": {"uv": [0, 0, 4.5, 0.5], "texture": "#2"},
				"east": {"uv": [0, 0, 1, 0.5], "texture": "#2"},
				"west": {"uv": [0, 0, 1, 0.5], "texture": "#2"},
				"up": {"uv": [0, 0, 4.5, 1], "texture": "#2"}
			}
		},
		{
			"name": "shield19",
			"from": [12.5, 0, 5],
			"to": [13.5, 21.616, 8],
			"faces": {
				"north": {"uv": [0, 0, 0.5, 11.5], "texture": "#2"},
				"east": {"uv": [0, 0, 0.5, 11.5], "texture": "#2"},
				"south": {"uv": [0, 0, 0.5, 11.5], "texture": "#2"},
				"west": {"uv": [0, 0, 0.5, 11.5], "texture": "#2"},
				"up": {"uv": [0, 0, 0.5, 0.5], "texture": "#2"},
				"down": {"uv": [0, 0, 0.5, 0.5], "texture": "#2"}
			}
		},
		{
			"name": "shield19",
			"from": [11.626, 21.996, 5],
			"to": [12.626, 24.566, 8],
			"rotation": {"angle": 22.5, "axis": "z", "origin": [14, 24, 7]},
			"faces": {
				"north": {"uv": [0, 0, 0.5, 11.5], "texture": "#2"},
				"east": {"uv": [0, 0, 0.5, 11.5], "texture": "#2"},
				"south": {"uv": [0, 0, 0.5, 11.5], "texture": "#2"},
				"west": {"uv": [0, 0, 0.5, 11.5], "texture": "#2"},
				"up": {"uv": [0, 0, 0.5, 0.5], "texture": "#2"},
				"down": {"uv": [0, 0, 0.5, 0.5], "texture": "#2"}
			}
		},
		{
			"name": "shield19",
			"from": [4.27, 17.434, 5],
			"to": [5.27, 19.972, 8],
			"rotation": {"angle": -22.5, "axis": "z", "origin": [14, 24, 7]},
			"faces": {
				"north": {"uv": [0, 0, 0.5, 11.5], "rotation": 180, "texture": "#2"},
				"east": {"uv": [0, 0, 0.5, 11.5], "rotation": 180, "texture": "#2"},
				"south": {"uv": [0, 0, 0.5, 11.5], "rotation": 180, "texture": "#2"},
				"west": {"uv": [0, 0, 0.5, 11.5], "rotation": 180, "texture": "#2"},
				"up": {"uv": [0, 0, 0.5, 0.5], "rotation": 180, "texture": "#2"},
				"down": {"uv": [0, 0, 0.5, 0.5], "rotation": 180, "texture": "#2"}
			}
		},
		{
			"name": "shield20",
			"from": [2.5, 0, 5],
			"to": [3.5, 21.656, 8],
			"faces": {
				"north": {"uv": [0, 0, 0.5, 11.5], "texture": "#2"},
				"east": {"uv": [0, 0, 0.5, 11.5], "texture": "#2"},
				"south": {"uv": [0, 0, 0.5, 11.5], "texture": "#2"},
				"west": {"uv": [0, 0, 0.5, 11.5], "texture": "#2"},
				"up": {"uv": [0, 0, 0.5, 0.5], "texture": "#2"},
				"down": {"uv": [0, 0, 0.5, 0.5], "texture": "#2"}
			}
		},
		{
			"name": "hoods1_2",
			"from": [5.325, 4.745, 1],
			"to": [10.685, 5.005, 5],
			"rotation": {"angle": 0, "axis": "y", "origin": [2, -13, -1]},
			"faces": {
				"north": {"uv": [0, 0, 0.5, 0.5], "texture": "#2"},
				"east": {"uv": [0, 0, 1, 0.5], "texture": "#2"},
				"west": {"uv": [0, 0, 1, 0.5], "texture": "#2"},
				"up": {"uv": [0, 0, 1, 0.5], "texture": "#2"},
				"down": {"uv": [0, 0, 1, 0.5], "texture": "#2"}
			}
		},
		{
			"name": "hoods1_1",
			"from": [11.95, 2.675, 4],
			"to": [12.2, 3.5, 5],
			"rotation": {"angle": 0, "axis": "y", "origin": [2, -13, -1]},
			"faces": {
				"north": {"uv": [0, 0, 0.5, 1], "texture": "#2"},
				"east": {"uv": [0, 0, 0.5, 1], "texture": "#2"},
				"west": {"uv": [0, 0, 0.5, 1], "texture": "#2"},
				"up": {"uv": [0, 0, 0.5, 0.5], "texture": "#2"},
				"down": {"uv": [0, 0, 0.5, 0.5], "texture": "#2"}
			}
		},
		{
			"name": "hoods1_3",
			"from": [11.625, 3.425, 3],
			"to": [11.9, 4.1, 5],
			"rotation": {"angle": 22.5, "axis": "z", "origin": [11.875, 4.225, 5]},
			"faces": {
				"north": {"uv": [0, 0, 0.5, 0.5], "texture": "#2"},
				"east": {"uv": [0, 0, 1, 0.5], "texture": "#2"},
				"west": {"uv": [0, 0, 1, 0.5], "texture": "#2"},
				"up": {"uv": [0, 0, 0.5, 1], "texture": "#2"},
				"down": {"uv": [0, 0, 0.5, 1], "texture": "#2"}
			}
		},
		{
			"name": "hoods1_3",
			"from": [11.575, 4.1, 3],
			"to": [11.85, 4.975, 5],
			"rotation": {"angle": 45, "axis": "z", "origin": [11.875, 4.225, 5]},
			"faces": {
				"north": {"uv": [0, 0, 0.5, 0.5], "texture": "#2"},
				"east": {"uv": [0, 0, 1, 0.5], "texture": "#2"},
				"west": {"uv": [0, 0, 1, 0.5], "texture": "#2"},
				"up": {"uv": [0, 0, 0.5, 1], "texture": "#2"},
				"down": {"uv": [0, 0, 0.5, 1], "texture": "#2"}
			}
		},
		{
			"name": "hoods1_3",
			"from": [10.475, 4.214, 1],
			"to": [11.175, 4.489, 5],
			"rotation": {"angle": -22.5, "axis": "z", "origin": [11.875, 4.225, 5]},
			"faces": {
				"north": {"uv": [0, 0, 0.5, 0.5], "rotation": 90, "texture": "#2"},
				"east": {"uv": [0, 0, 0.5, 1], "rotation": 270, "texture": "#2"},
				"west": {"uv": [0, 0, 0.5, 1], "rotation": 270, "texture": "#2"},
				"up": {"uv": [0, 0, 1, 0.5], "rotation": 270, "texture": "#2"},
				"down": {"uv": [0, 0, 1, 0.5], "rotation": 270, "texture": "#2"}
			}
		},
		{
			"name": "hoods1_1",
			"from": [3.8, 2.675, 4],
			"to": [4.05, 3.5, 5],
			"rotation": {"angle": 0, "axis": "y", "origin": [-2, -13, -1]},
			"faces": {
				"north": {"uv": [0, 0, 0.5, 1], "texture": "#2"},
				"east": {"uv": [0, 0, 0.5, 1], "texture": "#2"},
				"west": {"uv": [0, 0, 0.5, 1], "texture": "#2"},
				"up": {"uv": [0, 0, 0.5, 0.5], "texture": "#2"},
				"down": {"uv": [0, 0, 0.5, 0.5], "texture": "#2"}
			}
		},
		{
			"name": "hoods1_3",
			"from": [4.392, 1.992, 3],
			"to": [4.667, 2.667, 5],
			"rotation": {"angle": -22.5, "axis": "z", "origin": [7.875, 4.225, 5]},
			"faces": {
				"north": {"uv": [0, 0, 0.5, 0.5], "texture": "#2"},
				"east": {"uv": [0, 0, 1, 0.5], "texture": "#2"},
				"west": {"uv": [0, 0, 1, 0.5], "texture": "#2"},
				"up": {"uv": [0, 0, 0.5, 1], "texture": "#2"},
				"down": {"uv": [0, 0, 0.5, 1], "texture": "#2"}
			}
		},
		{
			"name": "hoods1_3",
			"from": [5.103, 6.572, 3],
			"to": [5.978, 6.847, 5],
			"rotation": {"angle": 45, "axis": "z", "origin": [7.875, 4.225, 5]},
			"faces": {
				"north": {"uv": [0, 0, 0.5, 0.5], "rotation": 90, "texture": "#2"},
				"east": {"uv": [0, 0, 0.5, 1], "rotation": 270, "texture": "#2"},
				"west": {"uv": [0, 0, 0.5, 1], "rotation": 270, "texture": "#2"},
				"up": {"uv": [0, 0, 1, 0.5], "rotation": 270, "texture": "#2"},
				"down": {"uv": [0, 0, 1, 0.5], "rotation": 270, "texture": "#2"}
			}
		},
		{
			"name": "hoods1_3",
			"from": [5.119, 5.647, 1],
			"to": [5.819, 5.922, 5],
			"rotation": {"angle": 22.5, "axis": "z", "origin": [7.875, 4.225, 5]},
			"faces": {
				"north": {"uv": [0, 0, 0.5, 0.5], "rotation": 90, "texture": "#2"},
				"east": {"uv": [0, 0, 0.5, 1], "rotation": 270, "texture": "#2"},
				"west": {"uv": [0, 0, 0.5, 1], "rotation": 270, "texture": "#2"},
				"up": {"uv": [0, 0, 1, 0.5], "rotation": 270, "texture": "#2"},
				"down": {"uv": [0, 0, 1, 0.5], "rotation": 270, "texture": "#2"}
			}
		},
		{
			"name": "hoods1_2",
			"from": [5.325, 21.745, 1],
			"to": [10.685, 22.005, 5],
			"rotation": {"angle": 0, "axis": "y", "origin": [2, 4, -1]},
			"faces": {
				"north": {"uv": [0, 0, 0.5, 0.5], "texture": "#2"},
				"east": {"uv": [0, 0, 1, 0.5], "texture": "#2"},
				"west": {"uv": [0, 0, 1, 0.5], "texture": "#2"},
				"up": {"uv": [0, 0, 1, 0.5], "texture": "#2"},
				"down": {"uv": [0, 0, 1, 0.5], "texture": "#2"}
			}
		},
		{
			"name": "hoods1_1",
			"from": [11.95, 19.675, 4],
			"to": [12.2, 20.5, 5],
			"rotation": {"angle": 0, "axis": "y", "origin": [2, 4, -1]},
			"faces": {
				"north": {"uv": [0, 0, 0.5, 1], "texture": "#2"},
				"east": {"uv": [0, 0, 0.5, 1], "texture": "#2"},
				"west": {"uv": [0, 0, 0.5, 1], "texture": "#2"},
				"up": {"uv": [0, 0, 0.5, 0.5], "texture": "#2"},
				"down": {"uv": [0, 0, 0.5, 0.5], "texture": "#2"}
			}
		},
		{
			"name": "hoods1_3",
			"from": [11.625, 20.425, 3],
			"to": [11.9, 21.1, 5],
			"rotation": {"angle": 22.5, "axis": "z", "origin": [11.875, 21.225, 5]},
			"faces": {
				"north": {"uv": [0, 0, 0.5, 0.5], "texture": "#2"},
				"east": {"uv": [0, 0, 1, 0.5], "texture": "#2"},
				"west": {"uv": [0, 0, 1, 0.5], "texture": "#2"},
				"up": {"uv": [0, 0, 0.5, 1], "texture": "#2"},
				"down": {"uv": [0, 0, 0.5, 1], "texture": "#2"}
			}
		},
		{
			"name": "hoods1_3",
			"from": [11.575, 21.1, 3],
			"to": [11.85, 21.975, 5],
			"rotation": {"angle": 45, "axis": "z", "origin": [11.875, 21.225, 5]},
			"faces": {
				"north": {"uv": [0, 0, 0.5, 0.5], "texture": "#2"},
				"east": {"uv": [0, 0, 1, 0.5], "texture": "#2"},
				"west": {"uv": [0, 0, 1, 0.5], "texture": "#2"},
				"up": {"uv": [0, 0, 0.5, 1], "texture": "#2"},
				"down": {"uv": [0, 0, 0.5, 1], "texture": "#2"}
			}
		},
		{
			"name": "hoods1_3",
			"from": [10.475, 21.214, 1],
			"to": [11.175, 21.489, 5],
			"rotation": {"angle": -22.5, "axis": "z", "origin": [11.875, 21.225, 5]},
			"faces": {
				"north": {"uv": [0, 0, 0.5, 0.5], "rotation": 90, "texture": "#2"},
				"east": {"uv": [0, 0, 0.5, 1], "rotation": 270, "texture": "#2"},
				"west": {"uv": [0, 0, 0.5, 1], "rotation": 270, "texture": "#2"},
				"up": {"uv": [0, 0, 1, 0.5], "rotation": 270, "texture": "#2"},
				"down": {"uv": [0, 0, 1, 0.5], "rotation": 270, "texture": "#2"}
			}
		},
		{
			"name": "hoods1_1",
			"from": [3.8, 19.675, 4],
			"to": [4.05, 20.5, 5],
			"rotation": {"angle": 0, "axis": "y", "origin": [-2, 4, -1]},
			"faces": {
				"north": {"uv": [0, 0, 0.5, 1], "texture": "#2"},
				"east": {"uv": [0, 0, 0.5, 1], "texture": "#2"},
				"west": {"uv": [0, 0, 0.5, 1], "texture": "#2"},
				"up": {"uv": [0, 0, 0.5, 0.5], "texture": "#2"},
				"down": {"uv": [0, 0, 0.5, 0.5], "texture": "#2"}
			}
		},
		{
			"name": "hoods1_3",
			"from": [4.392, 18.992, 3],
			"to": [4.667, 19.667, 5],
			"rotation": {"angle": -22.5, "axis": "z", "origin": [7.875, 21.225, 5]},
			"faces": {
				"north": {"uv": [0, 0, 0.5, 0.5], "texture": "#2"},
				"east": {"uv": [0, 0, 1, 0.5], "texture": "#2"},
				"west": {"uv": [0, 0, 1, 0.5], "texture": "#2"},
				"up": {"uv": [0, 0, 0.5, 1], "texture": "#2"},
				"down": {"uv": [0, 0, 0.5, 1], "texture": "#2"}
			}
		},
		{
			"name": "hoods1_3",
			"from": [5.103, 23.572, 3],
			"to": [5.978, 23.847, 5],
			"rotation": {"angle": 45, "axis": "z", "origin": [7.875, 21.225, 5]},
			"faces": {
				"north": {"uv": [0, 0, 0.5, 0.5], "rotation": 90, "texture": "#2"},
				"east": {"uv": [0, 0, 0.5, 1], "rotation": 270, "texture": "#2"},
				"west": {"uv": [0, 0, 0.5, 1], "rotation": 270, "texture": "#2"},
				"up": {"uv": [0, 0, 1, 0.5], "rotation": 270, "texture": "#2"},
				"down": {"uv": [0, 0, 1, 0.5], "rotation": 270, "texture": "#2"}
			}
		},
		{
			"name": "hoods1_3",
			"from": [5.119, 22.647, 1],
			"to": [5.819, 22.922, 5],
			"rotation": {"angle": 22.5, "axis": "z", "origin": [7.875, 21.225, 5]},
			"faces": {
				"north": {"uv": [0, 0, 0.5, 0.5], "rotation": 90, "texture": "#2"},
				"east": {"uv": [0, 0, 0.5, 1], "rotation": 270, "texture": "#2"},
				"west": {"uv": [0, 0, 0.5, 1], "rotation": 270, "texture": "#2"},
				"up": {"uv": [0, 0, 1, 0.5], "rotation": 270, "texture": "#2"},
				"down": {"uv": [0, 0, 1, 0.5], "rotation": 270, "texture": "#2"}
			}
		}
	],
	"groups": [
		{
			"name": "hv_hp",
			"origin": [8, 8, 8],
			"color": 0,
			"children": [
				{
					"name": "hp",
					"origin": [-8, 16, -27],
					"color": 0,
					"children": [
						{
							"name": "lamps",
							"origin": [4, 29, -23],
							"color": 0,
							"children": [0, 1, 2, 3]
						},
						{
							"name": "shield",
							"origin": [-14, 16, -28],
							"color": 0,
							"children": [4, 5, 6, 7, 8, 9, 10, 11, 12, 13, 14, 15, 16]
						},
						{
							"name": "mast",
							"origin": [-8, 16, -27],
							"color": 0,
							"children": []
						},
						{
							"name": "hood1",
							"origin": [0, 0, 0],
							"color": 0,
							"children": [
								17,
								18,
								19,
								20,
								21,
								22,
								23,
								24,
								25,
								{
									"name": "hood1",
									"origin": [0, 0, 0],
									"color": 0,
									"children": [26, 27, 28, 29, 30, 31, 32, 33, 34]
								}
							]
						}
					]
				}
			]
		}
	]
}