{
	"credit": "Made with Blockbench by Mc_Jeronimo",
	"texture_size": [32, 32],
	"textures": {
		"particle": "opensignals:blocks/default/mast"
	},
	"elements": [
		{
			"name": "mast",
			"from": [5, 0, -8],
			"to": [11, 1, 2],
			"faces": {
				"north": {"uv": [0, 0, 3, 0.5], "texture": "#particle"},
				"east": {"uv": [0, 0, 5, 0.5], "texture": "#particle"},
				"south": {"uv": [0, 0, 3, 0.5], "texture": "#particle"},
				"west": {"uv": [0, 0, 5, 0.5], "texture": "#particle"},
				"up": {"uv": [0, 0, 3, 5], "texture": "#particle"},
				"down": {"uv": [0, 0, 3, 5], "texture": "#particle"}
			}
		},
		{
			"name": "mast",
			"from": [5, 0, 2],
			"to": [11, 1, 18],
			"faces": {
				"north": {"uv": [0, 0, 3, 0.5], "texture": "#particle"},
				"east": {"uv": [0, 0, 8, 0.5], "texture": "#particle"},
				"south": {"uv": [0, 0, 3, 0.5], "texture": "#particle"},
				"west": {"uv": [0, 0, 8, 0.5], "texture": "#particle"},
				"up": {"uv": [0, 0, 3, 8], "texture": "#particle"},
				"down": {"uv": [0, 0, 3, 8], "texture": "#particle"}
			}
		},
		{
			"name": "mast",
			"from": [7.5, 1, -8],
			"to": [8.5, 6, -7],
			"rotation": {"angle": 0, "axis": "y", "origin": [0, 0, -9]},
			"faces": {
				"north": {"uv": [0, 0, 0.5, 2.5], "texture": "#particle"},
				"east": {"uv": [0, 0, 0.5, 2.5], "texture": "#particle"},
				"south": {"uv": [0, 0, 0.5, 2.5], "texture": "#particle"},
				"west": {"uv": [0, 0, 0.5, 2.5], "texture": "#particle"},
				"up": {"uv": [0, 0, 0.5, 0.5], "texture": "#particle"},
				"down": {"uv": [0, 0, 0.5, 0.5], "texture": "#particle"}
			}
		},
		{
			"name": "mast",
			"from": [15, 5, 8],
			"to": [16, 16, 9],
			"rotation": {"angle": 0, "axis": "y", "origin": [0, 0, -9]},
			"faces": {
				"north": {"uv": [0, 0, 0.5, 5.5], "texture": "#particle"},
				"east": {"uv": [0, 0, 0.5, 5.5], "texture": "#particle"},
				"south": {"uv": [0, 0, 0.5, 5.5], "texture": "#particle"},
				"west": {"uv": [0, 0, 0.5, 5.5], "texture": "#particle"},
				"up": {"uv": [0, 0, 0.5, 0.5], "texture": "#particle"},
				"down": {"uv": [0, 0, 0.5, 0.5], "texture": "#particle"}
			}
		},
		{
			"name": "mast",
			"from": [15, 5, 17],
			"to": [16, 16, 18],
			"rotation": {"angle": 0, "axis": "y", "origin": [0, 0, -9]},
			"faces": {
				"north": {"uv": [0, 0, 0.5, 5.5], "texture": "#particle"},
				"east": {"uv": [0, 0, 0.5, 5.5], "texture": "#particle"},
				"south": {"uv": [0, 0, 0.5, 5.5], "texture": "#particle"},
				"west": {"uv": [0, 0, 0.5, 5.5], "texture": "#particle"},
				"up": {"uv": [0, 0, 0.5, 0.5], "texture": "#particle"},
				"down": {"uv": [0, 0, 0.5, 0.5], "texture": "#particle"}
			}
		},
		{
			"name": "mast",
			"from": [0, 5, 17],
			"to": [1, 16, 18],
			"rotation": {"angle": 0, "axis": "y", "origin": [0, 0, -9]},
			"faces": {
				"north": {"uv": [0, 0, 0.5, 5.5], "texture": "#particle"},
				"east": {"uv": [0, 0, 0.5, 5.5], "texture": "#particle"},
				"south": {"uv": [0, 0, 0.5, 5.5], "texture": "#particle"},
				"west": {"uv": [0, 0, 0.5, 5.5], "texture": "#particle"},
				"up": {"uv": [0, 0, 0.5, 0.5], "texture": "#particle"},
				"down": {"uv": [0, 0, 0.5, 0.5], "texture": "#particle"}
			}
		},
		{
			"name": "mast",
			"from": [0, 5, 8],
			"to": [1, 16, 9],
			"rotation": {"angle": 0, "axis": "y", "origin": [0, 0, -9]},
			"faces": {
				"north": {"uv": [0, 0, 0.5, 5.5], "texture": "#particle"},
				"east": {"uv": [0, 0, 0.5, 5.5], "texture": "#particle"},
				"south": {"uv": [0, 0, 0.5, 5.5], "texture": "#particle"},
				"west": {"uv": [0, 0, 0.5, 5.5], "texture": "#particle"},
				"up": {"uv": [0, 0, 0.5, 0.5], "texture": "#particle"},
				"down": {"uv": [0, 0, 0.5, 0.5], "texture": "#particle"}
			}
		},
		{
			"name": "mast",
			"from": [3, -3.75, 17],
			"to": [10, -2.75, 18],
			"rotation": {"angle": -45, "axis": "z", "origin": [12.5, 4, 8.5]},
			"faces": {
				"north": {"uv": [0, 0, 0.5, 3.5], "rotation": 90, "texture": "#particle"},
				"east": {"uv": [0, 0, 0.5, 0.5], "rotation": 90, "texture": "#particle"},
				"south": {"uv": [0, 0, 0.5, 3.5], "rotation": 90, "texture": "#particle"},
				"west": {"uv": [0, 0, 0.5, 0.5], "rotation": 90, "texture": "#particle"},
				"up": {"uv": [0, 0, 0.5, 3.5], "rotation": 90, "texture": "#particle"},
				"down": {"uv": [0, 0, 0.5, 3.5], "rotation": 90, "texture": "#particle"}
			}
		},
		{
			"name": "mast",
			"from": [3, -3.75, 8],
			"to": [10, -2.75, 9],
			"rotation": {"angle": -45, "axis": "z", "origin": [12.5, 4, 8.5]},
			"faces": {
				"north": {"uv": [0, 0, 0.5, 3.5], "rotation": 90, "texture": "#particle"},
				"east": {"uv": [0, 0, 0.5, 0.5], "rotation": 90, "texture": "#particle"},
				"south": {"uv": [0, 0, 0.5, 3.5], "rotation": 90, "texture": "#particle"},
				"west": {"uv": [0, 0, 0.5, 0.5], "rotation": 90, "texture": "#particle"},
				"up": {"uv": [0, 0, 0.5, 3.5], "rotation": 90, "texture": "#particle"},
				"down": {"uv": [0, 0, 0.5, 3.5], "rotation": 90, "texture": "#particle"}
			}
		},
		{
			"name": "mast",
			"from": [3, -3.75, 0],
			"to": [10, -2.75, 1],
			"rotation": {"angle": -45, "axis": "z", "origin": [12.5, 4, 8.5]},
			"faces": {
				"north": {"uv": [0, 0, 0.5, 3.5], "rotation": 90, "texture": "#particle"},
				"east": {"uv": [0, 0, 0.5, 0.5], "rotation": 90, "texture": "#particle"},
				"south": {"uv": [0, 0, 0.5, 3.5], "rotation": 90, "texture": "#particle"},
				"west": {"uv": [0, 0, 0.5, 0.5], "rotation": 90, "texture": "#particle"},
				"up": {"uv": [0, 0, 0.5, 3.5], "rotation": 90, "texture": "#particle"},
				"down": {"uv": [0, 0, 0.5, 3.5], "rotation": 90, "texture": "#particle"}
			}
		},
		{
			"name": "mast",
			"from": [3, -3.75, -8],
			"to": [10, -2.75, -7],
			"rotation": {"angle": -45, "axis": "z", "origin": [12.5, 4, 8.5]},
			"faces": {
				"north": {"uv": [0, 0, 0.5, 3.5], "rotation": 90, "texture": "#particle"},
				"east": {"uv": [0, 0, 0.5, 0.5], "rotation": 90, "texture": "#particle"},
				"south": {"uv": [0, 0, 0.5, 3.5], "rotation": 90, "texture": "#particle"},
				"west": {"uv": [0, 0, 0.5, 0.5], "rotation": 90, "texture": "#particle"},
				"up": {"uv": [0, 0, 0.5, 3.5], "rotation": 90, "texture": "#particle"},
				"down": {"uv": [0, 0, 0.5, 3.5], "rotation": 90, "texture": "#particle"}
			}
		},
		{
			"name": "mast",
			"from": [13, 0.1, 8],
			"to": [14, 7.1, 9],
			"rotation": {"angle": -45, "axis": "z", "origin": [12.5, 4, 17.5]},
			"faces": {
				"north": {"uv": [0, 0, 0.5, 3.5], "texture": "#particle"},
				"east": {"uv": [0, 0, 0.5, 3.5], "texture": "#particle"},
				"south": {"uv": [0, 0, 0.5, 3.5], "texture": "#particle"},
				"west": {"uv": [0, 0, 0.5, 3.5], "texture": "#particle"},
				"up": {"uv": [0, 0, 0.5, 0.5], "texture": "#particle"},
				"down": {"uv": [0, 0, 0.5, 0.5], "texture": "#particle"}
			}
		},
		{
			"name": "mast",
			"from": [13, 0.1, 17],
			"to": [14, 7.1, 18],
			"rotation": {"angle": -45, "axis": "z", "origin": [12.5, 4, 17.5]},
			"faces": {
				"north": {"uv": [0, 0, 0.5, 3.5], "texture": "#particle"},
				"east": {"uv": [0, 0, 0.5, 3.5], "texture": "#particle"},
				"south": {"uv": [0, 0, 0.5, 3.5], "texture": "#particle"},
				"west": {"uv": [0, 0, 0.5, 3.5], "texture": "#particle"},
				"up": {"uv": [0, 0, 0.5, 0.5], "texture": "#particle"},
				"down": {"uv": [0, 0, 0.5, 0.5], "texture": "#particle"}
			}
		},
		{
			"name": "mast",
			"from": [0, 5, -8],
			"to": [1, 6, 8],
			"faces": {
				"north": {"uv": [0, 0, 0.5, 0.5], "texture": "#particle"},
				"east": {"uv": [0, 0, 8, 0.5], "texture": "#particle"},
				"south": {"uv": [0, 0, 0.5, 0.5], "texture": "#particle"},
				"west": {"uv": [0, 0, 8, 0.5], "texture": "#particle"},
				"up": {"uv": [0, 0, 0.5, 8], "texture": "#particle"},
				"down": {"uv": [0, 0, 0.5, 8], "texture": "#particle"}
			}
		},
		{
			"name": "mast",
			"from": [15, 5, 9],
			"to": [16, 6, 17],
			"faces": {
				"north": {"uv": [0, 0, 0.5, 0.5], "texture": "#particle"},
				"east": {"uv": [0, 0, 4, 0.5], "texture": "#particle"},
				"south": {"uv": [0, 0, 0.5, 0.5], "texture": "#particle"},
				"west": {"uv": [0, 0, 4, 0.5], "texture": "#particle"},
				"up": {"uv": [0, 0, 0.5, 4], "texture": "#particle"},
				"down": {"uv": [0, 0, 0.5, 4], "texture": "#particle"}
			}
		},
		{
			"name": "mast",
			"from": [0, 5, 9],
			"to": [1, 6, 17],
			"faces": {
				"north": {"uv": [0, 0, 0.5, 0.5], "texture": "#particle"},
				"east": {"uv": [0, 0, 4, 0.5], "texture": "#particle"},
				"south": {"uv": [0, 0, 0.5, 0.5], "texture": "#particle"},
				"west": {"uv": [0, 0, 4, 0.5], "texture": "#particle"},
				"up": {"uv": [0, 0, 0.5, 4], "texture": "#particle"},
				"down": {"uv": [0, 0, 0.5, 4], "texture": "#particle"}
			}
		},
		{
			"name": "mast",
			"from": [15, 15, 9],
			"to": [16, 16, 17],
			"faces": {
				"north": {"uv": [0, 0, 0.5, 0.5], "texture": "#particle"},
				"east": {"uv": [0, 0, 4, 0.5], "texture": "#particle"},
				"south": {"uv": [0, 0, 0.5, 0.5], "texture": "#particle"},
				"west": {"uv": [0, 0, 4, 0.5], "texture": "#particle"},
				"up": {"uv": [0, 0, 0.5, 4], "texture": "#particle"},
				"down": {"uv": [0, 0, 0.5, 4], "texture": "#particle"}
			}
		},
		{
			"name": "mast",
			"from": [0, 15, 9],
			"to": [1, 16, 17],
			"faces": {
				"north": {"uv": [0, 0, 0.5, 0.5], "texture": "#particle"},
				"east": {"uv": [0, 0, 4, 0.5], "texture": "#particle"},
				"south": {"uv": [0, 0, 0.5, 0.5], "texture": "#particle"},
				"west": {"uv": [0, 0, 4, 0.5], "texture": "#particle"},
				"up": {"uv": [0, 0, 0.5, 4], "texture": "#particle"},
				"down": {"uv": [0, 0, 0.5, 4], "texture": "#particle"}
			}
		},
		{
			"name": "mast",
			"from": [1, 5, -8],
			"to": [7.5, 6, -7],
			"faces": {
				"north": {"uv": [0, 0, 3.25, 0.5], "texture": "#particle"},
				"east": {"uv": [0, 0, 0.5, 0.5], "texture": "#particle"},
				"south": {"uv": [0, 0, 3.25, 0.5], "texture": "#particle"},
				"west": {"uv": [0, 0, 0.5, 0.5], "texture": "#particle"},
				"up": {"uv": [0, 0, 3.25, 0.5], "texture": "#particle"},
				"down": {"uv": [0, 0, 3.25, 0.5], "texture": "#particle"}
			}
		},
		{
			"name": "mast",
			"from": [1, 5, 17],
			"to": [15, 6, 18],
			"faces": {
				"north": {"uv": [0, 0, 7, 0.5], "texture": "#particle"},
				"east": {"uv": [0, 0, 0.5, 0.5], "texture": "#particle"},
				"south": {"uv": [0, 0, 7, 0.5], "texture": "#particle"},
				"west": {"uv": [0, 0, 0.5, 0.5], "texture": "#particle"},
				"up": {"uv": [0, 0, 7, 0.5], "texture": "#particle"},
				"down": {"uv": [0, 0, 7, 0.5], "texture": "#particle"}
			}
		},
		{
			"name": "mast",
			"from": [1, 5, 8],
			"to": [15, 6, 9],
			"faces": {
				"north": {"uv": [0, 0, 7, 0.5], "texture": "#particle"},
				"east": {"uv": [0, 0, 0.5, 0.5], "texture": "#particle"},
				"south": {"uv": [0, 0, 7, 0.5], "texture": "#particle"},
				"west": {"uv": [0, 0, 0.5, 0.5], "texture": "#particle"},
				"up": {"uv": [0, 0, 7, 0.5], "texture": "#particle"},
				"down": {"uv": [0, 0, 7, 0.5], "texture": "#particle"}
			}
		},
		{
			"name": "mast",
			"from": [1, 15, 8],
			"to": [15, 16, 9],
			"faces": {
				"north": {"uv": [0, 0, 7, 0.5], "texture": "#particle"},
				"east": {"uv": [0, 0, 0.5, 0.5], "texture": "#particle"},
				"south": {"uv": [0, 0, 7, 0.5], "texture": "#particle"},
				"west": {"uv": [0, 0, 0.5, 0.5], "texture": "#particle"},
				"up": {"uv": [0, 0, 7, 0.5], "texture": "#particle"},
				"down": {"uv": [0, 0, 7, 0.5], "texture": "#particle"}
			}
		},
		{
			"name": "mast",
			"from": [1, 15, 17],
			"to": [15, 16, 18],
			"faces": {
				"north": {"uv": [0, 0, 7, 0.5], "texture": "#particle"},
				"east": {"uv": [0, 0, 0.5, 0.5], "texture": "#particle"},
				"south": {"uv": [0, 0, 7, 0.5], "texture": "#particle"},
				"west": {"uv": [0, 0, 0.5, 0.5], "texture": "#particle"},
				"up": {"uv": [0, 0, 7, 0.5], "texture": "#particle"},
				"down": {"uv": [0, 0, 7, 0.5], "texture": "#particle"}
			}
		}
	],
	"groups": [
		{
			"name": "mast_down",
			"origin": [-17, -8, 20],
			"color": 0,
			"children": [0, 1, 2, 3, 4, 5, 6, 7, 8, 9, 10, 11, 12, 13, 14, 15, 16, 17, 18, 19, 20, 21, 22]
		}
	]
}