{
	"textures": {
		"lamp_green": "opensignals:blocks/projekt675signale/lamps/lamp_green",
		"lamp_white": "opensignals:blocks/projekt675signale/lamps/lamp_white",
		"lamp_red": "opensignals:blocks/projekt675signale/lamps/lamp_red",
		"lamp_yellow": "opensignals:blocks/projekt675signale/lamps/lamp_yellow"
	},
	"models": {
		"projekt675signale/hv59/hv_base": {
			"textures": [
				{}
			],
			"y": 0
		},
		"projekt675signale/hv59/hv_ne2": {
			"textures": [
				{
					"blockstate": "hasandis(ne2)"
				}
			],
			"y": 0
		},
		"projekt675signale/hv59/hv_mast1": {
			"textures": [
				{}
			],
			"y": 1
		},
		"projekt675signale/hv59/hv_mast2": {
			"textures": [
				{}
			],
			"y": 2
		},
		"projekt675signale/hv59/hv_mast3": {
			"textures": [
				{}
			],
			"y": 3
		},
		"projekt675signale/hv59/hv_mast4": {
			"textures": [
				{}
			],
			"y": 4
		},
		"projekt675signale/hv59/hv_zs1": {
			"textures": [
				{
					"blockstate": "hasandis(ZS1)",
					"retexture": {
						"lamp1north": "lamp_white"
					}
				},
				{
					"blockstate": "hasandisnot(ZS1)"
				}
			],
			"y": 4.4
		},
		"projekt675signale/hv59/hv_zs7": {
			"textures": [
				{
					"blockstate": "hasandis(ZS7)",
					"retexture": {
						"lamp1north": "lamp_yellow"
					}
				},
				{
					"blockstate": "hasandisnot(ZS7)"
				}
			],
			"y": 4.6
		},
		"projekt675signale/hv59/hv_number": {
			"textures": [
				{
					"blockstate": "hasandis(CUSTOMNAME)"
				}
			],
			"y": 2
		},
		"projekt675signale/hv59/hv_exit": {
			"textures": [
				{
					"blockstate": "with(HV59EXIT.OFF) && with(HVTYPE59.EXIT)"
				},
				{
					"blockstate": "with(HV59EXIT.HP0) && with(HVTYPE59.EXIT)",
					"retexture": {
						"lamp_red_primarynorth": "lamp_red",
						"lamp_red_secondarynorth": "lamp_red"
					}
				},
				{
					"blockstate": "with(HV59EXIT.HP1) && with(HVTYPE59.EXIT)",
					"retexture": {
						"lamp_greennorth": "lamp_green"
					}
				},
				{
					"blockstate": "with(HV59EXIT.HP2) && with(HVTYPE59.EXIT)",
					"retexture": {
						"lamp_greennorth": "lamp_green",
						"lamp_yellownorth": "lamp_yellow"
					}
				},
				{
					"blockstate": "with(HV59EXIT.SHUNTING) && with(HVTYPE59.EXIT)",
					"retexture": {
						"lamp_red_primarynorth": "lamp_red",
						"lamp_white_sh_1north": "lamp_white",
						"lamp_white_sh_2north": "lamp_white"
					}
				}
			],
			"y": 5.4
		},
		"projekt675signale/hv59/hv_home": {
			"textures": [
				{
					"blockstate": "with(HV59ENTRY.OFF) && with(HVTYPE59.ENTRY)"
				},
				{
					"blockstate": "with(HV59ENTRY.HP0) && with(HVTYPE59.ENTRY)",
					"retexture": {
						"lamp_red_primarynorth": "lamp_red"
					}
				},
				{
					"blockstate": "with(HV59ENTRY.HP0_ALTERNATE_RED) && with(HVTYPE59.ENTRY)",
					"retexture": {
						"lamp_red_secondarynorth": "lamp_red"
					}
				},
				{
					"blockstate": "with(HV59ENTRY.HP1) && with(HVTYPE59.ENTRY)",
					"retexture": {
						"lamp_greennorth": "lamp_green"
					}
				},
				{
					"blockstate": "with(HV59ENTRY.HP2) && with(HVTYPE59.ENTRY)",
					"retexture": {
						"lamp_greennorth": "lamp_green",
						"lamp_yellownorth": "lamp_yellow"
					}
				}
			],
			"y": 5.4
		},
		"projekt675signale/hv59/hv_vr": {
			"textures": [
				{
					"blockstate": "with(DISTANTSIGNAL59.OFF)"
				},
				{
					"blockstate": "with(DISTANTSIGNAL59.VR0)",
					"retexture": {
						"lamp_yellow_1north": "lamp_yellow",
						"lamp_yellow_2north": "lamp_yellow"
					}
				},
				{
					"blockstate": "with(DISTANTSIGNAL59.VR1)",
					"retexture": {
						"lamp_green_1north": "lamp_green",
						"lamp_green_2north": "lamp_green"
					}
				},
				{
					"blockstate": "with(DISTANTSIGNAL59.VR2)",
					"retexture": {
						"lamp_green_1north": "lamp_green",
						"lamp_yellow_2north": "lamp_yellow"
					}
				}
			],
			"y": 4
		},
		"projekt675signale/hv59/hv_vr_statuslight": {
			"textures": [
				{
					"blockstate": "hasandisnot(VRLIGHT59) && has(DISTANTSIGNAL59)"
				},
				{
					"blockstate": "hasandis(VRLIGHT59) && has(DISTANTSIGNAL59)",
					"retexture": {
						"lamp_white_identifiernorth": "lamp_white"
					}
				}
			],
			"y": 4
		},
		"projekt675signale/hv59/hv_zs3": {
			"textures": [
				{
					"blockstate": "(has(HV59EXIT) || has(HV59ENTRY))",
					"extentions": {
						"zs32digital.json": {
							"zs3": "signal"
						}
					}
				}
			],
			"y": 6.9
		},
		"projekt675signale/hv59/hv_zs3v": {
			"textures": [
				{
					"blockstate": "has(DISTANTSIGNAL59)",
					"extentions": {
						"zs32v.json": {
							"zs3v": "signal"
						}
					}
				}
			],
			"y": 3
		},
		"projekt675signale/zs/zs3": {
			"textures": [
				{
					"loadOFFstate": false,
					"blockstate": "(has(HV59EXIT) || has(HV59ENTRY)) && !has(ZS3) && !with(ZS3PLATE.OFF)",
					"extentions": {
						"zs32plate.json": {
							"zs3plate": "overlay"
						}
					}
				}
			],
			"y": 6.9
		},
		"projekt675signale/zs/zs3v": {
			"textures": [
				{
					"loadOFFstate": false,
					"blockstate": "!has(ZS3V) && has(DISTANTSIGNAL59) && !with(ZS3VPLATE.OFF)",
					"extentions": {
						"zs32vplate.json": {
							"zs3vplate": "overlay"
						}
					}
				}
			],
			"y": 2.9
		},
		"projekt675signale/hv59/hv_sign": {
			"textures": [
				{
					"blockstate": "",
					"extentions": {
						"mastsigns675.json": {
							"mastsign": "2"
						}
					}
				}
			],
			"y": 1
		},
        "projekt675signale/zs/zs12": {
            "textures": [
                {
                    "blockstate": "hasandis(ZS12)"
                }
            ],
            "y": 2.8125
        }
	}
}