{
	"textures": {
		"lamp_green": "opensignals:blocks/projekt675signale/lamps/lamp_green",
		"lamp_white": "opensignals:blocks/projekt675signale/lamps/lamp_white",
		"lamp_red": "opensignals:blocks/projekt675signale/lamps/lamp_red",
		"lamp_yellow": "opensignals:blocks/projekt675signale/lamps/lamp_yellow"
	},
	"models": {
		"hv/bridge_mast_down": {
			"textures": [
				{}
			],
			"y": 0
		},
		"hv/bridge_mast": {
			"textures": [
				{
					"y": 0
				},
				{
					"y": 1
				},
				{
					"y": 2
				},
				{
					"y": 3
				}
			],
			"y": 1
		},
		"projekt675signale/hv69/hv_ne2": {
			"textures": [
				{
					"blockstate": "hasandis(ne2)"
				}
			],
			"y": 2.5
		},
		"projekt675signale/hv69/hv_zs1": {
			"textures": [
				{
					"blockstate": "hasandis(ZS1)",
					"retexture": {
						"lamp1north": "lamp_white"
					}
				},
				{
					"blockstate": "hasandisnot(ZS1)"
				}
			],
			"y": 1.4
		},
		"projekt675signale/hv69/hv_zs7": {
			"textures": [
				{
					"blockstate": "hasandis(ZS7)",
					"retexture": {
						"lamp1north": "lamp_yellow"
					}
				},
				{
					"blockstate": "hasandisnot(ZS7)"
				}
			],
			"y": 1.6
		},
		"projekt675signale/hv69/hv_number": {
			"textures": [
				{
					"blockstate": "hasandis(CUSTOMNAME)"
				}
			],
			"y": -0.5,
			"z": -1
		},
		"projekt675signale/hv69/bridge_hv_exit": {
			"textures": [
				{
					"blockstate": "with(HV69EXIT.OFF) && with(HVTYPE69.EXIT)"
				},
				{
					"blockstate": "with(HV69EXIT.HP0) && with(HVTYPE69.EXIT)",
					"retexture": {
						"lamp_red_primarynorth": "lamp_red",
						"lamp_red_secondarynorth": "lamp_red"
					}
				},
				{
					"blockstate": "with(HV69EXIT.HP1) && with(HVTYPE69.EXIT)",
					"retexture": {
						"lamp_greennorth": "lamp_green"
					}
				},
				{
					"blockstate": "with(HV69EXIT.HP2) && with(HVTYPE69.EXIT)",
					"retexture": {
						"lamp_greennorth": "lamp_green",
						"lamp_yellownorth": "lamp_yellow"
					}
				},
				{
					"blockstate": "with(HV69EXIT.SHUNTING) && with(HVTYPE69.EXIT)",
					"retexture": {
						"lamp_red_primarynorth": "lamp_red",
						"lamp_white_sh_1north": "lamp_white",
						"lamp_white_sh_2north": "lamp_white"
					}
				}
			],
			"y": 2.4
		},
		"projekt675signale/hv69/bridge_hv_home": {
			"textures": [
				{
					"blockstate": "with(HV69ENTRY.OFF) && with(HVTYPE69.ENTRY)"
				},
				{
					"blockstate": "with(HV69ENTRY.HP0) && with(HVTYPE69.ENTRY)",
					"retexture": {
						"lamp_red_primarynorth": "lamp_red"
					}
				},
				{
					"blockstate": "with(HV69ENTRY.HP0_ALTERNATE_RED) && with(HVTYPE69.ENTRY)",
					"retexture": {
						"lamp_red_secondarynorth": "lamp_red"
					}
				},
				{
					"blockstate": "with(HV69ENTRY.HP1) && with(HVTYPE69.ENTRY)",
					"retexture": {
						"lamp_greennorth": "lamp_green"
					}
				},
				{
					"blockstate": "with(HV69ENTRY.HP2) && with(HVTYPE69.ENTRY)",
					"retexture": {
						"lamp_greennorth": "lamp_green",
						"lamp_yellownorth": "lamp_yellow"
					}
				}
			],
			"y": 2.4
		},
		"projekt675signale/hv69/bridge_hv_block": {
			"textures": [
				{
					"blockstate": "with(HV69BLOCK.OFF) && with(HVTYPE69.BLOCK)"
				},
				{
					"blockstate": "with(HV69BLOCK.HP0) && with(HVTYPE69.BLOCK)",
					"retexture": {
						"lamp_red_primarynorth": "lamp_red"
					}
				},
				{
					"blockstate": "with(HV69BLOCK.HP1) && with(HVTYPE69.BLOCK)",
					"retexture": {
						"lamp_greennorth": "lamp_green"
					}
				}
			],
			"y": 2.4
		},
		"projekt675signale/hv69/bridge_hv_vr": {
			"textures": [
				{
					"blockstate": "with(DISTANTSIGNAL69.OFF)"
				},
				{
					"blockstate": "with(DISTANTSIGNAL69.VR0)",
					"retexture": {
						"lamp_yellow_1north": "lamp_yellow",
						"lamp_yellow_2north": "lamp_yellow"
					}
				},
				{
					"blockstate": "with(DISTANTSIGNAL69.VR1)",
					"retexture": {
						"lamp_green_1north": "lamp_green",
						"lamp_green_2north": "lamp_green"
					}
				},
				{
					"blockstate": "with(DISTANTSIGNAL69.VR2)",
					"retexture": {
						"lamp_green_1north": "lamp_green",
						"lamp_yellow_2north": "lamp_yellow"
					}
				}
			],
			"y": 1
		},
		"projekt675signale/hv69/hv_vr_statuslight": {
			"textures": [
				{
					"blockstate": "hasandisnot(VRLIGHT69) && has(DISTANTSIGNAL69)"
				},
				{
					"blockstate": "hasandis(VRLIGHT69) && has(DISTANTSIGNAL69)",
					"retexture": {
						"lamp_white_identifiernorth": "lamp_white"
					}
				}
			],
			"y": 1
		},
		"projekt675signale/hv69/hv_identifier": {
			"textures": [
				{
					"blockstate": "hasandis(IDENTIFIER69)",
					"retexture": {
						"lamp_white_identifiernorth": "lamp_white"
					}
				},
				{
					"blockstate": "hasandisnot(IDENTIFIER69)"
				}
			],
			"y": 2.4
		},
		"projekt675signale/hv69/hv_zs3": {
			"textures": [
				{
					"blockstate": "(has(HV69EXIT) || has(HV69ENTRY) || has(HV69BLOCK))",
					"extentions": {
						"zs32digital.json": {
							"zs3": "signal"
						}
					}
				}
			],
			"y": 3.9
		},
		"projekt675signale/hv69/hv_zs3v": {
			"textures": [
				{
					"blockstate": "has(DISTANTSIGNAL69)",
					"extentions": {
						"zs32v.json": {
							"zs3v": "signal"
						}
					}
				}
			],
			"y": 3.9,
			"x": -1,
			"z": 0.625
		},
		"projekt675signale/zs/zs3": {
			"textures": [
				{
					"loadOFFstate": false,
					"blockstate": "(has(HV69EXIT) || has(HV69ENTRY) || has(HV69BLOCK)) && !has(ZS3) && !with(ZS3PLATE.OFF)",
					"extentions": {
						"zs32plate.json": {
							"zs3plate": "overlay"
						}
					}
				}
			],
			"y": 3.9
		},
		"projekt675signale/zs/zs3v": {
			"textures": [
				{
					"loadOFFstate": false,
					"blockstate": "has(DISTANTSIGNAL69) && !has(ZS3V) && !with(ZS3VPLATE.OFF)",
					"extentions": {
						"zs32vplate.json": {
							"zs3vplate": "overlay"
						}
					}
				}
			],
			"y": 4,
			"x": -1,
			"z": 0.625
		},
		"projekt675signale/hv69/hv_sign": {
			"textures": [
				{
					"blockstate": "",
					"extentions": {
						"mastsigns675.json": {
							"mastsign": "2"
						}
					}
				}
			],
			"y": 2.3,
			"x": 0.4
		},
        "projekt675signale/zs/zs12": {
            "textures": [
                {
                    "blockstate": "hasandis(ZS12)"
                }
            ],
            "y": 2.8125
        }
	}
}