{
	"textures": {
		"lamp_green": "opensignals:blocks/projekt675signale/lamps/lamp_green",
		"lamp_white": "opensignals:blocks/projekt675signale/lamps/lamp_white",
		"lamp_red": "opensignals:blocks/projekt675signale/lamps/lamp_red",
		"lamp_yellow": "opensignals:blocks/projekt675signale/lamps/lamp_yellow",
		"lamp_white_blink": "opensignals:blocks/projekt675signale/lamps/lamp_white_blink"
	},
	"models": {
		"hv/bridge_mast_down": {
			"textures": [
				{}
			],
			"y": 0
		},
		"hv/bridge_mast": {
			"textures": [
				{
					"y": 0
				},
				{
					"y": 1
				},
				{
					"y": 2
				},
				{
					"y": 3
				}
			],
			"y": 1
		},
		"projekt675signale/hvk/hv_ne2": {
			"textures": [
				{
					"blockstate": "hasandis(ne2)"
				}
			],
			"y": 2.5
		},
		"projekt675signale/hvk/hv_number": {
			"textures": [
				{
					"blockstate": "hasandis(CUSTOMNAME)"
				}
			],
			"y": -0.5,
			"z": -1
		},
		"projekt675signale/hvk/bridgehv_exit": {
			"textures": [
				{
					"blockstate": "with(HVGEXIT.OFF) && with(HVTYPEG.EXIT)"
				},
				{
					"blockstate": "with(HVGEXIT.HP0) && with(HVTYPEG.EXIT)",
					"retexture": {
						"lamp_red_primarynorth": "lamp_red",
						"lamp_red_secondarynorth": "lamp_red"
					}
				},
				{
					"blockstate": "with(HVGEXIT.HP1) && with(HVTYPEG.EXIT)",
					"retexture": {
						"lamp_greennorth": "lamp_green"
					}
				},
				{
					"blockstate": "with(HVGEXIT.HP2) && with(HVTYPEG.EXIT)",
					"retexture": {
						"lamp_greennorth": "lamp_green",
						"lamp_yellownorth": "lamp_yellow"
					}
				},
				{
					"blockstate": "with(HVGEXIT.HV_ZS1) && with(HVTYPEG.EXIT)",
					"retexture": {
						"lamp_red_primarynorth": "lamp_red",
						"lamp_red_secondarynorth": "lamp_red",
						"lamp_zs1north": "lamp_white",
						"lamp_zs1_7north": "lamp_white"
					}
				},
				{
					"blockstate": "with(HVGEXIT.HV_ZS7) && with(HVTYPEG.EXIT)",
					"retexture": {
						"lamp_red_primarynorth": "lamp_red",
						"lamp_red_secondarynorth": "lamp_red",
						"lamp_zs1_7north": "lamp_yellow",
						"lamp_kl_zs7north": "lamp_yellow"
					}
				},
				{
					"blockstate": "with(HVGEXIT.HV_ZS8) && with(HVTYPEG.EXIT)",
					"retexture": {
						"lamp_red_primarynorth": "lamp_red",
						"lamp_red_secondarynorth": "lamp_red",
						"lamp_zs1north": "lamp_white_blink",
						"lamp_zs1_7north": "lamp_white_blink"
					}
				},
				{
					"blockstate": "with(HVGEXIT.HV_SHUNTING) && with(HVTYPEG.EXIT)",
					"retexture": {
						"lamp_red_primarynorth": "lamp_red",
						"lamp_sh1north": "lamp_white",
						"lamp_sh2north": "lamp_white"
					}
				},
				{
					"blockstate": "with(HVGEXIT.HV_STATUS_LIGHT) && with(HVTYPEG.EXIT)",
					"retexture": {
						"lamp_kl_zs7north": "lamp_white"
					}
				}
			],
			"y": 2.4
		},
		"projekt675signale/hvk/bridgehv_home": {
			"textures": [
				{
					"blockstate": "with(HVGENTRY.OFF) && with(HVTYPEG.ENTRY)"
				},
				{
					"blockstate": "with(HVGENTRY.HP0) && with(HVTYPEG.ENTRY)",
					"retexture": {
						"lamp_red_primarynorth": "lamp_red"
					}
				},
				{
					"blockstate": "with(HVGENTRY.HP1) && with(HVTYPEG.ENTRY)",
					"retexture": {
						"lamp_greennorth": "lamp_green"
					}
				},
				{
					"blockstate": "with(HVGENTRY.HP2) && with(HVTYPEG.ENTRY)",
					"retexture": {
						"lamp_greennorth": "lamp_green",
						"lamp_yellownorth": "lamp_yellow"
					}
				},
				{
					"blockstate": "with(HVGENTRY.HV_ZS1) && with(HVTYPEG.ENTRY)",
					"retexture": {
						"lamp_red_primarynorth": "lamp_red",
						"lamp_zs1north": "lamp_white",
						"lamp_zs1_7north": "lamp_white"
					}
				},
				{
					"blockstate": "with(HVGENTRY.HV_ZS7) && with(HVTYPEG.ENTRY)",
					"retexture": {
						"lamp_red_primarynorth": "lamp_red",
						"lamp_zs1_7north": "lamp_yellow",
						"lamp_kl_zs7north": "lamp_yellow"
					}
				},
				{
					"blockstate": "with(HVGENTRY.HV_STATUS_LIGHT) && with(HVTYPEG.ENTRY)",
					"retexture": {
						"lamp_kl_zs7north": "lamp_white"
					}
				}
			],
			"y": 2.4
		},
		"projekt675signale/hvk/bridgehv_block": {
			"textures": [
				{
					"blockstate": "with(HVGBLOCK.OFF) && with(HVTYPEG.BLOCK)"
				},
				{
					"blockstate": "with(HVGBLOCK.HP0) && with(HVTYPEG.BLOCK)",
					"retexture": {
						"lamp_red_primarynorth": "lamp_red"
					}
				},
				{
					"blockstate": "with(HVGBLOCK.HP1) && with(HVTYPEG.BLOCK)",
					"retexture": {
						"lamp_greennorth": "lamp_green"
					}
				},
				{
					"blockstate": "with(HVGBLOCK.HV_ZS1) && with(HVTYPEG.BLOCK)",
					"retexture": {
						"lamp_red_primarynorth": "lamp_red",
						"lamp_zs1north": "lamp_white",
						"lamp_zs1_7north": "lamp_white"
					}
				},
				{
					"blockstate": "with(HVGBLOCK.HV_ZS7) && with(HVTYPEG.BLOCK)",
					"retexture": {
						"lamp_red_primarynorth": "lamp_red",
						"lamp_zs1_7north": "lamp_yellow",
						"lamp_kl_zs7north": "lamp_yellow"
					}
				},
				{
					"blockstate": "with(HVGBLOCK.HV_ZS8) && with(HVTYPEG.BLOCK)",
					"retexture": {
						"lamp_red_primarynorth": "lamp_red",
						"lamp_zs1north": "lamp_white_blink",
						"lamp_zs1_7north": "lamp_white_blink"
					}
				},
				{
					"blockstate": "with(HVGBLOCK.HV_STATUS_LIGHT) && with(HVTYPEG.BLOCK)",
					"retexture": {
						"lamp_kl_zs7north": "lamp_white"
					}
				}
			],
			"y": 2.4
		},
		"projekt675signale/hvk/bridgehv_vr": {
			"textures": [
				{
					"blockstate": "with(DISTANTSIGNALHVG.OFF)"
				},
				{
					"blockstate": "with(DISTANTSIGNALHVG.VR0)",
					"retexture": {
						"lamp_yellow_1north": "lamp_yellow",
						"lamp_yellow_2north": "lamp_yellow"
					}
				},
				{
					"blockstate": "with(DISTANTSIGNALHVG.VR1)",
					"retexture": {
						"lamp_green_1north": "lamp_green",
						"lamp_green_2north": "lamp_green"
					}
				},
				{
					"blockstate": "with(DISTANTSIGNALHVG.VR2)",
					"retexture": {
						"lamp_green_1north": "lamp_green",
						"lamp_yellow_2north": "lamp_yellow"
					}
				}
			],
			"y": 1
		},
		"projekt675signale/hvk/hv_vr_statuslight": {
			"textures": [
				{
					"blockstate": "hasandisnot(VRLIGHTHVG) && has(DISTANTSIGNALHVG)"
				},
				{
					"blockstate": "hasandis(VRLIGHTHVG) && has(DISTANTSIGNALHVG)",
					"retexture": {
						"lamp_white_identifiernorth": "lamp_white"
					}
				}
			],
			"y": 1
		},
		"projekt675signale/hvk/hv_zs3": {
			"textures": [
				{
					"blockstate": "(has(HVGEXIT) || has(HVGBLOCK) || has(HVGENTRY))",
					"extentions": {
						"zs32digital.json": {
							"zs3": "signal"
						}
					}
				}
			],
			"y": 3.9
		},
		"projekt675signale/hvk/hv_zs3v": {
			"textures": [
				{
					"blockstate": "has(DISTANTSIGNALHVG)",
					"extentions": {
						"zs32v.json": {
							"zs3v": "signal"
						}
					}
				}
			],
			"y": 3.9,
			"x": -1,
			"z": 0.625
		},
		"projekt675signale/hvk/hv_zs2": {
			"textures": [
				{
					"blockstate": "(has(HVGEXIT) || has(HVGBLOCK) || has(HVGENTRY))",
					"extentions": {
						"zs32digital.json": {
							"zs2": "signal"
						}
					}
				}
			],
			"y": 2.5,
            "x": 1,
            "z": 0.6875
		},
		"projekt675signale/hvk/hv_zs2v": {
			"textures": [
				{
					"blockstate": "has(DISTANTSIGNALHVG)",
					"extentions": {
						"zs32v.json": {
							"zs2v": "signal"
						}
					}
				}
			],
			"y": 2.5,
            "x": -1,
            "z": 0.6875
		},
		"projekt675signale/zs/zs3": {
			"textures": [
				{
					"loadOFFstate": false,
					"blockstate": "(has(HVGEXIT) || has(HVGBLOCK) || has(HVGENTRY)) && !has(ZS3)",
					"extentions": {
						"zs32plate.json": {
							"zs3plate": "overlay"
						}
					}
				}
			],
			"y": 3.9
		},
		"projekt675signale/zs/zs3v": {
			"textures": [
				{
					"loadOFFstate": false,
					"blockstate": "has(DISTANTSIGNALHVG) && !has(ZS3V)",
					"extentions": {
						"zs32vplate.json": {
							"zs3vplate": "overlay"
						}
					}
				}
			],
			"y": 4,
			"x": -1,
			"z": 0.625
		},
		"projekt675signale/hvk/hv_sign": {
			"textures": [
				{
					"blockstate": "",
					"extentions": {
						"mastsigns675.json": {
							"mastsign": "2"
						}
					}
				}
			],
			"y": 2.3,
			"x": 0.4
		},
        "projekt675signale/zs/zs12": {
            "textures": [
                {
                    "blockstate": "hasandis(ZS12)"
                }
            ],
            "y": 2.8125
        }
	}
}