{
    "textures": {
        "lamp_red": "opensignals:blocks/projekt675signale/lamps/lamp_red",
        "lamp_green": "opensignals:blocks/projekt675signale/lamps/lamp_green",
        "lamp_green_blink": "opensignals:blocks/projekt675signale/lamps/lamp_green_blink",
        "lamp_white_blink": "opensignals:blocks/projekt675signale/lamps/lamp_white_blink",
        "lamp_white": "opensignals:blocks/projekt675signale/lamps/lamp_white",
        "lamp_yellow": "opensignals:blocks/projekt675signale/lamps/lamp_yellow"
    },
    "models": {
        "projekt675signale/ksauslegerlinks/ks_base": {
            "textures": [
                {}
            ],
            "y": 0
        },
        "projekt675signale/ksauslegerlinks/ks_ne2": {
            "textures": [
                {
                    "blockstate": "hasandis(NE2)"
                }
            ],
            "y": 1
        },
        "projekt675signale/ksauslegerlinks/ks_mast1": {
            "textures": [
                {}
            ],
            "y": 1
        },
        "projekt675signale/ksauslegerlinks/ks_sign_distant": {
            "textures": [
                {
                    "blockstate": "hasandis(MASTSIGNDISTANT)"
                }
            ],
            "y": 1
        },
        "projekt675signale/ksauslegerlinks/ks_mast2": {
            "textures": [
                {}
            ],
            "y": 2
        },
        "projekt675signale/ksauslegerlinks/ks_number": {
            "textures": [
                {
                    "blockstate": "hasandis(CUSTOMNAME)"
                }
            ],
            "y": 3
        },
        "projekt675signale/ksauslegerlinks/ks_mast4": {
            "textures": [
                {}
            ],
            "y": 3
        },
        "projekt675signale/ksauslegerlinks/ks_mast5": {
            "textures": [
                {}
            ],
            "y": 4
        },
        "projekt675signale/ksauslegerlinks/ks_signal": {
            "textures": [
                {
                    "blockstate": "with(KSL_MAS.OFF) && with(KOMBITYPEL.MAS)"
                },
                {
                    "blockstate": "with(KSL_MAS.HP0) && with(KOMBITYPEL.MAS)",
                    "retexture": {
                        "lamp_rednorth": "lamp_red"
                    }
                },
                {
                    "blockstate": "with(KSL_MAS.KS1) && with(KOMBITYPEL.MAS)",
                    "retexture": {
                        "lamp_greennorth": "lamp_green"
                    }
                },
                {
                    "blockstate": "with(KSL_MAS.KS1_BLINK) && with(KOMBITYPEL.MAS)",
                    "retexture": {
                        "lamp_greennorth": "lamp_green_blink"
                    }
                },
                {
                    "blockstate": "with(KSL_MAS.KS1_BLINK_VKW) && with(KOMBITYPEL.MAS)",
                    "retexture": {
                        "lamp_greennorth": "lamp_green_blink",
                        "lamp_white_kennlichtnorth": "lamp_white"
                    }
                },
                {
                    "blockstate": "with(KSL_MAS.KS2) && with(KOMBITYPEL.MAS)",
                    "retexture": {
                        "lamp_yellownorth": "lamp_yellow"
                    }
                },
                {
                    "blockstate": "with(KSL_MAS.KS2_VKW) && with(KOMBITYPEL.MAS)",
                    "retexture": {
                        "lamp_yellownorth": "lamp_yellow",
                        "lamp_white_kennlichtnorth": "lamp_white"
                    }
                },
                {
                    "blockstate": "with(KSL_MAS.KS_ZS1) && with(KOMBITYPEL.MAS)",
                    "retexture": {
                        "lamp_rednorth": "lamp_red",
                        "lamp_white_sh_zs1north": "lamp_white_blink"
                    }
                },
                {
                    "blockstate": "with(KSL_MAS.KS_ZS7) && with(KOMBITYPEL.MAS)",
                    "retexture": {
                        "lamp_rednorth": "lamp_red",
                        "lamp_white_zs7north": "lamp_yellow"
                    }
                },
                {
                    "blockstate": "with(KSL_MAS.KS_SHUNTING) && with(KOMBITYPEL.MAS)",
                    "retexture": {
                        "lamp_rednorth": "lamp_red",
                        "lamp_white_sh_zs1north": "lamp_white",
                        "lamp_white_shnorth": "lamp_white"
                    }
                },
                {
                    "blockstate": "with(KSL_MAS.KS_STATUS_LIGHT) && with(KOMBITYPEL.MAS)",
                    "retexture": {
                        "lamp_white_kennlichtnorth": "lamp_white"
                    }
                }
            ],
            "y": 5
        },
        "projekt675signale/ksauslegerlinks/ks_signal_main": {
            "textures": [
                {
                    "blockstate": "with(KSL_MAIN.OFF) && with(KOMBITYPEL.MAIN)"
                },
                {
                    "blockstate": "with(KSL_MAIN.HP0) && with(KOMBITYPEL.MAIN)",
                    "retexture": {
                        "lamp_rednorth": "lamp_red"
                    }
                },
                {
                    "blockstate": "with(KSL_MAIN.KS1) && with(KOMBITYPEL.MAIN)",
                    "retexture": {
                        "lamp_greennorth": "lamp_green"
                    }
                },
                {
                    "blockstate": "with(KSL_MAIN.KS_ZS1) && with(KOMBITYPEL.MAIN)",
                    "retexture": {
                        "lamp_rednorth": "lamp_red",
                        "lamp_white_sh_zs1north": "lamp_white_blink"
                    }
                },
                {
                    "blockstate": "with(KSL_MAIN.KS_ZS7) && with(KOMBITYPEL.MAIN)",
                    "retexture": {
                        "lamp_rednorth": "lamp_red",
                        "lamp_white_zs7north": "lamp_yellow"
                    }
                },
                {
                    "blockstate": "with(KSL_MAIN.KS_SHUNTING) && with(KOMBITYPEL.MAIN)",
                    "retexture": {
                        "lamp_rednorth": "lamp_red",
                        "lamp_white_sh_zs1north": "lamp_white",
                        "lamp_white_shnorth": "lamp_white"
                    }
                },
                {
                    "blockstate": "with(KSL_MAIN.KS_STATUS_LIGHT) && with(KOMBITYPEL.MAIN)",
                    "retexture": {
                        "lamp_white_klnorth": "lamp_white"
                    }
                }
            ],
            "y": 5
        },
        "projekt675signale/ksauslegerlinks/ks_signal_dist": {
            "textures": [
                {
                    "blockstate": "with(KSL_DISTANT.OFF) && with(KOMBITYPEL.DISTANT)"
                },
                {
                    "blockstate": "with(KSL_DISTANT.KS1) && with(KOMBITYPEL.DISTANT)",
                    "retexture": {
                        "lamp_greennorth": "lamp_green"
                    }
                },
                {
                    "blockstate": "with(KSL_DISTANT.KS1_BLINK) && with(KOMBITYPEL.DISTANT)",
                    "retexture": {
                        "lamp_greennorth": "lamp_green_blink"
                    }
                },
                {
                    "blockstate": "with(KSL_DISTANT.KS1_BLINK_VKW) && with(KOMBITYPEL.DISTANT)",
                    "retexture": {
                        "lamp_greennorth": "lamp_green_blink",
                        "lamp_white_vkwnorth": "lamp_white"
                    }
                },
                {
                    "blockstate": "with(KSL_DISTANT.KS1_BLINK_WDH) && with(KOMBITYPEL.DISTANT)",
                    "retexture": {
                        "lamp_greennorth": "lamp_green_blink",
                        "lamp_white_kl_wdhnorth": "lamp_white"
                    }
                },
                {
                    "blockstate": "with(KSL_DISTANT.KS2) && with(KOMBITYPEL.DISTANT)",
                    "retexture": {
                        "lamp_yellownorth": "lamp_yellow"
                    }
                },
                {
                    "blockstate": "with(KSL_DISTANT.KS2_VKW) && with(KOMBITYPEL.DISTANT)",
                    "retexture": {
                        "lamp_yellownorth": "lamp_yellow",
                        "lamp_white_vkwnorth": "lamp_white"
                    }
                },
                {
                    "blockstate": "with(KSL_DISTANT.KS2_WDH) && with(KOMBITYPEL.DISTANT)",
                    "retexture": {
                        "lamp_yellownorth": "lamp_yellow",
                        "lamp_white_kl_wdhnorth": "lamp_white"
                    }
                },
                {
                    "blockstate": "with(KSL_DISTANT.KS_STATUS_LIGHT) && with(KOMBITYPEL.DISTANT)",
                    "retexture": {
                        "lamp_white_kl_wdhnorth": "lamp_white"
                    }
                }
            ],
            "y": 5
        },
        "projekt675signale/ksauslegerlinks/ks_sign": {
            "textures": [
                {
                    "blockstate": "",
                    "extentions": {
                        "mastsigns675.json": {
                            "MASTSIGN": "13"
                        }
                    }
                }
            ],
            "y": 2
        },
        "projekt675signale/ksauslegerlinks/ks_zs3": {
            "textures": [
                {
                    "blockstate": "",
                    "extentions": {
                        "zs32digital.json": {
                            "ZS3": "signal"
                        }
                    }
                }
            ],
            "y": 6
        },
        "projekt675signale/ksauslegerlinks/ks_zs3v": {
            "textures": [
                {
                    "blockstate": "",
                    "extentions": {
                        "zs32v.json": {
                            "ZS3V": "signal"
                        }
                    }
                }
            ],
            "y": 4
        },
        "projekt675signale/ksauslegerlinks/ks_zs2": {
            "textures": [
                {
                    "blockstate": "",
                    "extentions": {
                        "zs32digital.json": {
                            "ZS2": "signal"
                        }
                    }
                }
            ],
            "y": 3
        },
        "projekt675signale/ksauslegerlinks/ks_zs2v": {
            "textures": [
                {
                    "blockstate": "",
                    "extentions": {
                        "zs32v.json": {
                            "ZS2V": "signal"
                        }
                    }
                }
            ],
            "y": 3
        },
        "projekt675signale/ksauslegerlinks/zs3": {
            "textures": [
                {
                    "loadOFFstate": false,
                    "blockstate": "",
                    "extentions": {
                        "zs32plate.json": {
                            "ZS3PLATE": "overlay"
                        }
                    }
                }
            ],
            "y": 6.375
        },
        "projekt675signale/ksauslegerlinks/zs3v": {
            "textures": [
                {
                    "loadOFFstate": false,
                    "blockstate": "",
                    "extentions": {
                        "zs32vplate.json": {
                            "ZS3VPLATE": "overlay"
                        }
                    }
                }
            ],
            "y": 4.9
        }
    }
}