{
    "textures": {
        "lamp_red": "opensignals:blocks/projekt675signale/lamps/lamp_red",
        "lamp_green": "opensignals:blocks/projekt675signale/lamps/lamp_green",
        "lamp_green_blink": "opensignals:blocks/projekt675signale/lamps/lamp_green_blink",
        "lamp_white_blink": "opensignals:blocks/projekt675signale/lamps/lamp_white_blink",
        "lamp_white": "opensignals:blocks/projekt675signale/lamps/lamp_white",
        "lamp_yellow": "opensignals:blocks/projekt675signale/lamps/lamp_yellow"
    },
    "models": {
        "hv/bridge_mast_down": {
			"textures": [
				{}
			],
			"y": 0
		},
		"hv/bridge_mast": {
			"textures": [
				{
					"y": 0
				},
				{
					"y": 1
				},
				{
					"y": 2
				}
			],
			"y": 1
		},
        "projekt675signale/ks/ks_ne2": {
            "textures": [
                {
                    "blockstate": "hasandis(NE2)"
                }
            ],
            "y": 2.5,
            "z": -0.125
        },
        "projekt675signale/ks/ks_sign_distant": {
            "textures": [
                {
                    "blockstate": "hasandis(MASTSIGNDISTANT)"
                }
            ],
            "y": 0.3,
			"x": 0.4,
            "z": -0.125
        },
        "projekt675signale/ks/ks_number": {
            "textures": [
                {
                    "blockstate": "hasandis(CUSTOMNAME)"
                }
            ],
            "y": -0.6875,
			"z": -1
        },
        "projekt675signale/ks/ks_signal": {
            "textures": [
                {
                    "blockstate": "with(KSG_MAS.OFF) && with(KOMBITYPEG.MAS)"
                },
                {
                    "blockstate": "with(KSG_MAS.HP0) && with(KOMBITYPEG.MAS)",
                    "retexture": {
                        "lamp_rednorth": "lamp_red"
                    }
                },
                {
                    "blockstate": "with(KSG_MAS.KS1) && with(KOMBITYPEG.MAS)",
                    "retexture": {
                        "lamp_greennorth": "lamp_green"
                    }
                },
                {
                    "blockstate": "with(KSG_MAS.KS1_BLINK) && with(KOMBITYPEG.MAS)",
                    "retexture": {
                        "lamp_greennorth": "lamp_green_blink"
                    }
                },
                {
                    "blockstate": "with(KSG_MAS.KS1_BLINK_VKW) && with(KOMBITYPEG.MAS)",
                    "retexture": {
                        "lamp_greennorth": "lamp_green_blink",
                        "lamp_white_kennlichtnorth": "lamp_white"
                    }
                },
                {
                    "blockstate": "with(KSG_MAS.KS2) && with(KOMBITYPEG.MAS)",
                    "retexture": {
                        "lamp_yellownorth": "lamp_yellow"
                    }
                },
                {
                    "blockstate": "with(KSG_MAS.KS2_VKW) && with(KOMBITYPEG.MAS)",
                    "retexture": {
                        "lamp_yellownorth": "lamp_yellow",
                        "lamp_white_kennlichtnorth": "lamp_white"
                    }
                },
                {
                    "blockstate": "with(KSG_MAS.KS_ZS1) && with(KOMBITYPEG.MAS)",
                    "retexture": {
                        "lamp_rednorth": "lamp_red",
                        "lamp_white_sh_zs1north": "lamp_white_blink"
                    }
                },
                {
                    "blockstate": "with(KSG_MAS.KS_ZS7) && with(KOMBITYPEG.MAS)",
                    "retexture": {
                        "lamp_rednorth": "lamp_red",
                        "lamp_white_zs7north": "lamp_yellow"
                    }
                },
                {
                    "blockstate": "with(KSG_MAS.KS_SHUNTING) && with(KOMBITYPEG.MAS)",
                    "retexture": {
                        "lamp_rednorth": "lamp_red",
                        "lamp_white_sh_zs1north": "lamp_white",
                        "lamp_white_shnorth": "lamp_white"
                    }
                },
                {
                    "blockstate": "with(KSG_MAS.KS_STATUS_LIGHT) && with(KOMBITYPEG.MAS)",
                    "retexture": {
                        "lamp_white_kennlichtnorth": "lamp_white"
                    }
                }
            ],
            "y": 1.5,
            "z": -0.0625
        },
        "projekt675signale/ks/ks_signal_main": {
            "textures": [
                {
                    "blockstate": "with(KSG_MAIN.OFF) && with(KOMBITYPEG.MAIN)"
                },
                {
                    "blockstate": "with(KSG_MAIN.HP0) && with(KOMBITYPEG.MAIN)",
                    "retexture": {
                        "lamp_rednorth": "lamp_red"
                    }
                },
                {
                    "blockstate": "with(KSG_MAIN.KS1) && with(KOMBITYPEG.MAIN)",
                    "retexture": {
                        "lamp_greennorth": "lamp_green"
                    }
                },
                {
                    "blockstate": "with(KSG_MAIN.KS_ZS1) && with(KOMBITYPEG.MAIN)",
                    "retexture": {
                        "lamp_rednorth": "lamp_red",
                        "lamp_white_sh_zs1north": "lamp_white_blink"
                    }
                },
                {
                    "blockstate": "with(KSG_MAIN.KS_ZS7) && with(KOMBITYPEG.MAIN)",
                    "retexture": {
                        "lamp_rednorth": "lamp_red",
                        "lamp_white_zs7north": "lamp_yellow"
                    }
                },
                {
                    "blockstate": "with(KSG_MAIN.KS_SHUNTING) && with(KOMBITYPEG.MAIN)",
                    "retexture": {
                        "lamp_rednorth": "lamp_red",
                        "lamp_white_sh_zs1north": "lamp_white",
                        "lamp_white_shnorth": "lamp_white"
                    }
                },
                {
                    "blockstate": "with(KSG_MAIN.KS_STATUS_LIGHT) && with(KOMBITYPEG.MAIN)",
                    "retexture": {
                        "lamp_white_klnorth": "lamp_white"
                    }
                }
            ],
            "y": 1.5,
            "z": -0.0625
        },
        "projekt675signale/ks/ks_signal_dist": {
            "textures": [
                {
                    "blockstate": "with(KSG_DISTANT.OFF) && with(KOMBITYPEG.DISTANT)"
                },
                {
                    "blockstate": "with(KSG_DISTANT.KS1) && with(KOMBITYPEG.DISTANT)",
                    "retexture": {
                        "lamp_greennorth": "lamp_green"
                    }
                },
                {
                    "blockstate": "with(KSG_DISTANT.KS1_BLINK) && with(KOMBITYPEG.DISTANT)",
                    "retexture": {
                        "lamp_greennorth": "lamp_green_blink"
                    }
                },
                {
                    "blockstate": "with(KSG_DISTANT.KS1_BLINK_VKW) && with(KOMBITYPEG.DISTANT)",
                    "retexture": {
                        "lamp_greennorth": "lamp_green_blink",
                        "lamp_white_vkwnorth": "lamp_white"
                    }
                },
                {
                    "blockstate": "with(KSG_DISTANT.KS1_BLINK_WDH) && with(KOMBITYPEG.DISTANT)",
                    "retexture": {
                        "lamp_greennorth": "lamp_green_blink",
                        "lamp_white_kl_wdhnorth": "lamp_white"
                    }
                },
                {
                    "blockstate": "with(KSG_DISTANT.KS2) && with(KOMBITYPEG.DISTANT)",
                    "retexture": {
                        "lamp_yellownorth": "lamp_yellow"
                    }
                },
                {
                    "blockstate": "with(KSG_DISTANT.KS2_VKW) && with(KOMBITYPEG.DISTANT)",
                    "retexture": {
                        "lamp_yellownorth": "lamp_yellow",
                        "lamp_white_vkwnorth": "lamp_white"
                    }
                },
                {
                    "blockstate": "with(KSG_DISTANT.KS2_WDH) && with(KOMBITYPEG.DISTANT)",
                    "retexture": {
                        "lamp_yellownorth": "lamp_yellow",
                        "lamp_white_kl_wdhnorth": "lamp_white"
                    }
                },
                {
                    "blockstate": "with(KSG_DISTANT.KS_STATUS_LIGHT) && with(KOMBITYPEG.DISTANT)",
                    "retexture": {
                        "lamp_white_kl_wdhnorth": "lamp_white"
                    }
                }
            ],
            "y": 1.5,
            "z": -0.0625
        },
        "projekt675signale/ks/ks_sign": {
            "textures": [
                {
                    "blockstate": "",
                    "extentions": {
                        "mastsigns675.json": {
                            "MASTSIGN": "13"
                        }
                    }
                }
            ],
            "y": 1.3,
			"x": 0.4,
            "z": -0.125
        },
        "projekt675signale/ks/ks_zs3": {
            "textures": [
                {
                    "blockstate": "",
                    "extentions": {
                        "zs32digital.json": {
                            "ZS3": "signal"
                        }
                    }
                }
            ],
            "y": 2.5,
            "z": -0.0625
        },
        "projekt675signale/ks/ks_zs3v": {
            "textures": [
                {
                    "blockstate": "",
                    "extentions": {
                        "zs32v.json": {
                            "ZS3V": "signal"
                        }
                    }
                }
            ],
            "y": 0.875,
            "z": 0.0625
        },
        "projekt675signale/ks/ks_zs2": {
            "textures": [
                {
                    "blockstate": "",
                    "extentions": {
                        "zs32digital.json": {
                            "ZS2": "signal"
                        }
                    }
                }
            ],
            "y": 2.5,
            "x": 1,
            "z": 0.6875
        },
        "projekt675signale/ks/ks_zs2v": {
            "textures": [
                {
                    "blockstate": "",
                    "extentions": {
                        "zs32v.json": {
                            "ZS2V": "signal"
                        }
                    }
                }
            ],
            "y": 2.5,
            "x": -1,
            "z": 0.6875
        },
        "projekt675signale/zs/zs3": {
            "textures": [
                {
                    "loadOFFstate": false,
                    "blockstate": "",
                    "extentions": {
                        "zs32plate.json": {
                            "ZS3PLATE": "overlay"
                        }
                    }
                }
            ],
            "y": 2.875
        },
        "projekt675signale/zs/zs3v": {
            "textures": [
                {
                    "loadOFFstate": false,
                    "blockstate": "",
                    "extentions": {
                        "zs32vplate.json": {
                            "ZS3VPLATE": "overlay"
                        }
                    }
                }
            ],
            "y": 0.8125
        },
        "projekt675signale/zs/zs12": {
            "textures": [
                {
                    "blockstate": "hasandis(ZS12)"
                }
            ],
            "y": 0.3,
			"z": -1
        }
    }
}