{
	"textures": {
		"lamp_white": "opensignals:blocks/projekt675signale/lamps/lamp_white",
		"lamp_red": "opensignals:blocks/projekt675signale/lamps/lamp_red"
	},
	"models": {
		"projekt675signale/sperrsignale/thales": {
			"textures": [
				{
					"blockstate": "with(THALES.OFF)"
				},
				{
					"blockstate": "with(THALES.HP0)",
					"retexture": {
						"lamp_rednorth": "lamp_red"
					}
				},
				{
					"blockstate": "with(THALES.SH1)",
					"retexture": {
						"lamp_white1north": "lamp_white",
						"lamp_white2north": "lamp_white"
					}
				},
				{
					"blockstate": "with(THALES.STATUS_LIGHT)",
					"retexture": {
						"lamp_white2north": "lamp_white"
					}
				}
			]
		},
		"projekt675signale/sperrsignale/lorenz": {
			"textures": [
				{
					"blockstate": "with(LORENZ.OFF)"
				},
				{
					"blockstate": "with(LORENZ.HP00)",
					"retexture": {
						"lamp_red1north": "lamp_red",
						"lamp_red2north": "lamp_red"
					}
				},
				{
					"blockstate": "with(LORENZ.SH1)",
					"retexture": {
						"lamp_white1north": "lamp_white",
						"lamp_white2north": "lamp_white"
					}
				},
				{
					"blockstate": "with(LORENZ.STATUS_LIGHT)",
					"retexture": {
						"lamp_white2north": "lamp_white"
					}
				}
			]
		},
		"projekt675signale/sperrsignale/zugdeckung": {
			"textures": [
				{
					"blockstate": "with(ZUGDECKUNG.OFF)"
				},
				{
					"blockstate": "with(ZUGDECKUNG.HP00)",
					"retexture": {
						"lamp_red1north": "lamp_red",
						"lamp_red2north": "lamp_red"
					}
				},
				{
					"blockstate": "with(ZUGDECKUNG.STATUS_LIGHT)",
					"retexture": {
						"lamp_white2north": "lamp_white"
					}
				}
			]
		},
		"projekt675signale/sperrsignale/siemens": {
			"textures": [
				{
					"blockstate": "with(SIEMENS.OFF)"
				},
				{
					"blockstate": "with(SIEMENS.HP00)",
					"retexture": {
						"lamp_red1north": "lamp_red",
						"lamp_red2north": "lamp_red"
					}
				},
				{
					"blockstate": "with(SIEMENS.SH1)",
					"retexture": {
						"lamp_white1north": "lamp_white",
						"lamp_white2north": "lamp_white"
					}
				},
				{
					"blockstate": "with(SIEMENS.STATUS_LIGHT)",
					"retexture": {
						"lamp_white2north": "lamp_white"
					}
				}
			]
		}
	}
}