{
    "extention": {
        "OFF": "opensignals:blocks/projekt675signale/zs3vplate/off",
        "Z1": "opensignals:blocks/projekt675signale/zs3vplate/z1",
        "Z2": "opensignals:blocks/projekt675signale/zs3vplate/z2",
        "Z3": "opensignals:blocks/projekt675signale/zs3vplate/z3",
        "Z4": "opensignals:blocks/projekt675signale/zs3vplate/z4",
        "Z5": "opensignals:blocks/projekt675signale/zs3vplate/z5",
        "Z6": "opensignals:blocks/projekt675signale/zs3vplate/z6",
        "Z7": "opensignals:blocks/projekt675signale/zs3vplate/z7",
        "Z8": "opensignals:blocks/projekt675signale/zs3vplate/z8",
        "Z9": "opensignals:blocks/projekt675signale/zs3vplate/z9",
        "Z10": "opensignals:blocks/projekt675signale/zs3vplate/z10",
        "Z11": "opensignals:blocks/projekt675signale/zs3vplate/z11",
        "Z12": "opensignals:blocks/projekt675signale/zs3vplate/z12",
        "Z13": "opensignals:blocks/projekt675signale/zs3vplate/z13",
        "Z14": "opensignals:blocks/projekt675signale/zs3vplate/z14",
        "Z15": "opensignals:blocks/projekt675signale/zs3vplate/z15",
        "Z16": "opensignals:blocks/projekt675signale/zs3vplate/z16",
        "Z17": "opensignals:blocks/projekt675signale/zs3vplate/z17",
        "Z18": "opensignals:blocks/projekt675signale/zs3vplate/z18",
        "Z19": "opensignals:blocks/projekt675signale/zs3vplate/z19",
        "Z20": "opensignals:blocks/projekt675signale/zs3vplate/z20"
    }
}