{
    "extention": {
        "OFF": "opensignals:blocks/projekt675signale/zs3plate/off",
        "Z1": "opensignals:blocks/projekt675signale/zs3plate/z1",
        "Z2": "opensignals:blocks/projekt675signale/zs3plate/z2",
        "Z3": "opensignals:blocks/projekt675signale/zs3plate/z3",
        "Z4": "opensignals:blocks/projekt675signale/zs3plate/z4",
        "Z5": "opensignals:blocks/projekt675signale/zs3plate/z5",
        "Z6": "opensignals:blocks/projekt675signale/zs3plate/z6",
        "Z7": "opensignals:blocks/projekt675signale/zs3plate/z7",
        "Z8": "opensignals:blocks/projekt675signale/zs3plate/z8",
        "Z9": "opensignals:blocks/projekt675signale/zs3plate/z9",
        "Z10": "opensignals:blocks/projekt675signale/zs3plate/z10",
        "Z11": "opensignals:blocks/projekt675signale/zs3plate/z11",
        "Z12": "opensignals:blocks/projekt675signale/zs3plate/z12",
        "Z13": "opensignals:blocks/projekt675signale/zs3plate/z13",
        "Z14": "opensignals:blocks/projekt675signale/zs3plate/z14",
        "Z15": "opensignals:blocks/projekt675signale/zs3plate/z15",
        "Z16": "opensignals:blocks/projekt675signale/zs3plate/z16",
        "Z17": "opensignals:blocks/projekt675signale/zs3plate/z17",
        "Z18": "opensignals:blocks/projekt675signale/zs3plate/z18",
        "Z19": "opensignals:blocks/projekt675signale/zs3plate/z19",
        "Z20": "opensignals:blocks/projekt675signale/zs3plate/z20"
    }
}