{
    "extention": {
        "OFF": "opensignals:blocks/projekt675signale/zs3v/off",
        "A": "opensignals:blocks/projekt675signale/zs3v/a",
        "B": "opensignals:blocks/projekt675signale/zs3v/b",
        "C": "opensignals:blocks/projekt675signale/zs3v/c",
        "D": "opensignals:blocks/projekt675signale/zs3v/d",
        "E": "opensignals:blocks/projekt675signale/zs3v/e",
        "F": "opensignals:blocks/projekt675signale/zs3v/f",
        "G": "opensignals:blocks/projekt675signale/zs3v/g",
        "H": "opensignals:blocks/projekt675signale/zs3v/h",
        "I": "opensignals:blocks/projekt675signale/zs3v/i",
        "J": "opensignals:blocks/projekt675signale/zs3v/j",
        "K": "opensignals:blocks/projekt675signale/zs3v/k",
        "L": "opensignals:blocks/projekt675signale/zs3v/l",
        "M": "opensignals:blocks/projekt675signale/zs3v/m",
        "N": "opensignals:blocks/projekt675signale/zs3v/n",
        "O": "opensignals:blocks/projekt675signale/zs3v/o",
        "P": "opensignals:blocks/projekt675signale/zs3v/p",
        "Q": "opensignals:blocks/projekt675signale/zs3v/q",
        "R": "opensignals:blocks/projekt675signale/zs3v/r",
        "S": "opensignals:blocks/projekt675signale/zs3v/s",
        "T": "opensignals:blocks/projekt675signale/zs3v/t",
        "U": "opensignals:blocks/projekt675signale/zs3v/u",
        "V": "opensignals:blocks/projekt675signale/zs3v/v",
        "W": "opensignals:blocks/projekt675signale/zs3v/w",
        "X": "opensignals:blocks/projekt675signale/zs3v/x",
        "Y": "opensignals:blocks/projekt675signale/zs3v/y",
        "Z": "opensignals:blocks/projekt675signale/zs3v/z",
        "Z1": "opensignals:blocks/projekt675signale/zs3v/z1",
        "Z2": "opensignals:blocks/projekt675signale/zs3v/z2",
        "Z3": "opensignals:blocks/projekt675signale/zs3v/z3",
        "Z4": "opensignals:blocks/projekt675signale/zs3v/z4",
        "Z5": "opensignals:blocks/projekt675signale/zs3v/z5",
        "Z6": "opensignals:blocks/projekt675signale/zs3v/z6",
        "Z7": "opensignals:blocks/projekt675signale/zs3v/z7",
        "Z8": "opensignals:blocks/projekt675signale/zs3v/z8",
        "Z9": "opensignals:blocks/projekt675signale/zs3v/z9",
        "Z10": "opensignals:blocks/projekt675signale/zs3v/z10",
        "Z11": "opensignals:blocks/projekt675signale/zs3v/z11",
        "Z12": "opensignals:blocks/projekt675signale/zs3v/z12",
        "Z13": "opensignals:blocks/projekt675signale/zs3v/z13",
        "Z14": "opensignals:blocks/projekt675signale/zs3v/z14",
        "Z15": "opensignals:blocks/projekt675signale/zs3v/z15",
        "Z16": "opensignals:blocks/projekt675signale/zs3v/z16",
        "ZS6": "opensignals:blocks/projekt675signale/zs3/zs6",
        "ZS8": "opensignals:blocks/projekt675signale/zs3/zs8",
        "ZS13": "opensignals:blocks/projekt675signale/zs3/zs13",
        "ZP8": "opensignals:blocks/projekt675signale/zs3/zp8",
        "ZP9": "opensignals:blocks/projekt675signale/zs3/zp9",
        "HALTMELDER": "opensignals:blocks/projekt675signale/zs3/haltmelder"
    }
}