{
    "extention": {
        "OFF": "opensignals:blocks/projekt675signale/zs3/off",
        "A": "opensignals:blocks/projekt675signale/zs3/a",
        "B": "opensignals:blocks/projekt675signale/zs3/b",
        "C": "opensignals:blocks/projekt675signale/zs3/c",
        "D": "opensignals:blocks/projekt675signale/zs3/d",
        "E": "opensignals:blocks/projekt675signale/zs3/e",
        "F": "opensignals:blocks/projekt675signale/zs3/f",
        "G": "opensignals:blocks/projekt675signale/zs3/g",
        "H": "opensignals:blocks/projekt675signale/zs3/h",
        "I": "opensignals:blocks/projekt675signale/zs3/i",
        "J": "opensignals:blocks/projekt675signale/zs3/j",
        "K": "opensignals:blocks/projekt675signale/zs3/k",
        "L": "opensignals:blocks/projekt675signale/zs3/l",
        "M": "opensignals:blocks/projekt675signale/zs3/m",
        "N": "opensignals:blocks/projekt675signale/zs3/n",
        "O": "opensignals:blocks/projekt675signale/zs3/o",
        "P": "opensignals:blocks/projekt675signale/zs3/p",
        "Q": "opensignals:blocks/projekt675signale/zs3/q",
        "R": "opensignals:blocks/projekt675signale/zs3/r",
        "S": "opensignals:blocks/projekt675signale/zs3/s",
        "T": "opensignals:blocks/projekt675signale/zs3/t",
        "U": "opensignals:blocks/projekt675signale/zs3/u",
        "V": "opensignals:blocks/projekt675signale/zs3/v",
        "W": "opensignals:blocks/projekt675signale/zs3/w",
        "X": "opensignals:blocks/projekt675signale/zs3/x",
        "Y": "opensignals:blocks/projekt675signale/zs3/y",
        "Z": "opensignals:blocks/projekt675signale/zs3/z",
        "Z1": "opensignals:blocks/projekt675signale/zs3/z1",
        "Z2": "opensignals:blocks/projekt675signale/zs3/z2",
        "Z3": "opensignals:blocks/projekt675signale/zs3/z3",
        "Z4": "opensignals:blocks/projekt675signale/zs3/z4",
        "Z5": "opensignals:blocks/projekt675signale/zs3/z5",
        "Z6": "opensignals:blocks/projekt675signale/zs3/z6",
        "Z7": "opensignals:blocks/projekt675signale/zs3/z7",
        "Z8": "opensignals:blocks/projekt675signale/zs3/z8",
        "Z9": "opensignals:blocks/projekt675signale/zs3/z9",
        "Z10": "opensignals:blocks/projekt675signale/zs3/z10",
        "Z11": "opensignals:blocks/projekt675signale/zs3/z11",
        "Z12": "opensignals:blocks/projekt675signale/zs3/z12",
        "Z13": "opensignals:blocks/projekt675signale/zs3/z13",
        "Z14": "opensignals:blocks/projekt675signale/zs3/z14",
        "Z15": "opensignals:blocks/projekt675signale/zs3/z15",
        "Z16": "opensignals:blocks/projekt675signale/zs3/z16",
        "ZS6": "opensignals:blocks/projekt675signale/zs3/zs6",
        "ZS8": "opensignals:blocks/projekt675signale/zs3/zs8",
        "ZS13": "opensignals:blocks/projekt675signale/zs3/zs13",
        "ZP8": "opensignals:blocks/projekt675signale/zs3/zp8",
        "ZP9": "opensignals:blocks/projekt675signale/zs3/zp9",
        "HALTMELDER": "opensignals:blocks/projekt675signale/zs3/haltmelder"
    }
}