{
    "systemProperties": {
        "placementToolName": "placementtoolprojekt675",
        "canLink": true,
        "defaultHeight": 6,
        "customNameRenderHeight": 2.775,
        "autoScale": false,
        "colors": [
            16777215,
            16761344
        ]
    },
    "seProperties": [
        {
            "name": "hvtypeg",
            "enumClass": "HVTypeG",
            "defaultState": "OFF",
            "changeableStage": "GUISTAGE"
        },
        {
            "name": "hvgexit",
            "enumClass": "HVGExit",
            "defaultState": "OFF",
            "changeableStage": "APISTAGE_NONE_CONFIG",
            "autoname": true,
            "dependencies": "check(HVTYPEG.EXIT)"
        },
        {
            "name": "hvgentry",
            "enumClass": "HVGEntry",
            "defaultState": "OFF",
            "changeableStage": "APISTAGE_NONE_CONFIG",
            "autoname": true,
            "dependencies": "check(HVTYPEG.ENTRY)"
        },
        {
            "name": "hvgblock",
            "enumClass": "HVGBlock",
            "defaultState": "OFF",
            "changeableStage": "APISTAGE_NONE_CONFIG",
            "autoname": true,
            "dependencies": "check(HVTYPEG.BLOCK)"
        },
        {
            "name": "distantsignalhvg",
            "enumClass": "VRHVG",
            "defaultState": "OFF",
            "autoname": true,
            "changeableStage": "APISTAGE"
        },
        {
            "name": "vrlighthvg",
            "defaultState": false,
            "autoname": true,
            "changeableStage": "APISTAGE"
        },
        {
            "name": "ne2",
            "defaultState": false,
            "autoname": true,
            "changeableStage": "GUISTAGE"
        },
        {
            "name": "mastsign",
            "enumClass": "MastSignal",
            "defaultState": "OFF",
            "changeableStage": "GUISTAGE"
        },
        {
            "name": "zs3",
            "enumClass": "ZS32digital",
            "defaultState": "OFF",
            "autoname": true
        },
        {
            "name": "zs3v",
            "enumClass": "ZS32v",
            "defaultState": "OFF",
            "autoname": true
        },
        {
            "name": "zs2",
            "enumClass": "ZS32digital",
            "defaultState": "OFF",
            "autoname": true
        },
        {
            "name": "zs2v",
            "enumClass": "ZS32v",
            "defaultState": "OFF",
            "autoname": true
        },
        {
            "name": "zs3plate",
            "enumClass": "ZS32plate",
            "defaultState": "OFF",
            "autoname": true,
            "changeableStage": "GUISTAGE"
        },
        {
            "name": "zs3vplate",
            "enumClass": "ZS32vplate",
            "defaultState": "OFF",
            "autoname": true,
            "changeableStage": "GUISTAGE"
        },
        {
            "name": "zs12",
            "defaultState": false,
            "changeableStage": "GUISTAGE"
        }
    ]
}