{
    "systemProperties": {
        "placementToolName": "placementtoolprojekt675",
        "canLink": true,
        "defaultHeight": 6,
        "customNameRenderHeight": 2.775,
        "autoScale": false,
        "colors": [
            16777215,
            16761344
        ],
        "isBridgeSignal": true
    },
    "seProperties": [
        {
            "name": "hvtype59",
            "enumClass": "HVType59",
            "defaultState": "OFF",
            "changeableStage": "GUISTAGE"
        },
        {
            "name": "hv59exit",
            "enumClass": "HV59Exit",
            "defaultState": "OFF",
            "changeableStage": "APISTAGE_NONE_CONFIG",
            "autoname": true,
            "dependencies": "check(HVTYPE59.EXIT)"
        },
        {
            "name": "hv59entry",
            "enumClass": "HV59Entry",
            "defaultState": "OFF",
            "changeableStage": "APISTAGE_NONE_CONFIG",
            "autoname": true,
            "dependencies": "check(HVTYPE59.ENTRY)"
        },
        {
            "name": "distantsignal59",
            "enumClass": "VR59",
            "defaultState": "OFF",
            "autoname": true,
            "changeableStage": "APISTAGE"
        },
        {
            "name": "vrlight59",
            "defaultState": false,
            "autoname": true,
            "changeableStage": "APISTAGE"
        },
        {
            "name": "ne2",
            "defaultState": false,
            "autoname": true,
            "changeableStage": "GUISTAGE"
        },
        {
            "name": "mastsign",
            "enumClass": "MastSignal",
            "defaultState": "OFF",
            "changeableStage": "GUISTAGE"
        },
        {
            "name": "zs3",
            "enumClass": "ZS32digital",
            "defaultState": "OFF",
            "autoname": true
        },
        {
            "name": "zs3v",
            "enumClass": "ZS32v",
            "defaultState": "OFF",
            "autoname": true
        },
        {
            "name": "zs1",
            "defaultState": false,
            "autoname": true
        },
        {
            "name": "zs7",
            "defaultState": false,
            "autoname": true
        },
        {
            "name": "zs3plate",
            "enumClass": "ZS32plate",
            "defaultState": "OFF",
            "autoname": true,
            "changeableStage": "GUISTAGE"
        },
        {
            "name": "zs3vplate",
            "enumClass": "ZS32vplate",
            "defaultState": "OFF",
            "autoname": true,
            "changeableStage": "GUISTAGE"
        },
        {
            "name": "zs12",
            "defaultState": false,
            "changeableStage": "GUISTAGE"
        }
    ]
}