{
    "systemProperties": {
        "placementToolName": "placementtoolprojekt675",
        "canLink": true,
        "defaultHeight": 3,
        "customNameRenderHeight": 4.95,
        "autoScale": false,
        "colors": [
            16777215,
            16761344
        ],
        "isBridgeSignal": true
    },
    "seProperties": [
        {
            "name": "kombitypeg",
            "enumClass": "KSTypeG",
            "defaultState": "OFF",
            "changeableStage": "GUISTAGE"
        },
        {
            "name": "ksg_mas",
            "enumClass": "KSGMAS",
            "defaultState": "OFF",
            "changeableStage": "APISTAGE_NONE_CONFIG",
            "autoname": true,
            "dependencies": "check(KOMBITYPEG.MAS)"
        },
        {
            "name": "ksg_main",
            "enumClass": "KSGMain",
            "defaultState": "OFF",
            "changeableStage": "APISTAGE_NONE_CONFIG",
            "autoname": true,
            "dependencies": "check(KOMBITYPEG.MAIN)"
        },
        {
            "name": "ksg_distant",
            "enumClass": "KSGDistant",
            "defaultState": "OFF",
            "changeableStage": "APISTAGE_NONE_CONFIG",
            "autoname": true,
            "dependencies": "check(KOMBITYPEG.DISTANT)"
        },
        {
            "name": "mastsign",
            "enumClass": "MastSignal",
            "defaultState": "OFF",
            "changeableStage": "GUISTAGE"
        },
        {
            "name": "mastsigndistant",
            "defaultState": false,
            "changeableStage": "GUISTAGE"
        },
        {
            "name": "ne2",
            "defaultState": false,
            "changeableStage": "GUISTAGE"
        },
        {
            "name": "zs2",
            "enumClass": "ZS32digital",
            "defaultState": "OFF",
            "autoname": true
        },
        {
            "name": "zs2v",
            "enumClass": "ZS32v",
            "defaultState": "OFF",
            "autoname": true
        },
        {
            "name": "zs3",
            "enumClass": "ZS32digital",
            "defaultState": "OFF",
            "autoname": true
        },
        {
            "name": "zs3v",
            "enumClass": "ZS32v",
            "defaultState": "OFF",
            "autoname": true
        },
        {
            "name": "zs3plate",
            "enumClass": "ZS32plate",
            "defaultState": "OFF",
            "autoname": true,
            "changeableStage": "GUISTAGE"
        },
        {
            "name": "zs3vplate",
            "enumClass": "ZS32vplate",
            "defaultState": "OFF",
            "autoname": true,
            "changeableStage": "GUISTAGE"
        },
        {
            "name": "zs12",
            "defaultState": false,
            "changeableStage": "GUISTAGE"
        }
    ]
}