{
    "systemProperties": {
        "placementToolName": "placementtoolprojekt675",
        "canLink": true,
        "defaultHeight": 3,
        "customNameRenderHeight": 3.85,
        "autoScale": false,
        "offsetX": -52,
        "offsetY": -24,
        "colors": [
            16777215,
            16761344
        ]
    },
    "seProperties": [
        {
            "name": "kombitypel",
            "enumClass": "KSTypeL",
            "defaultState": "OFF",
            "changeableStage": "GUISTAGE"
        },
        {
            "name": "ksl_mas",
            "enumClass": "KSLMAS",
            "defaultState": "OFF",
            "changeableStage": "APISTAGE_NONE_CONFIG",
            "autoname": true,
            "dependencies": "check(KOMBITYPEL.MAS)"
        },
        {
            "name": "ksl_main",
            "enumClass": "KSLMain",
            "defaultState": "OFF",
            "changeableStage": "APISTAGE_NONE_CONFIG",
            "autoname": true,
            "dependencies": "check(KOMBITYPEL.MAIN)"
        },
        {
            "name": "KSL_distant",
            "enumClass": "KSLDistant",
            "defaultState": "OFF",
            "changeableStage": "APISTAGE_NONE_CONFIG",
            "autoname": true,
            "dependencies": "check(KOMBITYPEL.DISTANT)"
        },
        {
            "name": "mastsign",
            "enumClass": "MastSignal",
            "defaultState": "OFF",
            "changeableStage": "GUISTAGE"
        },
        {
            "name": "mastsigndistant",
            "defaultState": false,
            "changeableStage": "GUISTAGE"
        },
        {
            "name": "ne2",
            "defaultState": false,
            "changeableStage": "GUISTAGE"
        },
        {
            "name": "zs2",
            "enumClass": "ZS32digital",
            "defaultState": "OFF",
            "autoname": true
        },
        {
            "name": "zs2v",
            "enumClass": "ZS32v",
            "defaultState": "OFF",
            "autoname": true
        },
        {
            "name": "zs3",
            "enumClass": "ZS32digital",
            "defaultState": "OFF",
            "autoname": true
        },
        {
            "name": "zs3v",
            "enumClass": "ZS32v",
            "defaultState": "OFF",
            "autoname": true
        },
        {
            "name": "zs3plate",
            "enumClass": "ZS32plate",
            "defaultState": "OFF",
            "autoname": true,
            "changeableStage": "GUISTAGE"
        },
        {
            "name": "zs3vplate",
            "enumClass": "ZS32vplate",
            "defaultState": "OFF",
            "autoname": true,
            "changeableStage": "GUISTAGE"
        }
    ]
}