{
    "systemProperties": {
        "placementToolName": "placementtoolprojekt675",
        "canLink": true,
        "defaultHeight": 0,
        "customNameRenderHeight": 0.35,
        "autoScale": false,
        "offsetX": "14",
        "offsetY": "-9",
        "signScale": "0.8",
        "signWidth": "24"

    },
    "seProperties": [
        {
            "name": "shtype",
            "enumClass": "SHType",
            "defaultState": "OFF",
            "changeableStage": "GUISTAGE"
        },
        {
            "name": "thales",
            "enumClass": "thales",
            "defaultState": "OFF",
            "changeableStage": "APISTAGE_NONE_CONFIG",
            "dependencies": "check(SHTYPE.THALES)"
        },
        {
            "name": "zugdeckung",
            "enumClass": "zugdeckung",
            "defaultState": "OFF",
            "changeableStage": "APISTAGE_NONE_CONFIG",
            "dependencies": "check(SHTYPE.ZUGDECKUNG)"
        },
        {
            "name": "lorenz",
            "enumClass": "lorenz",
            "defaultState": "OFF",
            "changeableStage": "APISTAGE_NONE_CONFIG",
            "dependencies": "check(SHTYPE.LORENZ)"
        },
        {
            "name": "siemens",
            "enumClass": "siemens",
            "defaultState": "OFF",
            "changeableStage": "APISTAGE_NONE_CONFIG",
            "dependencies": "check(SHTYPE.SIEMENS)"
        }
    ]
}