{
    "extention": {
        "OFF": "opensignals:blocks/gir_display/time/off",
        "Z0": "opensignals:blocks/gir_display/time/0",
        "Z1": "opensignals:blocks/gir_display/time/1",
        "Z2": "opensignals:blocks/gir_display/time/2",
        "Z3": "opensignals:blocks/gir_display/time/3",
        "Z4": "opensignals:blocks/gir_display/time/4",
        "Z5": "opensignals:blocks/gir_display/time/5",
        "Z6": "opensignals:blocks/gir_display/time/6",
        "Z7": "opensignals:blocks/gir_display/time/7",
        "Z8": "opensignals:blocks/gir_display/time/8",
        "Z9": "opensignals:blocks/gir_display/time/9",
        "Z10": "opensignals:blocks/gir_display/time/10",
        "Z11": "opensignals:blocks/gir_display/time/11",
        "Z12": "opensignals:blocks/gir_display/time/12",
        "Z13": "opensignals:blocks/gir_display/time/13",
        "Z14": "opensignals:blocks/gir_display/time/14",
        "Z15": "opensignals:blocks/gir_display/time/15",
        "Z16": "opensignals:blocks/gir_display/time/16",
        "Z17": "opensignals:blocks/gir_display/time/17",
        "Z18": "opensignals:blocks/gir_display/time/18",
        "Z19": "opensignals:blocks/gir_display/time/19",
        "Z20": "opensignals:blocks/gir_display/time/20",
        "Z21": "opensignals:blocks/gir_display/time/21",
        "Z22": "opensignals:blocks/gir_display/time/22",
        "Z23": "opensignals:blocks/gir_display/time/23",
        "Z24": "opensignals:blocks/gir_display/time/24",
        "Z25": "opensignals:blocks/gir_display/time/25",
        "Z26": "opensignals:blocks/gir_display/time/26",
        "Z27": "opensignals:blocks/gir_display/time/27",
        "Z28": "opensignals:blocks/gir_display/time/28",
        "Z29": "opensignals:blocks/gir_display/time/29",
        "Z30": "opensignals:blocks/gir_display/time/30",
        "Z31": "opensignals:blocks/gir_display/time/31",
        "Z32": "opensignals:blocks/gir_display/time/32",
        "Z33": "opensignals:blocks/gir_display/time/33",
        "Z34": "opensignals:blocks/gir_display/time/34",
        "Z35": "opensignals:blocks/gir_display/time/35",
        "Z36": "opensignals:blocks/gir_display/time/36",
        "Z37": "opensignals:blocks/gir_display/time/37",
        "Z38": "opensignals:blocks/gir_display/time/38",
        "Z39": "opensignals:blocks/gir_display/time/39",
        "Z40": "opensignals:blocks/gir_display/time/40",
        "Z41": "opensignals:blocks/gir_display/time/41",
        "Z42": "opensignals:blocks/gir_display/time/42",
        "Z43": "opensignals:blocks/gir_display/time/43",
        "Z44": "opensignals:blocks/gir_display/time/44",
        "Z45": "opensignals:blocks/gir_display/time/45",
        "Z46": "opensignals:blocks/gir_display/time/46",
        "Z47": "opensignals:blocks/gir_display/time/47",
        "Z48": "opensignals:blocks/gir_display/time/48",
        "Z49": "opensignals:blocks/gir_display/time/49",
        "Z50": "opensignals:blocks/gir_display/time/50",
        "Z51": "opensignals:blocks/gir_display/time/51",
        "Z52": "opensignals:blocks/gir_display/time/52",
        "Z53": "opensignals:blocks/gir_display/time/53",
        "Z54": "opensignals:blocks/gir_display/time/54",
        "Z55": "opensignals:blocks/gir_display/time/55",
        "Z56": "opensignals:blocks/gir_display/time/56",
        "Z57": "opensignals:blocks/gir_display/time/57",
        "Z58": "opensignals:blocks/gir_display/time/58",
        "Z59": "opensignals:blocks/gir_display/time/59"
    }
}