{
    "extention": {
        "OFF": "opensignals:blocks/gir_display/train/off",
        "ICE1": "opensignals:blocks/gir_display/train/ice1",
        "ICE2": "opensignals:blocks/gir_display/train/ice2",
        "ICE3": "opensignals:blocks/gir_display/train/ice3",
        "ICE4": "opensignals:blocks/gir_display/train/ice4",
        "ICE5": "opensignals:blocks/gir_display/train/ice5",
        "ICE6": "opensignals:blocks/gir_display/train/ice6",
        "ICE7": "opensignals:blocks/gir_display/train/ice7",
        "ICE8": "opensignals:blocks/gir_display/train/ice8",
        "ICE9": "opensignals:blocks/gir_display/train/ice9",
        "IC1": "opensignals:blocks/gir_display/train/ic1",
        "IC2": "opensignals:blocks/gir_display/train/ic2",
        "IC3": "opensignals:blocks/gir_display/train/ic3",
        "IC4": "opensignals:blocks/gir_display/train/ic4",
        "IC5": "opensignals:blocks/gir_display/train/ic5",
        "IC6": "opensignals:blocks/gir_display/train/ic6",
        "IC7": "opensignals:blocks/gir_display/train/ic7",
        "IC8": "opensignals:blocks/gir_display/train/ic8",
        "IC9": "opensignals:blocks/gir_display/train/ic9",
        "IC10": "opensignals:blocks/gir_display/train/ic10",
        "NE1": "opensignals:blocks/gir_display/train/ne1",
        "NE2": "opensignals:blocks/gir_display/train/ne2",
        "NE3": "opensignals:blocks/gir_display/train/ne3",
        "NE4": "opensignals:blocks/gir_display/train/ne4",
        "NE5": "opensignals:blocks/gir_display/train/ne5",
        "NE6": "opensignals:blocks/gir_display/train/ne6",
        "NE7": "opensignals:blocks/gir_display/train/ne7",
        "NE8": "opensignals:blocks/gir_display/train/ne8",
        "NE9": "opensignals:blocks/gir_display/train/ne9",
        "NE10": "opensignals:blocks/gir_display/train/ne10",
        "RB1": "opensignals:blocks/gir_display/train/rb1",
        "RB2": "opensignals:blocks/gir_display/train/rb2",
        "RB3": "opensignals:blocks/gir_display/train/rb3",
        "RB4": "opensignals:blocks/gir_display/train/rb4",
        "RB5": "opensignals:blocks/gir_display/train/rb5",
        "RB6": "opensignals:blocks/gir_display/train/rb6",
        "RB7": "opensignals:blocks/gir_display/train/rb7",
        "RB8": "opensignals:blocks/gir_display/train/rb8",
        "RB9": "opensignals:blocks/gir_display/train/rb9",
        "RB10": "opensignals:blocks/gir_display/train/rb10",
        "RE1": "opensignals:blocks/gir_display/train/re1",
        "RE2": "opensignals:blocks/gir_display/train/re2",
        "RE3": "opensignals:blocks/gir_display/train/re3",
        "RE4": "opensignals:blocks/gir_display/train/re4",
        "RE5": "opensignals:blocks/gir_display/train/re5",
        "RE6": "opensignals:blocks/gir_display/train/re6",
        "RE7": "opensignals:blocks/gir_display/train/re7",
        "RE8": "opensignals:blocks/gir_display/train/re8",
        "RE9": "opensignals:blocks/gir_display/train/re9",
        "RE10": "opensignals:blocks/gir_display/train/re10",
        "SDZ": "opensignals:blocks/gir_display/train/sdz"
    }
}