{
	"credit": "Made with Blockbench by Mc_Jeronimo",
	"texture_size": [32, 32],
	"textures": {
		"0": "opensignals:blocks/projekt675signale/default/mast",
		"1": "opensignals:blocks/projekt675signale/default/shield_black",
		"2": "opensignals:blocks/projekt675signale/default/shield_gray",
		"particle": "opensignals:blocks/projekt675signale/default/mast",
		"lamp_red_primarynorth": "opensignals:blocks/projekt675signale/lamps/lamp_dark",
		"lamp_red_secondarynorth": "opensignals:blocks/projekt675signale/lamps/lamp_dark",
		"lamp_yellownorth": "opensignals:blocks/projekt675signale/lamps/lamp_dark",
		"lamp_greennorth": "opensignals:blocks/projekt675signale/lamps/lamp_dark",
		"lamp_sh1north": "opensignals:blocks/projekt675signale/lamps/lamp_dark",
		"lamp_zs1_7north": "opensignals:blocks/projekt675signale/lamps/lamp_dark",
		"lamp_sh2north": "opensignals:blocks/projekt675signale/lamps/lamp_dark",
		"lamp_zs1north": "opensignals:blocks/projekt675signale/lamps/lamp_dark",
		"lamp_kl_zs7north": "opensignals:blocks/projekt675signale/lamps/lamp_dark"
	},
	"elements": [
		{
			"name": "lamp_green",
			"from": [9, 16.9, 4.9],
			"to": [13, 20.9, 4.9],
			"faces": {
				"north": {"uv": [0, 0, 4.3125, 4.3125], "texture": "#lamp_greennorth"}
			}
		},
		{
			"name": "lamp_red_primary",
			"from": [9, 11.9, 4.9],
			"to": [13, 15.9, 4.9],
			"faces": {
				"north": {"uv": [0, 0, 4.3125, 4.3125], "texture": "#lamp_red_primarynorth"}
			}
		},
		{
			"name": "lamp_red_secondary",
			"from": [3, 11.9, 4.9],
			"to": [7, 15.9, 4.9],
			"faces": {
				"north": {"uv": [0, 0, 4.3125, 4.3125], "texture": "#lamp_red_secondarynorth"}
			}
		},
		{
			"name": "lamp_yellow",
			"from": [9, 0.9, 4.9],
			"to": [13, 4.9, 4.9],
			"faces": {
				"north": {"uv": [0, 0, 4.3125, 4.3125], "texture": "#lamp_yellownorth"}
			}
		},
		{
			"name": "lamp_zs1_7",
			"from": [7.25, 5.75, 4.9],
			"to": [9.25, 7.75, 4.9],
			"rotation": {"angle": 0, "axis": "y", "origin": [0.25, 0, 0]},
			"faces": {
				"north": {"uv": [0, 0, 4.3125, 4.3125], "texture": "#lamp_zs1_7north"}
			}
		},
		{
			"name": "lamp_sh1",
			"from": [10.25, 5.75, 4.9],
			"to": [12.25, 7.75, 4.9],
			"rotation": {"angle": 0, "axis": "y", "origin": [0.25, 0, 0]},
			"faces": {
				"north": {"uv": [0, 0, 4.3125, 4.3125], "texture": "#lamp_sh1north"}
			}
		},
		{
			"name": "lamp_zs1",
			"from": [3.25, 5.75, 4.9],
			"to": [5.25, 7.75, 4.9],
			"rotation": {"angle": 0, "axis": "y", "origin": [0.25, 0, 0]},
			"faces": {
				"north": {"uv": [0, 0, 4.3125, 4.3125], "texture": "#lamp_zs1north"}
			}
		},
		{
			"name": "lamp_zs1_7",
			"from": [5.043, 8.75, 4.9],
			"to": [7.043, 10.75, 4.9],
			"rotation": {"angle": 0, "axis": "y", "origin": [0.25, 0, 0]},
			"faces": {
				"north": {"uv": [0, 0, 4.3125, 4.3125], "texture": "#lamp_zs1_7north"}
			}
		},
		{
			"name": "lamp_sh2",
			"from": [7.25, 8.75, 4.9],
			"to": [9.25, 10.75, 4.9],
			"rotation": {"angle": 0, "axis": "y", "origin": [0.25, 0, 0]},
			"faces": {
				"north": {"uv": [0, 0, 4.3125, 4.3125], "texture": "#lamp_sh2north"}
			}
		},
		{
			"name": "lamp_kl_zs7",
			"from": [9.452, 8.75, 4.9],
			"to": [11.452, 10.75, 4.9],
			"rotation": {"angle": 0, "axis": "y", "origin": [0.25, 0, 0]},
			"faces": {
				"north": {"uv": [0, 0, 4.3125, 4.3125], "texture": "#lamp_kl_zs7north"}
			}
		},
		{
			"name": "mast1",
			"from": [7, 0, 8],
			"to": [9, 1, 13],
			"faces": {
				"east": {"uv": [0, 0, 2.5, 0.5], "texture": "#0"},
				"west": {"uv": [0, 0, 2.5, 0.5], "texture": "#0"},
				"up": {"uv": [0, 0, 1, 2.5], "texture": "#0"},
				"down": {"uv": [0, 0, 1, 2.5], "texture": "#0"}
			}
		},
		{
			"name": "mast2",
			"from": [7, -16, 12],
			"to": [9, 0, 13],
			"faces": {
				"north": {"uv": [0, 0, 1, 8], "texture": "#0"},
				"east": {"uv": [0, 0, 0.5, 8], "texture": "#0"},
				"south": {"uv": [0, 0, 1, 8], "texture": "#0"},
				"west": {"uv": [0, 0, 0.5, 8], "texture": "#0"},
				"down": {"uv": [0, 0, 1, 0.5], "texture": "#0"}
			}
		},
		{
			"name": "mast3",
			"from": [7, -16, 8],
			"to": [9, 0, 9],
			"faces": {
				"north": {"uv": [0, 0, 1, 8], "texture": "#0"},
				"east": {"uv": [0, 0, 0.5, 8], "texture": "#0"},
				"south": {"uv": [0, 0, 1, 8], "texture": "#0"},
				"west": {"uv": [0, 0, 0.5, 8], "texture": "#0"},
				"down": {"uv": [0, 0, 1, 0.5], "texture": "#0"}
			}
		},
		{
			"name": "mast4",
			"from": [7, -6, 9],
			"to": [9, -5, 12],
			"faces": {
				"east": {"uv": [0, 0, 1.5, 0.5], "texture": "#0"},
				"west": {"uv": [0, 0, 1.5, 0.5], "texture": "#0"},
				"up": {"uv": [0, 0, 1, 1.5], "texture": "#0"},
				"down": {"uv": [0, 0, 1, 1.5], "texture": "#0"}
			}
		},
		{
			"name": "mast5",
			"from": [7, -12, 9],
			"to": [9, -11, 12],
			"faces": {
				"east": {"uv": [0, 0, 1.5, 0.5], "texture": "#0"},
				"west": {"uv": [0, 0, 1.5, 0.5], "texture": "#0"},
				"up": {"uv": [0, 0, 1, 1.5], "texture": "#0"},
				"down": {"uv": [0, 0, 1, 1.5], "texture": "#0"}
			}
		},
		{
			"name": "shield8",
			"from": [12.5, 13, 9],
			"to": [13.5, 14, 18],
			"faces": {
				"east": {"uv": [0, 0, 5, 0.5], "texture": "#2"},
				"west": {"uv": [0, 0, 5, 0.5], "texture": "#2"},
				"up": {"uv": [0, 0, 0.5, 5], "texture": "#2"},
				"down": {"uv": [0, 0, 0.5, 5], "texture": "#2"}
			}
		},
		{
			"name": "shield9",
			"from": [2.5, 13, 9],
			"to": [3.5, 14, 18],
			"faces": {
				"east": {"uv": [0, 0, 5, 0.5], "texture": "#2"},
				"west": {"uv": [0, 0, 5, 0.5], "texture": "#2"},
				"up": {"uv": [0, 0, 0.5, 5], "texture": "#2"},
				"down": {"uv": [0, 0, 0.5, 5], "texture": "#2"}
			}
		},
		{
			"name": "shield11",
			"from": [2.5, 13, 18],
			"to": [13.5, 14, 19],
			"faces": {
				"north": {"uv": [9.25, 9, 14.75, 9.5], "texture": "#2"},
				"east": {"uv": [6.5, 9, 7, 9.5], "texture": "#2"},
				"south": {"uv": [1.25, 9, 6.75, 9.5], "texture": "#2"},
				"west": {"uv": [9, 9, 9.5, 9.5], "texture": "#2"},
				"up": {"uv": [1.25, 9, 6.75, 9.5], "texture": "#2"},
				"down": {"uv": [1.25, 6.5, 6.75, 7], "texture": "#2"}
			}
		},
		{
			"name": "shield12",
			"from": [4, 2, 18],
			"to": [5, 13, 19],
			"faces": {
				"north": {"uv": [0, 0, 0.5, 5.5], "texture": "#2"},
				"east": {"uv": [0, 0, 0.5, 5.5], "texture": "#2"},
				"south": {"uv": [0, 0, 0.5, 5.5], "texture": "#2"},
				"west": {"uv": [0, 0, 0.5, 5.5], "texture": "#2"}
			}
		},
		{
			"name": "shield13",
			"from": [11, 2, 18],
			"to": [12, 13, 19],
			"faces": {
				"north": {"uv": [0, 0, 0.5, 5.5], "texture": "#2"},
				"east": {"uv": [0, 0, 0.5, 5.5], "texture": "#2"},
				"south": {"uv": [0, 0, 0.5, 5.5], "texture": "#2"},
				"west": {"uv": [0, 0, 0.5, 5.5], "texture": "#2"}
			}
		},
		{
			"name": "shield15",
			"from": [4, 1, 12],
			"to": [12, 2, 19],
			"faces": {
				"north": {"uv": [0, 0, 4, 0.5], "texture": "#2"},
				"east": {"uv": [0, 0, 3.5, 0.5], "texture": "#2"},
				"south": {"uv": [0, 0, 4, 0.5], "texture": "#2"},
				"west": {"uv": [0, 0, 3.5, 0.5], "texture": "#2"},
				"up": {"uv": [0, 0, 4, 3.5], "texture": "#2"},
				"down": {"uv": [0, 0, 4, 3.5], "texture": "#2"}
			}
		},
		{
			"name": "shield16",
			"from": [7, 0, 13],
			"to": [9, 1, 17],
			"faces": {
				"east": {"uv": [0, 0, 2, 0.5], "texture": "#0"},
				"south": {"uv": [0, 0, 1, 0.5], "texture": "#0"},
				"west": {"uv": [0, 0, 2, 0.5], "texture": "#0"},
				"down": {"uv": [0, 0, 1, 2], "texture": "#0"}
			}
		},
		{
			"name": "shield17",
			"from": [2.5, 0, 6],
			"to": [13.5, 22, 9],
			"faces": {
				"north": {"uv": [0, 0, 5.5, 11.5], "texture": "#1"},
				"east": {"uv": [0, 0, 1, 11.5], "texture": "#1"},
				"south": {"uv": [0, 0, 5.5, 11.5], "texture": "#1"},
				"west": {"uv": [0, 0, 1, 11.5], "texture": "#1"},
				"up": {"uv": [0, 0, 5.5, 1], "texture": "#1"},
				"down": {"uv": [0, 0, 5.5, 1], "texture": "#1"}
			}
		},
		{
			"name": "shield17",
			"from": [2.5, 0, 5],
			"to": [13.5, 0.25, 6],
			"faces": {
				"north": {"uv": [0, 0, 5.5, 11.5], "texture": "#1"},
				"east": {"uv": [0, 0, 1, 11.5], "texture": "#1"},
				"south": {"uv": [0, 0, 5.5, 11.5], "texture": "#1"},
				"west": {"uv": [0, 0, 1, 11.5], "texture": "#1"},
				"up": {"uv": [0, 0, 5.5, 1], "texture": "#1"},
				"down": {"uv": [0, 0, 5.5, 1], "texture": "#1"}
			}
		},
		{
			"name": "shield17",
			"from": [2.5, 0.75, 5],
			"to": [13.5, 10.75, 6],
			"faces": {
				"north": {"uv": [0, 0, 5.5, 11.5], "texture": "#1"},
				"east": {"uv": [0, 0, 1, 11.5], "texture": "#1"},
				"south": {"uv": [0, 0, 5.5, 11.5], "texture": "#1"},
				"west": {"uv": [0, 0, 1, 11.5], "texture": "#1"},
				"up": {"uv": [0, 0, 5.5, 1], "texture": "#1"},
				"down": {"uv": [0, 0, 5.5, 1], "texture": "#1"}
			}
		},
		{
			"name": "shield17",
			"from": [2.5, 21.25, 5],
			"to": [3, 21.75, 6],
			"faces": {
				"north": {"uv": [0, 0, 5.5, 11.5], "texture": "#1"},
				"east": {"uv": [0, 0, 1, 11.5], "texture": "#1"},
				"south": {"uv": [0, 0, 5.5, 11.5], "texture": "#1"},
				"west": {"uv": [0, 0, 1, 11.5], "texture": "#1"},
				"up": {"uv": [0, 0, 5.5, 1], "texture": "#1"},
				"down": {"uv": [0, 0, 5.5, 1], "texture": "#1"}
			}
		},
		{
			"name": "shield17",
			"from": [12.5, 0.25, 5],
			"to": [13, 0.75, 6],
			"faces": {
				"north": {"uv": [0, 0, 5.5, 11.5], "texture": "#2"},
				"east": {"uv": [0, 0, 1, 11.5], "texture": "#2"},
				"south": {"uv": [0, 0, 5.5, 11.5], "texture": "#2"},
				"west": {"uv": [0, 0, 1, 11.5], "texture": "#2"},
				"up": {"uv": [0, 0, 5.5, 1], "texture": "#2"},
				"down": {"uv": [0, 0, 5.5, 1], "texture": "#2"}
			}
		},
		{
			"name": "shield17",
			"from": [13, 0.25, 5],
			"to": [13.5, 0.75, 6],
			"faces": {
				"north": {"uv": [0, 0, 5.5, 11.5], "texture": "#1"},
				"east": {"uv": [0, 0, 1, 11.5], "texture": "#1"},
				"south": {"uv": [0, 0, 5.5, 11.5], "texture": "#1"},
				"west": {"uv": [0, 0, 1, 11.5], "texture": "#1"},
				"up": {"uv": [0, 0, 5.5, 1], "texture": "#1"},
				"down": {"uv": [0, 0, 5.5, 1], "texture": "#1"}
			}
		},
		{
			"name": "shield17",
			"from": [9.5, 0.25, 5],
			"to": [10, 0.75, 6],
			"faces": {
				"north": {"uv": [0, 0, 5.5, 11.5], "texture": "#2"},
				"east": {"uv": [0, 0, 1, 11.5], "texture": "#2"},
				"south": {"uv": [0, 0, 5.5, 11.5], "texture": "#2"},
				"west": {"uv": [0, 0, 1, 11.5], "texture": "#2"},
				"up": {"uv": [0, 0, 5.5, 1], "texture": "#2"},
				"down": {"uv": [0, 0, 5.5, 1], "texture": "#2"}
			}
		},
		{
			"name": "shield17",
			"from": [10, 0.25, 5],
			"to": [12.5, 0.75, 6],
			"faces": {
				"north": {"uv": [0, 0, 5.5, 11.5], "texture": "#1"},
				"east": {"uv": [0, 0, 1, 11.5], "texture": "#1"},
				"south": {"uv": [0, 0, 5.5, 11.5], "texture": "#1"},
				"west": {"uv": [0, 0, 1, 11.5], "texture": "#1"},
				"up": {"uv": [0, 0, 5.5, 1], "texture": "#1"},
				"down": {"uv": [0, 0, 5.5, 1], "texture": "#1"}
			}
		},
		{
			"name": "shield17",
			"from": [6.5, 0.25, 5],
			"to": [9.5, 0.75, 6],
			"faces": {
				"north": {"uv": [0, 0, 5.5, 11.5], "texture": "#1"},
				"east": {"uv": [0, 0, 1, 11.5], "texture": "#1"},
				"south": {"uv": [0, 0, 5.5, 11.5], "texture": "#1"},
				"west": {"uv": [0, 0, 1, 11.5], "texture": "#1"},
				"up": {"uv": [0, 0, 5.5, 1], "texture": "#1"},
				"down": {"uv": [0, 0, 5.5, 1], "texture": "#1"}
			}
		},
		{
			"name": "shield17",
			"from": [6, 0.25, 5],
			"to": [6.5, 0.75, 6],
			"faces": {
				"north": {"uv": [0, 0, 5.5, 11.5], "texture": "#2"},
				"east": {"uv": [0, 0, 1, 11.5], "texture": "#2"},
				"south": {"uv": [0, 0, 5.5, 11.5], "texture": "#2"},
				"west": {"uv": [0, 0, 1, 11.5], "texture": "#2"},
				"up": {"uv": [0, 0, 5.5, 1], "texture": "#2"},
				"down": {"uv": [0, 0, 5.5, 1], "texture": "#2"}
			}
		},
		{
			"name": "shield17",
			"from": [3.5, 0.25, 5],
			"to": [6, 0.75, 6],
			"faces": {
				"north": {"uv": [0, 0, 5.5, 11.5], "texture": "#1"},
				"east": {"uv": [0, 0, 1, 11.5], "texture": "#1"},
				"south": {"uv": [0, 0, 5.5, 11.5], "texture": "#1"},
				"west": {"uv": [0, 0, 1, 11.5], "texture": "#1"},
				"up": {"uv": [0, 0, 5.5, 1], "texture": "#1"},
				"down": {"uv": [0, 0, 5.5, 1], "texture": "#1"}
			}
		},
		{
			"name": "shield17",
			"from": [3, 0.25, 5],
			"to": [3.5, 0.75, 6],
			"faces": {
				"north": {"uv": [0, 0, 5.5, 11.5], "texture": "#2"},
				"east": {"uv": [0, 0, 1, 11.5], "texture": "#2"},
				"south": {"uv": [0, 0, 5.5, 11.5], "texture": "#2"},
				"west": {"uv": [0, 0, 1, 11.5], "texture": "#2"},
				"up": {"uv": [0, 0, 5.5, 1], "texture": "#2"},
				"down": {"uv": [0, 0, 5.5, 1], "texture": "#2"}
			}
		},
		{
			"name": "shield17",
			"from": [2.5, 0.25, 5],
			"to": [3, 0.75, 6],
			"faces": {
				"north": {"uv": [0, 0, 5.5, 11.5], "texture": "#1"},
				"east": {"uv": [0, 0, 1, 11.5], "texture": "#1"},
				"south": {"uv": [0, 0, 5.5, 11.5], "texture": "#1"},
				"west": {"uv": [0, 0, 1, 11.5], "texture": "#1"},
				"up": {"uv": [0, 0, 5.5, 1], "texture": "#1"},
				"down": {"uv": [0, 0, 5.5, 1], "texture": "#1"}
			}
		},
		{
			"name": "shield17",
			"from": [3, 21.25, 5],
			"to": [3.5, 21.75, 6],
			"faces": {
				"north": {"uv": [0, 0, 5.5, 11.5], "texture": "#2"},
				"east": {"uv": [0, 0, 1, 11.5], "texture": "#2"},
				"south": {"uv": [0, 0, 5.5, 11.5], "texture": "#2"},
				"west": {"uv": [0, 0, 1, 11.5], "texture": "#2"},
				"up": {"uv": [0, 0, 5.5, 1], "texture": "#2"},
				"down": {"uv": [0, 0, 5.5, 1], "texture": "#2"}
			}
		},
		{
			"name": "shield17",
			"from": [3.5, 21.25, 5],
			"to": [6, 21.75, 6],
			"faces": {
				"north": {"uv": [0, 0, 5.5, 11.5], "texture": "#1"},
				"east": {"uv": [0, 0, 1, 11.5], "texture": "#1"},
				"south": {"uv": [0, 0, 5.5, 11.5], "texture": "#1"},
				"west": {"uv": [0, 0, 1, 11.5], "texture": "#1"},
				"up": {"uv": [0, 0, 5.5, 1], "texture": "#1"},
				"down": {"uv": [0, 0, 5.5, 1], "texture": "#1"}
			}
		},
		{
			"name": "shield17",
			"from": [6, 21.25, 5],
			"to": [6.5, 21.75, 6],
			"faces": {
				"north": {"uv": [0, 0, 5.5, 11.5], "texture": "#2"},
				"east": {"uv": [0, 0, 1, 11.5], "texture": "#2"},
				"south": {"uv": [0, 0, 5.5, 11.5], "texture": "#2"},
				"west": {"uv": [0, 0, 1, 11.5], "texture": "#2"},
				"up": {"uv": [0, 0, 5.5, 1], "texture": "#2"},
				"down": {"uv": [0, 0, 5.5, 1], "texture": "#2"}
			}
		},
		{
			"name": "shield17",
			"from": [6.5, 21.25, 5],
			"to": [9.5, 21.75, 6],
			"faces": {
				"north": {"uv": [0, 0, 5.5, 11.5], "texture": "#1"},
				"east": {"uv": [0, 0, 1, 11.5], "texture": "#1"},
				"south": {"uv": [0, 0, 5.5, 11.5], "texture": "#1"},
				"west": {"uv": [0, 0, 1, 11.5], "texture": "#1"},
				"up": {"uv": [0, 0, 5.5, 1], "texture": "#1"},
				"down": {"uv": [0, 0, 5.5, 1], "texture": "#1"}
			}
		},
		{
			"name": "shield17",
			"from": [9.5, 21.25, 5],
			"to": [10, 21.75, 6],
			"faces": {
				"north": {"uv": [0, 0, 5.5, 11.5], "texture": "#2"},
				"east": {"uv": [0, 0, 1, 11.5], "texture": "#2"},
				"south": {"uv": [0, 0, 5.5, 11.5], "texture": "#2"},
				"west": {"uv": [0, 0, 1, 11.5], "texture": "#2"},
				"up": {"uv": [0, 0, 5.5, 1], "texture": "#2"},
				"down": {"uv": [0, 0, 5.5, 1], "texture": "#2"}
			}
		},
		{
			"name": "shield17",
			"from": [2.5, 11.25, 5],
			"to": [13.5, 21.25, 6],
			"faces": {
				"north": {"uv": [0, 0, 5.5, 11.5], "texture": "#1"},
				"east": {"uv": [0, 0, 1, 11.5], "texture": "#1"},
				"south": {"uv": [0, 0, 5.5, 11.5], "texture": "#1"},
				"west": {"uv": [0, 0, 1, 11.5], "texture": "#1"},
				"up": {"uv": [0, 0, 5.5, 1], "texture": "#1"},
				"down": {"uv": [0, 0, 5.5, 1], "texture": "#1"}
			}
		},
		{
			"name": "shield17",
			"from": [12.5, 21.25, 5],
			"to": [13, 21.75, 6],
			"faces": {
				"north": {"uv": [0, 0, 5.5, 11.5], "texture": "#2"},
				"east": {"uv": [0, 0, 1, 11.5], "texture": "#2"},
				"south": {"uv": [0, 0, 5.5, 11.5], "texture": "#2"},
				"west": {"uv": [0, 0, 1, 11.5], "texture": "#2"},
				"up": {"uv": [0, 0, 5.5, 1], "texture": "#2"},
				"down": {"uv": [0, 0, 5.5, 1], "texture": "#2"}
			}
		},
		{
			"name": "shield17",
			"from": [13, 21.25, 5],
			"to": [13.5, 21.75, 6],
			"faces": {
				"north": {"uv": [0, 0, 5.5, 11.5], "texture": "#1"},
				"east": {"uv": [0, 0, 1, 11.5], "texture": "#1"},
				"south": {"uv": [0, 0, 5.5, 11.5], "texture": "#1"},
				"west": {"uv": [0, 0, 1, 11.5], "texture": "#1"},
				"up": {"uv": [0, 0, 5.5, 1], "texture": "#1"},
				"down": {"uv": [0, 0, 5.5, 1], "texture": "#1"}
			}
		},
		{
			"name": "shield17",
			"from": [10, 21.25, 5],
			"to": [12.5, 21.75, 6],
			"faces": {
				"north": {"uv": [0, 0, 5.5, 11.5], "texture": "#1"},
				"east": {"uv": [0, 0, 1, 11.5], "texture": "#1"},
				"south": {"uv": [0, 0, 5.5, 11.5], "texture": "#1"},
				"west": {"uv": [0, 0, 1, 11.5], "texture": "#1"},
				"up": {"uv": [0, 0, 5.5, 1], "texture": "#1"},
				"down": {"uv": [0, 0, 5.5, 1], "texture": "#1"}
			}
		},
		{
			"name": "shield17",
			"from": [2.5, 21.75, 5],
			"to": [13.5, 22, 6],
			"faces": {
				"north": {"uv": [0, 0, 5.5, 11.5], "texture": "#1"},
				"east": {"uv": [0, 0, 1, 11.5], "texture": "#1"},
				"south": {"uv": [0, 0, 5.5, 11.5], "texture": "#1"},
				"west": {"uv": [0, 0, 1, 11.5], "texture": "#1"},
				"up": {"uv": [0, 0, 5.5, 1], "texture": "#1"},
				"down": {"uv": [0, 0, 5.5, 1], "texture": "#1"}
			}
		},
		{
			"name": "shield17",
			"from": [3.5, 10.75, 5],
			"to": [12.5, 11.25, 6],
			"faces": {
				"north": {"uv": [0, 0, 5.5, 11.5], "texture": "#1"},
				"east": {"uv": [0, 0, 1, 11.5], "texture": "#1"},
				"south": {"uv": [0, 0, 5.5, 11.5], "texture": "#1"},
				"west": {"uv": [0, 0, 1, 11.5], "texture": "#1"},
				"up": {"uv": [0, 0, 5.5, 1], "texture": "#1"},
				"down": {"uv": [0, 0, 5.5, 1], "texture": "#1"}
			}
		},
		{
			"name": "shield17",
			"from": [2.5, 10.75, 5],
			"to": [3, 11.25, 6],
			"faces": {
				"north": {"uv": [0, 0, 5.5, 11.5], "texture": "#1"},
				"east": {"uv": [0, 0, 1, 11.5], "texture": "#1"},
				"south": {"uv": [0, 0, 5.5, 11.5], "texture": "#1"},
				"west": {"uv": [0, 0, 1, 11.5], "texture": "#1"},
				"up": {"uv": [0, 0, 5.5, 1], "texture": "#1"},
				"down": {"uv": [0, 0, 5.5, 1], "texture": "#1"}
			}
		},
		{
			"name": "shield17",
			"from": [3, 10.75, 5],
			"to": [3.5, 11.25, 6],
			"faces": {
				"north": {"uv": [0, 0, 5.5, 11.5], "texture": "#2"},
				"east": {"uv": [0, 0, 1, 11.5], "texture": "#2"},
				"south": {"uv": [0, 0, 5.5, 11.5], "texture": "#2"},
				"west": {"uv": [0, 0, 1, 11.5], "texture": "#2"},
				"up": {"uv": [0, 0, 5.5, 1], "texture": "#2"},
				"down": {"uv": [0, 0, 5.5, 1], "texture": "#2"}
			}
		},
		{
			"name": "shield17",
			"from": [13, 10.75, 5],
			"to": [13.5, 11.25, 6],
			"faces": {
				"north": {"uv": [0, 0, 5.5, 11.5], "texture": "#1"},
				"east": {"uv": [0, 0, 1, 11.5], "texture": "#1"},
				"south": {"uv": [0, 0, 5.5, 11.5], "texture": "#1"},
				"west": {"uv": [0, 0, 1, 11.5], "texture": "#1"},
				"up": {"uv": [0, 0, 5.5, 1], "texture": "#1"},
				"down": {"uv": [0, 0, 5.5, 1], "texture": "#1"}
			}
		},
		{
			"name": "shield17",
			"from": [12.5, 10.75, 5],
			"to": [13, 11.25, 6],
			"faces": {
				"north": {"uv": [0, 0, 5.5, 11.5], "texture": "#2"},
				"east": {"uv": [0, 0, 1, 11.5], "texture": "#2"},
				"south": {"uv": [0, 0, 5.5, 11.5], "texture": "#2"},
				"west": {"uv": [0, 0, 1, 11.5], "texture": "#2"},
				"up": {"uv": [0, 0, 5.5, 1], "texture": "#2"},
				"down": {"uv": [0, 0, 5.5, 1], "texture": "#2"}
			}
		},
		{
			"name": "hoods1_2",
			"from": [10.325, 20.845, 1],
			"to": [11.685, 21.105, 5],
			"rotation": {"angle": 0, "axis": "y", "origin": [3, 3.1, -1]},
			"faces": {
				"north": {"uv": [0, 0, 0.5, 0.5], "texture": "#1"},
				"east": {"uv": [0, 0, 1, 0.5], "texture": "#1"},
				"west": {"uv": [0, 0, 1, 0.5], "texture": "#1"},
				"up": {"uv": [0, 0, 1, 0.5], "texture": "#1"},
				"down": {"uv": [0, 0, 1, 0.5], "texture": "#1"}
			}
		},
		{
			"name": "hoods1_3",
			"from": [11.475, 20.314, 1],
			"to": [12.175, 20.589, 5],
			"rotation": {"angle": -22.5, "axis": "z", "origin": [12.875, 20.325, 5]},
			"faces": {
				"north": {"uv": [0, 0, 0.5, 0.5], "rotation": 90, "texture": "#1"},
				"east": {"uv": [0, 0, 0.5, 1], "rotation": 270, "texture": "#1"},
				"west": {"uv": [0, 0, 0.5, 1], "rotation": 270, "texture": "#1"},
				"up": {"uv": [0, 0, 1, 0.5], "rotation": 270, "texture": "#1"},
				"down": {"uv": [0, 0, 1, 0.5], "rotation": 270, "texture": "#1"}
			}
		},
		{
			"name": "hoods1_3",
			"from": [10.119, 21.747, 1],
			"to": [10.819, 22.022, 5],
			"rotation": {"angle": 22.5, "axis": "z", "origin": [12.875, 20.325, 5]},
			"faces": {
				"north": {"uv": [0, 0, 0.5, 0.5], "rotation": 90, "texture": "#1"},
				"east": {"uv": [0, 0, 0.5, 1], "rotation": 270, "texture": "#1"},
				"west": {"uv": [0, 0, 0.5, 1], "rotation": 270, "texture": "#1"},
				"up": {"uv": [0, 0, 1, 0.5], "rotation": 270, "texture": "#1"},
				"down": {"uv": [0, 0, 1, 0.5], "rotation": 270, "texture": "#1"}
			}
		},
		{
			"name": "hoods1_1",
			"from": [8.8, 18.775, 4],
			"to": [9.05, 19.6, 5],
			"rotation": {"angle": 0, "axis": "y", "origin": [3, 3.1, -1]},
			"faces": {
				"north": {"uv": [0, 0, 0.5, 1], "texture": "#1"},
				"east": {"uv": [0, 0, 0.5, 1], "texture": "#1"},
				"west": {"uv": [0, 0, 0.5, 1], "texture": "#1"},
				"up": {"uv": [0, 0, 0.5, 0.5], "texture": "#1"},
				"down": {"uv": [0, 0, 0.5, 0.5], "texture": "#1"}
			}
		},
		{
			"name": "hoods1_1",
			"from": [12.95, 18.775, 4],
			"to": [13.2, 19.6, 5],
			"rotation": {"angle": 0, "axis": "y", "origin": [3, 3.1, -1]},
			"faces": {
				"north": {"uv": [0, 0, 0.5, 1], "texture": "#1"},
				"east": {"uv": [0, 0, 0.5, 1], "texture": "#1"},
				"west": {"uv": [0, 0, 0.5, 1], "texture": "#1"},
				"up": {"uv": [0, 0, 0.5, 0.5], "texture": "#1"},
				"down": {"uv": [0, 0, 0.5, 0.5], "texture": "#1"}
			}
		},
		{
			"name": "hoods1_3",
			"from": [9.392, 18.092, 3],
			"to": [9.667, 18.767, 5],
			"rotation": {"angle": -22.5, "axis": "z", "origin": [12.875, 20.325, 5]},
			"faces": {
				"north": {"uv": [0, 0, 0.5, 0.5], "texture": "#1"},
				"east": {"uv": [0, 0, 1, 0.5], "texture": "#1"},
				"west": {"uv": [0, 0, 1, 0.5], "texture": "#1"},
				"up": {"uv": [0, 0, 0.5, 1], "texture": "#1"},
				"down": {"uv": [0, 0, 0.5, 1], "texture": "#1"}
			}
		},
		{
			"name": "hoods1_3",
			"from": [12.625, 19.525, 3],
			"to": [12.9, 20.2, 5],
			"rotation": {"angle": 22.5, "axis": "z", "origin": [12.875, 20.325, 5]},
			"faces": {
				"north": {"uv": [0, 0, 0.5, 0.5], "texture": "#1"},
				"east": {"uv": [0, 0, 1, 0.5], "texture": "#1"},
				"west": {"uv": [0, 0, 1, 0.5], "texture": "#1"},
				"up": {"uv": [0, 0, 0.5, 1], "texture": "#1"},
				"down": {"uv": [0, 0, 0.5, 1], "texture": "#1"}
			}
		},
		{
			"name": "hoods1_3",
			"from": [10.103, 22.672, 3],
			"to": [10.978, 22.947, 5],
			"rotation": {"angle": 45, "axis": "z", "origin": [12.875, 20.325, 5]},
			"faces": {
				"north": {"uv": [0, 0, 0.5, 0.5], "rotation": 90, "texture": "#1"},
				"east": {"uv": [0, 0, 0.5, 1], "rotation": 270, "texture": "#1"},
				"west": {"uv": [0, 0, 0.5, 1], "rotation": 270, "texture": "#1"},
				"up": {"uv": [0, 0, 1, 0.5], "rotation": 270, "texture": "#1"},
				"down": {"uv": [0, 0, 1, 0.5], "rotation": 270, "texture": "#1"}
			}
		},
		{
			"name": "hoods1_3",
			"from": [12.575, 20.2, 3],
			"to": [12.85, 21.075, 5],
			"rotation": {"angle": 45, "axis": "z", "origin": [12.875, 20.325, 5]},
			"faces": {
				"north": {"uv": [0, 0, 0.5, 0.5], "texture": "#1"},
				"east": {"uv": [0, 0, 1, 0.5], "texture": "#1"},
				"west": {"uv": [0, 0, 1, 0.5], "texture": "#1"},
				"up": {"uv": [0, 0, 0.5, 1], "texture": "#1"},
				"down": {"uv": [0, 0, 0.5, 1], "texture": "#1"}
			}
		},
		{
			"name": "hoods1_2",
			"from": [10.325, 20.845, 1],
			"to": [11.685, 21.105, 5],
			"rotation": {"angle": 0, "axis": "y", "origin": [3, 3.1, -1]},
			"faces": {
				"north": {"uv": [0, 0, 0.5, 0.5], "texture": "#1"},
				"east": {"uv": [0, 0, 1, 0.5], "texture": "#1"},
				"west": {"uv": [0, 0, 1, 0.5], "texture": "#1"},
				"up": {"uv": [0, 0, 1, 0.5], "texture": "#1"},
				"down": {"uv": [0, 0, 1, 0.5], "texture": "#1"}
			}
		},
		{
			"name": "hoods1_3",
			"from": [12.575, 20.2, 3],
			"to": [12.85, 21.075, 5],
			"rotation": {"angle": 45, "axis": "z", "origin": [12.875, 20.325, 5]},
			"faces": {
				"north": {"uv": [0, 0, 0.5, 0.5], "texture": "#1"},
				"east": {"uv": [0, 0, 1, 0.5], "texture": "#1"},
				"west": {"uv": [0, 0, 1, 0.5], "texture": "#1"},
				"up": {"uv": [0, 0, 0.5, 1], "texture": "#1"},
				"down": {"uv": [0, 0, 0.5, 1], "texture": "#1"}
			}
		},
		{
			"name": "hoods1_3",
			"from": [10.103, 22.672, 3],
			"to": [10.978, 22.947, 5],
			"rotation": {"angle": 45, "axis": "z", "origin": [12.875, 20.325, 5]},
			"faces": {
				"north": {"uv": [0, 0, 0.5, 0.5], "rotation": 90, "texture": "#1"},
				"east": {"uv": [0, 0, 0.5, 1], "rotation": 270, "texture": "#1"},
				"west": {"uv": [0, 0, 0.5, 1], "rotation": 270, "texture": "#1"},
				"up": {"uv": [0, 0, 1, 0.5], "rotation": 270, "texture": "#1"},
				"down": {"uv": [0, 0, 1, 0.5], "rotation": 270, "texture": "#1"}
			}
		},
		{
			"name": "hoods1_3",
			"from": [12.625, 19.525, 3],
			"to": [12.9, 20.2, 5],
			"rotation": {"angle": 22.5, "axis": "z", "origin": [12.875, 20.325, 5]},
			"faces": {
				"north": {"uv": [0, 0, 0.5, 0.5], "texture": "#1"},
				"east": {"uv": [0, 0, 1, 0.5], "texture": "#1"},
				"west": {"uv": [0, 0, 1, 0.5], "texture": "#1"},
				"up": {"uv": [0, 0, 0.5, 1], "texture": "#1"},
				"down": {"uv": [0, 0, 0.5, 1], "texture": "#1"}
			}
		},
		{
			"name": "hoods1_3",
			"from": [9.392, 18.092, 3],
			"to": [9.667, 18.767, 5],
			"rotation": {"angle": -22.5, "axis": "z", "origin": [12.875, 20.325, 5]},
			"faces": {
				"north": {"uv": [0, 0, 0.5, 0.5], "texture": "#1"},
				"east": {"uv": [0, 0, 1, 0.5], "texture": "#1"},
				"west": {"uv": [0, 0, 1, 0.5], "texture": "#1"},
				"up": {"uv": [0, 0, 0.5, 1], "texture": "#1"},
				"down": {"uv": [0, 0, 0.5, 1], "texture": "#1"}
			}
		},
		{
			"name": "hoods1_1",
			"from": [12.95, 18.775, 4],
			"to": [13.2, 19.6, 5],
			"rotation": {"angle": 0, "axis": "y", "origin": [3, 3.1, -1]},
			"faces": {
				"north": {"uv": [0, 0, 0.5, 1], "texture": "#1"},
				"east": {"uv": [0, 0, 0.5, 1], "texture": "#1"},
				"west": {"uv": [0, 0, 0.5, 1], "texture": "#1"},
				"up": {"uv": [0, 0, 0.5, 0.5], "texture": "#1"},
				"down": {"uv": [0, 0, 0.5, 0.5], "texture": "#1"}
			}
		},
		{
			"name": "hoods1_1",
			"from": [8.8, 18.775, 4],
			"to": [9.05, 19.6, 5],
			"rotation": {"angle": 0, "axis": "y", "origin": [3, 3.1, -1]},
			"faces": {
				"north": {"uv": [0, 0, 0.5, 1], "texture": "#1"},
				"east": {"uv": [0, 0, 0.5, 1], "texture": "#1"},
				"west": {"uv": [0, 0, 0.5, 1], "texture": "#1"},
				"up": {"uv": [0, 0, 0.5, 0.5], "texture": "#1"},
				"down": {"uv": [0, 0, 0.5, 0.5], "texture": "#1"}
			}
		},
		{
			"name": "hoods1_3",
			"from": [10.119, 21.747, 1],
			"to": [10.819, 22.022, 5],
			"rotation": {"angle": 22.5, "axis": "z", "origin": [12.875, 20.325, 5]},
			"faces": {
				"north": {"uv": [0, 0, 0.5, 0.5], "rotation": 90, "texture": "#1"},
				"east": {"uv": [0, 0, 0.5, 1], "rotation": 270, "texture": "#1"},
				"west": {"uv": [0, 0, 0.5, 1], "rotation": 270, "texture": "#1"},
				"up": {"uv": [0, 0, 1, 0.5], "rotation": 270, "texture": "#1"},
				"down": {"uv": [0, 0, 1, 0.5], "rotation": 270, "texture": "#1"}
			}
		},
		{
			"name": "hoods1_3",
			"from": [11.475, 20.314, 1],
			"to": [12.175, 20.589, 5],
			"rotation": {"angle": -22.5, "axis": "z", "origin": [12.875, 20.325, 5]},
			"faces": {
				"north": {"uv": [0, 0, 0.5, 0.5], "rotation": 90, "texture": "#1"},
				"east": {"uv": [0, 0, 0.5, 1], "rotation": 270, "texture": "#1"},
				"west": {"uv": [0, 0, 0.5, 1], "rotation": 270, "texture": "#1"},
				"up": {"uv": [0, 0, 1, 0.5], "rotation": 270, "texture": "#1"},
				"down": {"uv": [0, 0, 1, 0.5], "rotation": 270, "texture": "#1"}
			}
		},
		{
			"name": "hoods1_2",
			"from": [10.325, 15.845, 1],
			"to": [11.685, 16.105, 5],
			"rotation": {"angle": 0, "axis": "y", "origin": [3, -1.9, -1]},
			"faces": {
				"north": {"uv": [0, 0, 0.5, 0.5], "texture": "#1"},
				"east": {"uv": [0, 0, 1, 0.5], "texture": "#1"},
				"west": {"uv": [0, 0, 1, 0.5], "texture": "#1"},
				"up": {"uv": [0, 0, 1, 0.5], "texture": "#1"},
				"down": {"uv": [0, 0, 1, 0.5], "texture": "#1"}
			}
		},
		{
			"name": "hoods1_3",
			"from": [12.575, 15.2, 3],
			"to": [12.85, 16.075, 5],
			"rotation": {"angle": 45, "axis": "z", "origin": [12.875, 15.325, 5]},
			"faces": {
				"north": {"uv": [0, 0, 0.5, 0.5], "texture": "#1"},
				"east": {"uv": [0, 0, 1, 0.5], "texture": "#1"},
				"west": {"uv": [0, 0, 1, 0.5], "texture": "#1"},
				"up": {"uv": [0, 0, 0.5, 1], "texture": "#1"},
				"down": {"uv": [0, 0, 0.5, 1], "texture": "#1"}
			}
		},
		{
			"name": "hoods1_3",
			"from": [10.103, 17.672, 3],
			"to": [10.978, 17.947, 5],
			"rotation": {"angle": 45, "axis": "z", "origin": [12.875, 15.325, 5]},
			"faces": {
				"north": {"uv": [0, 0, 0.5, 0.5], "rotation": 90, "texture": "#1"},
				"east": {"uv": [0, 0, 0.5, 1], "rotation": 270, "texture": "#1"},
				"west": {"uv": [0, 0, 0.5, 1], "rotation": 270, "texture": "#1"},
				"up": {"uv": [0, 0, 1, 0.5], "rotation": 270, "texture": "#1"},
				"down": {"uv": [0, 0, 1, 0.5], "rotation": 270, "texture": "#1"}
			}
		},
		{
			"name": "hoods1_3",
			"from": [12.625, 14.525, 3],
			"to": [12.9, 15.2, 5],
			"rotation": {"angle": 22.5, "axis": "z", "origin": [12.875, 15.325, 5]},
			"faces": {
				"north": {"uv": [0, 0, 0.5, 0.5], "texture": "#1"},
				"east": {"uv": [0, 0, 1, 0.5], "texture": "#1"},
				"west": {"uv": [0, 0, 1, 0.5], "texture": "#1"},
				"up": {"uv": [0, 0, 0.5, 1], "texture": "#1"},
				"down": {"uv": [0, 0, 0.5, 1], "texture": "#1"}
			}
		},
		{
			"name": "hoods1_3",
			"from": [9.392, 13.092, 3],
			"to": [9.667, 13.767, 5],
			"rotation": {"angle": -22.5, "axis": "z", "origin": [12.875, 15.325, 5]},
			"faces": {
				"north": {"uv": [0, 0, 0.5, 0.5], "texture": "#1"},
				"east": {"uv": [0, 0, 1, 0.5], "texture": "#1"},
				"west": {"uv": [0, 0, 1, 0.5], "texture": "#1"},
				"up": {"uv": [0, 0, 0.5, 1], "texture": "#1"},
				"down": {"uv": [0, 0, 0.5, 1], "texture": "#1"}
			}
		},
		{
			"name": "hoods1_1",
			"from": [12.95, 13.775, 4],
			"to": [13.2, 14.6, 5],
			"rotation": {"angle": 0, "axis": "y", "origin": [3, -1.9, -1]},
			"faces": {
				"north": {"uv": [0, 0, 0.5, 1], "texture": "#1"},
				"east": {"uv": [0, 0, 0.5, 1], "texture": "#1"},
				"west": {"uv": [0, 0, 0.5, 1], "texture": "#1"},
				"up": {"uv": [0, 0, 0.5, 0.5], "texture": "#1"},
				"down": {"uv": [0, 0, 0.5, 0.5], "texture": "#1"}
			}
		},
		{
			"name": "hoods1_1",
			"from": [8.8, 13.775, 4],
			"to": [9.05, 14.6, 5],
			"rotation": {"angle": 0, "axis": "y", "origin": [3, -1.9, -1]},
			"faces": {
				"north": {"uv": [0, 0, 0.5, 1], "texture": "#1"},
				"east": {"uv": [0, 0, 0.5, 1], "texture": "#1"},
				"west": {"uv": [0, 0, 0.5, 1], "texture": "#1"},
				"up": {"uv": [0, 0, 0.5, 0.5], "texture": "#1"},
				"down": {"uv": [0, 0, 0.5, 0.5], "texture": "#1"}
			}
		},
		{
			"name": "hoods1_3",
			"from": [10.119, 16.747, 1],
			"to": [10.819, 17.022, 5],
			"rotation": {"angle": 22.5, "axis": "z", "origin": [12.875, 15.325, 5]},
			"faces": {
				"north": {"uv": [0, 0, 0.5, 0.5], "rotation": 90, "texture": "#1"},
				"east": {"uv": [0, 0, 0.5, 1], "rotation": 270, "texture": "#1"},
				"west": {"uv": [0, 0, 0.5, 1], "rotation": 270, "texture": "#1"},
				"up": {"uv": [0, 0, 1, 0.5], "rotation": 270, "texture": "#1"},
				"down": {"uv": [0, 0, 1, 0.5], "rotation": 270, "texture": "#1"}
			}
		},
		{
			"name": "hoods1_3",
			"from": [11.475, 15.314, 1],
			"to": [12.175, 15.589, 5],
			"rotation": {"angle": -22.5, "axis": "z", "origin": [12.875, 15.325, 5]},
			"faces": {
				"north": {"uv": [0, 0, 0.5, 0.5], "rotation": 90, "texture": "#1"},
				"east": {"uv": [0, 0, 0.5, 1], "rotation": 270, "texture": "#1"},
				"west": {"uv": [0, 0, 0.5, 1], "rotation": 270, "texture": "#1"},
				"up": {"uv": [0, 0, 1, 0.5], "rotation": 270, "texture": "#1"},
				"down": {"uv": [0, 0, 1, 0.5], "rotation": 270, "texture": "#1"}
			}
		},
		{
			"name": "hoods1_2",
			"from": [4.325, 15.845, 1],
			"to": [5.685, 16.105, 5],
			"rotation": {"angle": 0, "axis": "y", "origin": [-3, -1.9, -1]},
			"faces": {
				"north": {"uv": [0, 0, 0.5, 0.5], "texture": "#1"},
				"east": {"uv": [0, 0, 1, 0.5], "texture": "#1"},
				"west": {"uv": [0, 0, 1, 0.5], "texture": "#1"},
				"up": {"uv": [0, 0, 1, 0.5], "texture": "#1"},
				"down": {"uv": [0, 0, 1, 0.5], "texture": "#1"}
			}
		},
		{
			"name": "hoods1_3",
			"from": [6.575, 15.2, 3],
			"to": [6.85, 16.075, 5],
			"rotation": {"angle": 45, "axis": "z", "origin": [6.875, 15.325, 5]},
			"faces": {
				"north": {"uv": [0, 0, 0.5, 0.5], "texture": "#1"},
				"east": {"uv": [0, 0, 1, 0.5], "texture": "#1"},
				"west": {"uv": [0, 0, 1, 0.5], "texture": "#1"},
				"up": {"uv": [0, 0, 0.5, 1], "texture": "#1"},
				"down": {"uv": [0, 0, 0.5, 1], "texture": "#1"}
			}
		},
		{
			"name": "hoods1_3",
			"from": [4.103, 17.672, 3],
			"to": [4.978, 17.947, 5],
			"rotation": {"angle": 45, "axis": "z", "origin": [6.875, 15.325, 5]},
			"faces": {
				"north": {"uv": [0, 0, 0.5, 0.5], "rotation": 90, "texture": "#1"},
				"east": {"uv": [0, 0, 0.5, 1], "rotation": 270, "texture": "#1"},
				"west": {"uv": [0, 0, 0.5, 1], "rotation": 270, "texture": "#1"},
				"up": {"uv": [0, 0, 1, 0.5], "rotation": 270, "texture": "#1"},
				"down": {"uv": [0, 0, 1, 0.5], "rotation": 270, "texture": "#1"}
			}
		},
		{
			"name": "hoods1_3",
			"from": [6.625, 14.525, 3],
			"to": [6.9, 15.2, 5],
			"rotation": {"angle": 22.5, "axis": "z", "origin": [6.875, 15.325, 5]},
			"faces": {
				"north": {"uv": [0, 0, 0.5, 0.5], "texture": "#1"},
				"east": {"uv": [0, 0, 1, 0.5], "texture": "#1"},
				"west": {"uv": [0, 0, 1, 0.5], "texture": "#1"},
				"up": {"uv": [0, 0, 0.5, 1], "texture": "#1"},
				"down": {"uv": [0, 0, 0.5, 1], "texture": "#1"}
			}
		},
		{
			"name": "hoods1_3",
			"from": [3.392, 13.092, 3],
			"to": [3.667, 13.767, 5],
			"rotation": {"angle": -22.5, "axis": "z", "origin": [6.875, 15.325, 5]},
			"faces": {
				"north": {"uv": [0, 0, 0.5, 0.5], "texture": "#1"},
				"east": {"uv": [0, 0, 1, 0.5], "texture": "#1"},
				"west": {"uv": [0, 0, 1, 0.5], "texture": "#1"},
				"up": {"uv": [0, 0, 0.5, 1], "texture": "#1"},
				"down": {"uv": [0, 0, 0.5, 1], "texture": "#1"}
			}
		},
		{
			"name": "hoods1_1",
			"from": [6.95, 13.775, 4],
			"to": [7.2, 14.6, 5],
			"rotation": {"angle": 0, "axis": "y", "origin": [-3, -1.9, -1]},
			"faces": {
				"north": {"uv": [0, 0, 0.5, 1], "texture": "#1"},
				"east": {"uv": [0, 0, 0.5, 1], "texture": "#1"},
				"west": {"uv": [0, 0, 0.5, 1], "texture": "#1"},
				"up": {"uv": [0, 0, 0.5, 0.5], "texture": "#1"},
				"down": {"uv": [0, 0, 0.5, 0.5], "texture": "#1"}
			}
		},
		{
			"name": "hoods1_1",
			"from": [2.8, 13.775, 4],
			"to": [3.05, 14.6, 5],
			"rotation": {"angle": 0, "axis": "y", "origin": [-3, -1.9, -1]},
			"faces": {
				"north": {"uv": [0, 0, 0.5, 1], "texture": "#1"},
				"east": {"uv": [0, 0, 0.5, 1], "texture": "#1"},
				"west": {"uv": [0, 0, 0.5, 1], "texture": "#1"},
				"up": {"uv": [0, 0, 0.5, 0.5], "texture": "#1"},
				"down": {"uv": [0, 0, 0.5, 0.5], "texture": "#1"}
			}
		},
		{
			"name": "hoods1_3",
			"from": [4.119, 16.747, 1],
			"to": [4.819, 17.022, 5],
			"rotation": {"angle": 22.5, "axis": "z", "origin": [6.875, 15.325, 5]},
			"faces": {
				"north": {"uv": [0, 0, 0.5, 0.5], "rotation": 90, "texture": "#1"},
				"east": {"uv": [0, 0, 0.5, 1], "rotation": 270, "texture": "#1"},
				"west": {"uv": [0, 0, 0.5, 1], "rotation": 270, "texture": "#1"},
				"up": {"uv": [0, 0, 1, 0.5], "rotation": 270, "texture": "#1"},
				"down": {"uv": [0, 0, 1, 0.5], "rotation": 270, "texture": "#1"}
			}
		},
		{
			"name": "hoods1_3",
			"from": [5.475, 15.314, 1],
			"to": [6.175, 15.589, 5],
			"rotation": {"angle": -22.5, "axis": "z", "origin": [6.875, 15.325, 5]},
			"faces": {
				"north": {"uv": [0, 0, 0.5, 0.5], "rotation": 90, "texture": "#1"},
				"east": {"uv": [0, 0, 0.5, 1], "rotation": 270, "texture": "#1"},
				"west": {"uv": [0, 0, 0.5, 1], "rotation": 270, "texture": "#1"},
				"up": {"uv": [0, 0, 1, 0.5], "rotation": 270, "texture": "#1"},
				"down": {"uv": [0, 0, 1, 0.5], "rotation": 270, "texture": "#1"}
			}
		},
		{
			"name": "hoods1_2",
			"from": [10.325, 4.845, 1],
			"to": [11.685, 5.105, 5],
			"rotation": {"angle": 0, "axis": "y", "origin": [3, -12.9, -1]},
			"faces": {
				"north": {"uv": [0, 0, 0.5, 0.5], "texture": "#1"},
				"east": {"uv": [0, 0, 1, 0.5], "texture": "#1"},
				"west": {"uv": [0, 0, 1, 0.5], "texture": "#1"},
				"up": {"uv": [0, 0, 1, 0.5], "texture": "#1"},
				"down": {"uv": [0, 0, 1, 0.5], "texture": "#1"}
			}
		},
		{
			"name": "hoods1_3",
			"from": [12.575, 4.2, 3],
			"to": [12.85, 5.075, 5],
			"rotation": {"angle": 45, "axis": "z", "origin": [12.875, 4.325, 5]},
			"faces": {
				"north": {"uv": [0, 0, 0.5, 0.5], "texture": "#1"},
				"east": {"uv": [0, 0, 1, 0.5], "texture": "#1"},
				"west": {"uv": [0, 0, 1, 0.5], "texture": "#1"},
				"up": {"uv": [0, 0, 0.5, 1], "texture": "#1"},
				"down": {"uv": [0, 0, 0.5, 1], "texture": "#1"}
			}
		},
		{
			"name": "hoods1_3",
			"from": [10.103, 6.672, 3],
			"to": [10.978, 6.947, 5],
			"rotation": {"angle": 45, "axis": "z", "origin": [12.875, 4.325, 5]},
			"faces": {
				"north": {"uv": [0, 0, 0.5, 0.5], "rotation": 90, "texture": "#1"},
				"east": {"uv": [0, 0, 0.5, 1], "rotation": 270, "texture": "#1"},
				"west": {"uv": [0, 0, 0.5, 1], "rotation": 270, "texture": "#1"},
				"up": {"uv": [0, 0, 1, 0.5], "rotation": 270, "texture": "#1"},
				"down": {"uv": [0, 0, 1, 0.5], "rotation": 270, "texture": "#1"}
			}
		},
		{
			"name": "hoods1_3",
			"from": [12.625, 3.525, 3],
			"to": [12.9, 4.2, 5],
			"rotation": {"angle": 22.5, "axis": "z", "origin": [12.875, 4.325, 5]},
			"faces": {
				"north": {"uv": [0, 0, 0.5, 0.5], "texture": "#1"},
				"east": {"uv": [0, 0, 1, 0.5], "texture": "#1"},
				"west": {"uv": [0, 0, 1, 0.5], "texture": "#1"},
				"up": {"uv": [0, 0, 0.5, 1], "texture": "#1"},
				"down": {"uv": [0, 0, 0.5, 1], "texture": "#1"}
			}
		},
		{
			"name": "hoods1_3",
			"from": [9.392, 2.092, 3],
			"to": [9.667, 2.767, 5],
			"rotation": {"angle": -22.5, "axis": "z", "origin": [12.875, 4.325, 5]},
			"faces": {
				"north": {"uv": [0, 0, 0.5, 0.5], "texture": "#1"},
				"east": {"uv": [0, 0, 1, 0.5], "texture": "#1"},
				"west": {"uv": [0, 0, 1, 0.5], "texture": "#1"},
				"up": {"uv": [0, 0, 0.5, 1], "texture": "#1"},
				"down": {"uv": [0, 0, 0.5, 1], "texture": "#1"}
			}
		},
		{
			"name": "hoods1_1",
			"from": [12.95, 2.775, 4],
			"to": [13.2, 3.6, 5],
			"rotation": {"angle": 0, "axis": "y", "origin": [3, -12.9, -1]},
			"faces": {
				"north": {"uv": [0, 0, 0.5, 1], "texture": "#1"},
				"east": {"uv": [0, 0, 0.5, 1], "texture": "#1"},
				"west": {"uv": [0, 0, 0.5, 1], "texture": "#1"},
				"up": {"uv": [0, 0, 0.5, 0.5], "texture": "#1"},
				"down": {"uv": [0, 0, 0.5, 0.5], "texture": "#1"}
			}
		},
		{
			"name": "hoods1_1",
			"from": [8.8, 2.775, 4],
			"to": [9.05, 3.6, 5],
			"rotation": {"angle": 0, "axis": "y", "origin": [3, -12.9, -1]},
			"faces": {
				"north": {"uv": [0, 0, 0.5, 1], "texture": "#1"},
				"east": {"uv": [0, 0, 0.5, 1], "texture": "#1"},
				"west": {"uv": [0, 0, 0.5, 1], "texture": "#1"},
				"up": {"uv": [0, 0, 0.5, 0.5], "texture": "#1"},
				"down": {"uv": [0, 0, 0.5, 0.5], "texture": "#1"}
			}
		},
		{
			"name": "hoods1_3",
			"from": [10.119, 5.747, 1],
			"to": [10.819, 6.022, 5],
			"rotation": {"angle": 22.5, "axis": "z", "origin": [12.875, 4.325, 5]},
			"faces": {
				"north": {"uv": [0, 0, 0.5, 0.5], "rotation": 90, "texture": "#1"},
				"east": {"uv": [0, 0, 0.5, 1], "rotation": 270, "texture": "#1"},
				"west": {"uv": [0, 0, 0.5, 1], "rotation": 270, "texture": "#1"},
				"up": {"uv": [0, 0, 1, 0.5], "rotation": 270, "texture": "#1"},
				"down": {"uv": [0, 0, 1, 0.5], "rotation": 270, "texture": "#1"}
			}
		},
		{
			"name": "hoods1_3",
			"from": [11.475, 4.314, 1],
			"to": [12.175, 4.589, 5],
			"rotation": {"angle": -22.5, "axis": "z", "origin": [12.875, 4.325, 5]},
			"faces": {
				"north": {"uv": [0, 0, 0.5, 0.5], "rotation": 90, "texture": "#1"},
				"east": {"uv": [0, 0, 0.5, 1], "rotation": 270, "texture": "#1"},
				"west": {"uv": [0, 0, 0.5, 1], "rotation": 270, "texture": "#1"},
				"up": {"uv": [0, 0, 1, 0.5], "rotation": 270, "texture": "#1"},
				"down": {"uv": [0, 0, 1, 0.5], "rotation": 270, "texture": "#1"}
			}
		},
		{
			"name": "hoods1_2",
			"from": [10.127, 10.674, 3],
			"to": [10.763, 10.934, 5],
			"rotation": {"angle": 0, "axis": "y", "origin": [10.419, 10.875, 5]},
			"faces": {
				"north": {"uv": [0, 0, 0.5, 0.5], "rotation": 180, "texture": "#1"},
				"east": {"uv": [0, 0, 1, 0.5], "rotation": 180, "texture": "#1"},
				"west": {"uv": [0, 0, 1, 0.5], "rotation": 180, "texture": "#1"},
				"up": {"uv": [0, 0, 1, 0.5], "rotation": 180, "texture": "#1"},
				"down": {"uv": [0, 0, 1, 0.5], "rotation": 180, "texture": "#1"}
			}
		},
		{
			"name": "hoods1_2",
			"from": [11.415, 9.474, 4],
			"to": [11.675, 9.93, 5],
			"rotation": {"angle": 0, "axis": "y", "origin": [10.339, 10.547, 5]},
			"faces": {
				"north": {"uv": [0, 0, 0.5, 0.5], "rotation": 90, "texture": "#1"},
				"east": {"uv": [0, 0, 1, 0.5], "rotation": 270, "texture": "#1"},
				"west": {"uv": [0, 0, 1, 0.5], "rotation": 270, "texture": "#1"},
				"up": {"uv": [0, 0, 1, 0.5], "rotation": 270, "texture": "#1"},
				"down": {"uv": [0, 0, 1, 0.5], "rotation": 270, "texture": "#1"}
			}
		},
		{
			"name": "hoods1_2",
			"from": [9.215, 9.474, 4],
			"to": [9.475, 9.93, 5],
			"rotation": {"angle": 0, "axis": "y", "origin": [10.339, 10.547, 5]},
			"faces": {
				"north": {"uv": [0, 0, 0.5, 0.5], "rotation": 90, "texture": "#1"},
				"east": {"uv": [0, 0, 1, 0.5], "rotation": 270, "texture": "#1"},
				"west": {"uv": [0, 0, 1, 0.5], "rotation": 270, "texture": "#1"},
				"up": {"uv": [0, 0, 1, 0.5], "rotation": 270, "texture": "#1"},
				"down": {"uv": [0, 0, 1, 0.5], "rotation": 270, "texture": "#1"}
			}
		},
		{
			"name": "hoods1_2",
			"from": [11.077, 9.466, 4],
			"to": [11.337, 10.074, 5],
			"rotation": {"angle": 22.5, "axis": "z", "origin": [10.339, 10.547, 5]},
			"faces": {
				"north": {"uv": [0, 0, 0.5, 0.5], "rotation": 90, "texture": "#1"},
				"east": {"uv": [0, 0, 1, 0.5], "rotation": 270, "texture": "#1"},
				"west": {"uv": [0, 0, 1, 0.5], "rotation": 270, "texture": "#1"},
				"up": {"uv": [0, 0, 1, 0.5], "rotation": 270, "texture": "#1"},
				"down": {"uv": [0, 0, 1, 0.5], "rotation": 270, "texture": "#1"}
			}
		},
		{
			"name": "hoods1_2",
			"from": [9.537, 9.546, 4],
			"to": [9.797, 10.154, 5],
			"rotation": {"angle": -22.5, "axis": "z", "origin": [10.339, 10.547, 5]},
			"faces": {
				"north": {"uv": [0, 0, 0.5, 0.5], "rotation": 90, "texture": "#1"},
				"east": {"uv": [0, 0, 1, 0.5], "rotation": 270, "texture": "#1"},
				"west": {"uv": [0, 0, 1, 0.5], "rotation": 270, "texture": "#1"},
				"up": {"uv": [0, 0, 1, 0.5], "rotation": 270, "texture": "#1"},
				"down": {"uv": [0, 0, 1, 0.5], "rotation": 270, "texture": "#1"}
			}
		},
		{
			"name": "hoods1_2",
			"from": [10.676, 9.863, 4],
			"to": [10.936, 10.223, 5],
			"rotation": {"angle": 45, "axis": "z", "origin": [10.435, 10.787, 5]},
			"faces": {
				"north": {"uv": [0, 0, 0.5, 0.5], "rotation": 90, "texture": "#1"},
				"east": {"uv": [0, 0, 1, 0.5], "rotation": 270, "texture": "#1"},
				"west": {"uv": [0, 0, 1, 0.5], "rotation": 270, "texture": "#1"},
				"up": {"uv": [0, 0, 1, 0.5], "rotation": 270, "texture": "#1"},
				"down": {"uv": [0, 0, 1, 0.5], "rotation": 270, "texture": "#1"}
			}
		},
		{
			"name": "hoods1_2",
			"from": [9.535, 11.022, 4],
			"to": [9.895, 11.282, 5],
			"rotation": {"angle": 45, "axis": "z", "origin": [10.435, 10.787, 5]},
			"faces": {
				"north": {"uv": [0, 0, 0.5, 0.5], "texture": "#1"},
				"east": {"uv": [0, 0, 1, 0.5], "texture": "#1"},
				"west": {"uv": [0, 0, 1, 0.5], "texture": "#1"},
				"up": {"uv": [0, 0, 1, 0.5], "texture": "#1"},
				"down": {"uv": [0, 0, 1, 0.5], "texture": "#1"}
			}
		},
		{
			"name": "hoods1_2",
			"from": [10.685, 10.785, 3],
			"to": [11.149, 11.045, 5],
			"rotation": {"angle": -22.5, "axis": "z", "origin": [10.435, 10.787, 5]},
			"faces": {
				"north": {"uv": [0, 0, 0.5, 0.5], "rotation": 180, "texture": "#1"},
				"east": {"uv": [0, 0, 1, 0.5], "rotation": 180, "texture": "#1"},
				"west": {"uv": [0, 0, 1, 0.5], "rotation": 180, "texture": "#1"},
				"up": {"uv": [0, 0, 1, 0.5], "rotation": 180, "texture": "#1"},
				"down": {"uv": [0, 0, 1, 0.5], "rotation": 180, "texture": "#1"}
			}
		},
		{
			"name": "hoods1_2",
			"from": [9.745, 10.777, 3],
			"to": [10.209, 11.037, 5],
			"rotation": {"angle": 22.5, "axis": "z", "origin": [10.435, 10.787, 5]},
			"faces": {
				"north": {"uv": [0, 0, 0.5, 0.5], "texture": "#1"},
				"east": {"uv": [0, 0, 1, 0.5], "texture": "#1"},
				"west": {"uv": [0, 0, 1, 0.5], "texture": "#1"},
				"up": {"uv": [0, 0, 1, 0.5], "texture": "#1"},
				"down": {"uv": [0, 0, 1, 0.5], "texture": "#1"}
			}
		},
		{
			"name": "hoods1_2",
			"from": [10.127, 10.674, 3],
			"to": [10.763, 10.934, 5],
			"rotation": {"angle": 0, "axis": "y", "origin": [10.419, 10.875, 5]},
			"faces": {
				"north": {"uv": [0, 0, 0.5, 0.5], "rotation": 180, "texture": "#1"},
				"east": {"uv": [0, 0, 1, 0.5], "rotation": 180, "texture": "#1"},
				"west": {"uv": [0, 0, 1, 0.5], "rotation": 180, "texture": "#1"},
				"up": {"uv": [0, 0, 1, 0.5], "rotation": 180, "texture": "#1"},
				"down": {"uv": [0, 0, 1, 0.5], "rotation": 180, "texture": "#1"}
			}
		},
		{
			"name": "hoods1_2",
			"from": [9.745, 10.777, 3],
			"to": [10.209, 11.037, 5],
			"rotation": {"angle": 22.5, "axis": "z", "origin": [10.435, 10.787, 5]},
			"faces": {
				"north": {"uv": [0, 0, 0.5, 0.5], "texture": "#1"},
				"east": {"uv": [0, 0, 1, 0.5], "texture": "#1"},
				"west": {"uv": [0, 0, 1, 0.5], "texture": "#1"},
				"up": {"uv": [0, 0, 1, 0.5], "texture": "#1"},
				"down": {"uv": [0, 0, 1, 0.5], "texture": "#1"}
			}
		},
		{
			"name": "hoods1_2",
			"from": [10.685, 10.785, 3],
			"to": [11.149, 11.045, 5],
			"rotation": {"angle": -22.5, "axis": "z", "origin": [10.435, 10.787, 5]},
			"faces": {
				"north": {"uv": [0, 0, 0.5, 0.5], "rotation": 180, "texture": "#1"},
				"east": {"uv": [0, 0, 1, 0.5], "rotation": 180, "texture": "#1"},
				"west": {"uv": [0, 0, 1, 0.5], "rotation": 180, "texture": "#1"},
				"up": {"uv": [0, 0, 1, 0.5], "rotation": 180, "texture": "#1"},
				"down": {"uv": [0, 0, 1, 0.5], "rotation": 180, "texture": "#1"}
			}
		},
		{
			"name": "hoods1_2",
			"from": [9.535, 11.022, 4],
			"to": [9.895, 11.282, 5],
			"rotation": {"angle": 45, "axis": "z", "origin": [10.435, 10.787, 5]},
			"faces": {
				"north": {"uv": [0, 0, 0.5, 0.5], "texture": "#1"},
				"east": {"uv": [0, 0, 1, 0.5], "texture": "#1"},
				"west": {"uv": [0, 0, 1, 0.5], "texture": "#1"},
				"up": {"uv": [0, 0, 1, 0.5], "texture": "#1"},
				"down": {"uv": [0, 0, 1, 0.5], "texture": "#1"}
			}
		},
		{
			"name": "hoods1_2",
			"from": [10.676, 9.863, 4],
			"to": [10.936, 10.223, 5],
			"rotation": {"angle": 45, "axis": "z", "origin": [10.435, 10.787, 5]},
			"faces": {
				"north": {"uv": [0, 0, 0.5, 0.5], "rotation": 90, "texture": "#1"},
				"east": {"uv": [0, 0, 1, 0.5], "rotation": 270, "texture": "#1"},
				"west": {"uv": [0, 0, 1, 0.5], "rotation": 270, "texture": "#1"},
				"up": {"uv": [0, 0, 1, 0.5], "rotation": 270, "texture": "#1"},
				"down": {"uv": [0, 0, 1, 0.5], "rotation": 270, "texture": "#1"}
			}
		},
		{
			"name": "hoods1_2",
			"from": [9.537, 9.546, 4],
			"to": [9.797, 10.154, 5],
			"rotation": {"angle": -22.5, "axis": "z", "origin": [10.339, 10.547, 5]},
			"faces": {
				"north": {"uv": [0, 0, 0.5, 0.5], "rotation": 90, "texture": "#1"},
				"east": {"uv": [0, 0, 1, 0.5], "rotation": 270, "texture": "#1"},
				"west": {"uv": [0, 0, 1, 0.5], "rotation": 270, "texture": "#1"},
				"up": {"uv": [0, 0, 1, 0.5], "rotation": 270, "texture": "#1"},
				"down": {"uv": [0, 0, 1, 0.5], "rotation": 270, "texture": "#1"}
			}
		},
		{
			"name": "hoods1_2",
			"from": [11.077, 9.466, 4],
			"to": [11.337, 10.074, 5],
			"rotation": {"angle": 22.5, "axis": "z", "origin": [10.339, 10.547, 5]},
			"faces": {
				"north": {"uv": [0, 0, 0.5, 0.5], "rotation": 90, "texture": "#1"},
				"east": {"uv": [0, 0, 1, 0.5], "rotation": 270, "texture": "#1"},
				"west": {"uv": [0, 0, 1, 0.5], "rotation": 270, "texture": "#1"},
				"up": {"uv": [0, 0, 1, 0.5], "rotation": 270, "texture": "#1"},
				"down": {"uv": [0, 0, 1, 0.5], "rotation": 270, "texture": "#1"}
			}
		},
		{
			"name": "hoods1_2",
			"from": [9.215, 9.474, 4],
			"to": [9.475, 9.93, 5],
			"rotation": {"angle": 0, "axis": "y", "origin": [10.339, 10.547, 5]},
			"faces": {
				"north": {"uv": [0, 0, 0.5, 0.5], "rotation": 90, "texture": "#1"},
				"east": {"uv": [0, 0, 1, 0.5], "rotation": 270, "texture": "#1"},
				"west": {"uv": [0, 0, 1, 0.5], "rotation": 270, "texture": "#1"},
				"up": {"uv": [0, 0, 1, 0.5], "rotation": 270, "texture": "#1"},
				"down": {"uv": [0, 0, 1, 0.5], "rotation": 270, "texture": "#1"}
			}
		},
		{
			"name": "hoods1_2",
			"from": [11.415, 9.474, 4],
			"to": [11.675, 9.93, 5],
			"rotation": {"angle": 0, "axis": "y", "origin": [10.339, 10.547, 5]},
			"faces": {
				"north": {"uv": [0, 0, 0.5, 0.5], "rotation": 90, "texture": "#1"},
				"east": {"uv": [0, 0, 1, 0.5], "rotation": 270, "texture": "#1"},
				"west": {"uv": [0, 0, 1, 0.5], "rotation": 270, "texture": "#1"},
				"up": {"uv": [0, 0, 1, 0.5], "rotation": 270, "texture": "#1"},
				"down": {"uv": [0, 0, 1, 0.5], "rotation": 270, "texture": "#1"}
			}
		},
		{
			"name": "hoods1_2",
			"from": [3.933, 7.674, 3],
			"to": [4.569, 7.934, 5],
			"rotation": {"angle": 0, "axis": "y", "origin": [4.225, 7.875, 5]},
			"faces": {
				"north": {"uv": [0, 0, 0.5, 0.5], "rotation": 180, "texture": "#1"},
				"east": {"uv": [0, 0, 1, 0.5], "rotation": 180, "texture": "#1"},
				"west": {"uv": [0, 0, 1, 0.5], "rotation": 180, "texture": "#1"},
				"up": {"uv": [0, 0, 1, 0.5], "rotation": 180, "texture": "#1"},
				"down": {"uv": [0, 0, 1, 0.5], "rotation": 180, "texture": "#1"}
			}
		},
		{
			"name": "hoods1_2",
			"from": [5.221, 6.474, 4],
			"to": [5.481, 6.93, 5],
			"rotation": {"angle": 0, "axis": "y", "origin": [4.145, 7.547, 5]},
			"faces": {
				"north": {"uv": [0, 0, 0.5, 0.5], "rotation": 90, "texture": "#1"},
				"east": {"uv": [0, 0, 1, 0.5], "rotation": 270, "texture": "#1"},
				"west": {"uv": [0, 0, 1, 0.5], "rotation": 270, "texture": "#1"},
				"up": {"uv": [0, 0, 1, 0.5], "rotation": 270, "texture": "#1"},
				"down": {"uv": [0, 0, 1, 0.5], "rotation": 270, "texture": "#1"}
			}
		},
		{
			"name": "hoods1_2",
			"from": [3.021, 6.474, 4],
			"to": [3.281, 6.93, 5],
			"rotation": {"angle": 0, "axis": "y", "origin": [4.145, 7.547, 5]},
			"faces": {
				"north": {"uv": [0, 0, 0.5, 0.5], "rotation": 90, "texture": "#1"},
				"east": {"uv": [0, 0, 1, 0.5], "rotation": 270, "texture": "#1"},
				"west": {"uv": [0, 0, 1, 0.5], "rotation": 270, "texture": "#1"},
				"up": {"uv": [0, 0, 1, 0.5], "rotation": 270, "texture": "#1"},
				"down": {"uv": [0, 0, 1, 0.5], "rotation": 270, "texture": "#1"}
			}
		},
		{
			"name": "hoods1_2",
			"from": [4.883, 6.466, 4],
			"to": [5.143, 7.074, 5],
			"rotation": {"angle": 22.5, "axis": "z", "origin": [4.145, 7.547, 5]},
			"faces": {
				"north": {"uv": [0, 0, 0.5, 0.5], "rotation": 90, "texture": "#1"},
				"east": {"uv": [0, 0, 1, 0.5], "rotation": 270, "texture": "#1"},
				"west": {"uv": [0, 0, 1, 0.5], "rotation": 270, "texture": "#1"},
				"up": {"uv": [0, 0, 1, 0.5], "rotation": 270, "texture": "#1"},
				"down": {"uv": [0, 0, 1, 0.5], "rotation": 270, "texture": "#1"}
			}
		},
		{
			"name": "hoods1_2",
			"from": [3.343, 6.546, 4],
			"to": [3.603, 7.154, 5],
			"rotation": {"angle": -22.5, "axis": "z", "origin": [4.145, 7.547, 5]},
			"faces": {
				"north": {"uv": [0, 0, 0.5, 0.5], "rotation": 90, "texture": "#1"},
				"east": {"uv": [0, 0, 1, 0.5], "rotation": 270, "texture": "#1"},
				"west": {"uv": [0, 0, 1, 0.5], "rotation": 270, "texture": "#1"},
				"up": {"uv": [0, 0, 1, 0.5], "rotation": 270, "texture": "#1"},
				"down": {"uv": [0, 0, 1, 0.5], "rotation": 270, "texture": "#1"}
			}
		},
		{
			"name": "hoods1_2",
			"from": [4.482, 6.863, 4],
			"to": [4.742, 7.223, 5],
			"rotation": {"angle": 45, "axis": "z", "origin": [4.241, 7.787, 5]},
			"faces": {
				"north": {"uv": [0, 0, 0.5, 0.5], "rotation": 90, "texture": "#1"},
				"east": {"uv": [0, 0, 1, 0.5], "rotation": 270, "texture": "#1"},
				"west": {"uv": [0, 0, 1, 0.5], "rotation": 270, "texture": "#1"},
				"up": {"uv": [0, 0, 1, 0.5], "rotation": 270, "texture": "#1"},
				"down": {"uv": [0, 0, 1, 0.5], "rotation": 270, "texture": "#1"}
			}
		},
		{
			"name": "hoods1_2",
			"from": [3.341, 8.022, 4],
			"to": [3.701, 8.282, 5],
			"rotation": {"angle": 45, "axis": "z", "origin": [4.241, 7.787, 5]},
			"faces": {
				"north": {"uv": [0, 0, 0.5, 0.5], "texture": "#1"},
				"east": {"uv": [0, 0, 1, 0.5], "texture": "#1"},
				"west": {"uv": [0, 0, 1, 0.5], "texture": "#1"},
				"up": {"uv": [0, 0, 1, 0.5], "texture": "#1"},
				"down": {"uv": [0, 0, 1, 0.5], "texture": "#1"}
			}
		},
		{
			"name": "hoods1_2",
			"from": [4.491, 7.785, 3],
			"to": [4.955, 8.045, 5],
			"rotation": {"angle": -22.5, "axis": "z", "origin": [4.241, 7.787, 5]},
			"faces": {
				"north": {"uv": [0, 0, 0.5, 0.5], "rotation": 180, "texture": "#1"},
				"east": {"uv": [0, 0, 1, 0.5], "rotation": 180, "texture": "#1"},
				"west": {"uv": [0, 0, 1, 0.5], "rotation": 180, "texture": "#1"},
				"up": {"uv": [0, 0, 1, 0.5], "rotation": 180, "texture": "#1"},
				"down": {"uv": [0, 0, 1, 0.5], "rotation": 180, "texture": "#1"}
			}
		},
		{
			"name": "hoods1_2",
			"from": [3.551, 7.777, 3],
			"to": [4.015, 8.037, 5],
			"rotation": {"angle": 22.5, "axis": "z", "origin": [4.241, 7.787, 5]},
			"faces": {
				"north": {"uv": [0, 0, 0.5, 0.5], "texture": "#1"},
				"east": {"uv": [0, 0, 1, 0.5], "texture": "#1"},
				"west": {"uv": [0, 0, 1, 0.5], "texture": "#1"},
				"up": {"uv": [0, 0, 1, 0.5], "texture": "#1"},
				"down": {"uv": [0, 0, 1, 0.5], "texture": "#1"}
			}
		},
		{
			"name": "hoods1_2",
			"from": [3.933, 7.674, 3],
			"to": [4.569, 7.934, 5],
			"rotation": {"angle": 0, "axis": "y", "origin": [4.225, 7.875, 5]},
			"faces": {
				"north": {"uv": [0, 0, 0.5, 0.5], "rotation": 180, "texture": "#1"},
				"east": {"uv": [0, 0, 1, 0.5], "rotation": 180, "texture": "#1"},
				"west": {"uv": [0, 0, 1, 0.5], "rotation": 180, "texture": "#1"},
				"up": {"uv": [0, 0, 1, 0.5], "rotation": 180, "texture": "#1"},
				"down": {"uv": [0, 0, 1, 0.5], "rotation": 180, "texture": "#1"}
			}
		},
		{
			"name": "hoods1_2",
			"from": [3.551, 7.777, 3],
			"to": [4.015, 8.037, 5],
			"rotation": {"angle": 22.5, "axis": "z", "origin": [4.241, 7.787, 5]},
			"faces": {
				"north": {"uv": [0, 0, 0.5, 0.5], "texture": "#1"},
				"east": {"uv": [0, 0, 1, 0.5], "texture": "#1"},
				"west": {"uv": [0, 0, 1, 0.5], "texture": "#1"},
				"up": {"uv": [0, 0, 1, 0.5], "texture": "#1"},
				"down": {"uv": [0, 0, 1, 0.5], "texture": "#1"}
			}
		},
		{
			"name": "hoods1_2",
			"from": [4.491, 7.785, 3],
			"to": [4.955, 8.045, 5],
			"rotation": {"angle": -22.5, "axis": "z", "origin": [4.241, 7.787, 5]},
			"faces": {
				"north": {"uv": [0, 0, 0.5, 0.5], "rotation": 180, "texture": "#1"},
				"east": {"uv": [0, 0, 1, 0.5], "rotation": 180, "texture": "#1"},
				"west": {"uv": [0, 0, 1, 0.5], "rotation": 180, "texture": "#1"},
				"up": {"uv": [0, 0, 1, 0.5], "rotation": 180, "texture": "#1"},
				"down": {"uv": [0, 0, 1, 0.5], "rotation": 180, "texture": "#1"}
			}
		},
		{
			"name": "hoods1_2",
			"from": [3.341, 8.022, 4],
			"to": [3.701, 8.282, 5],
			"rotation": {"angle": 45, "axis": "z", "origin": [4.241, 7.787, 5]},
			"faces": {
				"north": {"uv": [0, 0, 0.5, 0.5], "texture": "#1"},
				"east": {"uv": [0, 0, 1, 0.5], "texture": "#1"},
				"west": {"uv": [0, 0, 1, 0.5], "texture": "#1"},
				"up": {"uv": [0, 0, 1, 0.5], "texture": "#1"},
				"down": {"uv": [0, 0, 1, 0.5], "texture": "#1"}
			}
		},
		{
			"name": "hoods1_2",
			"from": [4.482, 6.863, 4],
			"to": [4.742, 7.223, 5],
			"rotation": {"angle": 45, "axis": "z", "origin": [4.241, 7.787, 5]},
			"faces": {
				"north": {"uv": [0, 0, 0.5, 0.5], "rotation": 90, "texture": "#1"},
				"east": {"uv": [0, 0, 1, 0.5], "rotation": 270, "texture": "#1"},
				"west": {"uv": [0, 0, 1, 0.5], "rotation": 270, "texture": "#1"},
				"up": {"uv": [0, 0, 1, 0.5], "rotation": 270, "texture": "#1"},
				"down": {"uv": [0, 0, 1, 0.5], "rotation": 270, "texture": "#1"}
			}
		},
		{
			"name": "hoods1_2",
			"from": [3.343, 6.546, 4],
			"to": [3.603, 7.154, 5],
			"rotation": {"angle": -22.5, "axis": "z", "origin": [4.145, 7.547, 5]},
			"faces": {
				"north": {"uv": [0, 0, 0.5, 0.5], "rotation": 90, "texture": "#1"},
				"east": {"uv": [0, 0, 1, 0.5], "rotation": 270, "texture": "#1"},
				"west": {"uv": [0, 0, 1, 0.5], "rotation": 270, "texture": "#1"},
				"up": {"uv": [0, 0, 1, 0.5], "rotation": 270, "texture": "#1"},
				"down": {"uv": [0, 0, 1, 0.5], "rotation": 270, "texture": "#1"}
			}
		},
		{
			"name": "hoods1_2",
			"from": [4.883, 6.466, 4],
			"to": [5.143, 7.074, 5],
			"rotation": {"angle": 22.5, "axis": "z", "origin": [4.145, 7.547, 5]},
			"faces": {
				"north": {"uv": [0, 0, 0.5, 0.5], "rotation": 90, "texture": "#1"},
				"east": {"uv": [0, 0, 1, 0.5], "rotation": 270, "texture": "#1"},
				"west": {"uv": [0, 0, 1, 0.5], "rotation": 270, "texture": "#1"},
				"up": {"uv": [0, 0, 1, 0.5], "rotation": 270, "texture": "#1"},
				"down": {"uv": [0, 0, 1, 0.5], "rotation": 270, "texture": "#1"}
			}
		},
		{
			"name": "hoods1_2",
			"from": [3.021, 6.474, 4],
			"to": [3.281, 6.93, 5],
			"rotation": {"angle": 0, "axis": "y", "origin": [4.145, 7.547, 5]},
			"faces": {
				"north": {"uv": [0, 0, 0.5, 0.5], "rotation": 90, "texture": "#1"},
				"east": {"uv": [0, 0, 1, 0.5], "rotation": 270, "texture": "#1"},
				"west": {"uv": [0, 0, 1, 0.5], "rotation": 270, "texture": "#1"},
				"up": {"uv": [0, 0, 1, 0.5], "rotation": 270, "texture": "#1"},
				"down": {"uv": [0, 0, 1, 0.5], "rotation": 270, "texture": "#1"}
			}
		},
		{
			"name": "hoods1_2",
			"from": [5.221, 6.474, 4],
			"to": [5.481, 6.93, 5],
			"rotation": {"angle": 0, "axis": "y", "origin": [4.145, 7.547, 5]},
			"faces": {
				"north": {"uv": [0, 0, 0.5, 0.5], "rotation": 90, "texture": "#1"},
				"east": {"uv": [0, 0, 1, 0.5], "rotation": 270, "texture": "#1"},
				"west": {"uv": [0, 0, 1, 0.5], "rotation": 270, "texture": "#1"},
				"up": {"uv": [0, 0, 1, 0.5], "rotation": 270, "texture": "#1"},
				"down": {"uv": [0, 0, 1, 0.5], "rotation": 270, "texture": "#1"}
			}
		},
		{
			"name": "hoods1_2",
			"from": [7.933, 7.674, 3],
			"to": [8.569, 7.934, 5],
			"rotation": {"angle": 0, "axis": "y", "origin": [8.225, 7.875, 5]},
			"faces": {
				"north": {"uv": [0, 0, 0.5, 0.5], "rotation": 180, "texture": "#1"},
				"east": {"uv": [0, 0, 1, 0.5], "rotation": 180, "texture": "#1"},
				"west": {"uv": [0, 0, 1, 0.5], "rotation": 180, "texture": "#1"},
				"up": {"uv": [0, 0, 1, 0.5], "rotation": 180, "texture": "#1"},
				"down": {"uv": [0, 0, 1, 0.5], "rotation": 180, "texture": "#1"}
			}
		},
		{
			"name": "hoods1_2",
			"from": [9.221, 6.474, 4],
			"to": [9.481, 6.93, 5],
			"rotation": {"angle": 0, "axis": "y", "origin": [8.145, 7.547, 5]},
			"faces": {
				"north": {"uv": [0, 0, 0.5, 0.5], "rotation": 90, "texture": "#1"},
				"east": {"uv": [0, 0, 1, 0.5], "rotation": 270, "texture": "#1"},
				"west": {"uv": [0, 0, 1, 0.5], "rotation": 270, "texture": "#1"},
				"up": {"uv": [0, 0, 1, 0.5], "rotation": 270, "texture": "#1"},
				"down": {"uv": [0, 0, 1, 0.5], "rotation": 270, "texture": "#1"}
			}
		},
		{
			"name": "hoods1_2",
			"from": [7.021, 6.474, 4],
			"to": [7.281, 6.93, 5],
			"rotation": {"angle": 0, "axis": "y", "origin": [8.145, 7.547, 5]},
			"faces": {
				"north": {"uv": [0, 0, 0.5, 0.5], "rotation": 90, "texture": "#1"},
				"east": {"uv": [0, 0, 1, 0.5], "rotation": 270, "texture": "#1"},
				"west": {"uv": [0, 0, 1, 0.5], "rotation": 270, "texture": "#1"},
				"up": {"uv": [0, 0, 1, 0.5], "rotation": 270, "texture": "#1"},
				"down": {"uv": [0, 0, 1, 0.5], "rotation": 270, "texture": "#1"}
			}
		},
		{
			"name": "hoods1_2",
			"from": [8.883, 6.466, 4],
			"to": [9.143, 7.074, 5],
			"rotation": {"angle": 22.5, "axis": "z", "origin": [8.145, 7.547, 5]},
			"faces": {
				"north": {"uv": [0, 0, 0.5, 0.5], "rotation": 90, "texture": "#1"},
				"east": {"uv": [0, 0, 1, 0.5], "rotation": 270, "texture": "#1"},
				"west": {"uv": [0, 0, 1, 0.5], "rotation": 270, "texture": "#1"},
				"up": {"uv": [0, 0, 1, 0.5], "rotation": 270, "texture": "#1"},
				"down": {"uv": [0, 0, 1, 0.5], "rotation": 270, "texture": "#1"}
			}
		},
		{
			"name": "hoods1_2",
			"from": [7.343, 6.546, 4],
			"to": [7.603, 7.154, 5],
			"rotation": {"angle": -22.5, "axis": "z", "origin": [8.145, 7.547, 5]},
			"faces": {
				"north": {"uv": [0, 0, 0.5, 0.5], "rotation": 90, "texture": "#1"},
				"east": {"uv": [0, 0, 1, 0.5], "rotation": 270, "texture": "#1"},
				"west": {"uv": [0, 0, 1, 0.5], "rotation": 270, "texture": "#1"},
				"up": {"uv": [0, 0, 1, 0.5], "rotation": 270, "texture": "#1"},
				"down": {"uv": [0, 0, 1, 0.5], "rotation": 270, "texture": "#1"}
			}
		},
		{
			"name": "hoods1_2",
			"from": [8.482, 6.863, 4],
			"to": [8.742, 7.223, 5],
			"rotation": {"angle": 45, "axis": "z", "origin": [8.241, 7.787, 5]},
			"faces": {
				"north": {"uv": [0, 0, 0.5, 0.5], "rotation": 90, "texture": "#1"},
				"east": {"uv": [0, 0, 1, 0.5], "rotation": 270, "texture": "#1"},
				"west": {"uv": [0, 0, 1, 0.5], "rotation": 270, "texture": "#1"},
				"up": {"uv": [0, 0, 1, 0.5], "rotation": 270, "texture": "#1"},
				"down": {"uv": [0, 0, 1, 0.5], "rotation": 270, "texture": "#1"}
			}
		},
		{
			"name": "hoods1_2",
			"from": [7.341, 8.022, 4],
			"to": [7.701, 8.282, 5],
			"rotation": {"angle": 45, "axis": "z", "origin": [8.241, 7.787, 5]},
			"faces": {
				"north": {"uv": [0, 0, 0.5, 0.5], "texture": "#1"},
				"east": {"uv": [0, 0, 1, 0.5], "texture": "#1"},
				"west": {"uv": [0, 0, 1, 0.5], "texture": "#1"},
				"up": {"uv": [0, 0, 1, 0.5], "texture": "#1"},
				"down": {"uv": [0, 0, 1, 0.5], "texture": "#1"}
			}
		},
		{
			"name": "hoods1_2",
			"from": [8.491, 7.785, 3],
			"to": [8.955, 8.045, 5],
			"rotation": {"angle": -22.5, "axis": "z", "origin": [8.241, 7.787, 5]},
			"faces": {
				"north": {"uv": [0, 0, 0.5, 0.5], "rotation": 180, "texture": "#1"},
				"east": {"uv": [0, 0, 1, 0.5], "rotation": 180, "texture": "#1"},
				"west": {"uv": [0, 0, 1, 0.5], "rotation": 180, "texture": "#1"},
				"up": {"uv": [0, 0, 1, 0.5], "rotation": 180, "texture": "#1"},
				"down": {"uv": [0, 0, 1, 0.5], "rotation": 180, "texture": "#1"}
			}
		},
		{
			"name": "hoods1_2",
			"from": [7.551, 7.777, 3],
			"to": [8.015, 8.037, 5],
			"rotation": {"angle": 22.5, "axis": "z", "origin": [8.241, 7.787, 5]},
			"faces": {
				"north": {"uv": [0, 0, 0.5, 0.5], "texture": "#1"},
				"east": {"uv": [0, 0, 1, 0.5], "texture": "#1"},
				"west": {"uv": [0, 0, 1, 0.5], "texture": "#1"},
				"up": {"uv": [0, 0, 1, 0.5], "texture": "#1"},
				"down": {"uv": [0, 0, 1, 0.5], "texture": "#1"}
			}
		},
		{
			"name": "hoods1_2",
			"from": [7.933, 7.674, 3],
			"to": [8.569, 7.934, 5],
			"rotation": {"angle": 0, "axis": "y", "origin": [8.225, 7.875, 5]},
			"faces": {
				"north": {"uv": [0, 0, 0.5, 0.5], "rotation": 180, "texture": "#1"},
				"east": {"uv": [0, 0, 1, 0.5], "rotation": 180, "texture": "#1"},
				"west": {"uv": [0, 0, 1, 0.5], "rotation": 180, "texture": "#1"},
				"up": {"uv": [0, 0, 1, 0.5], "rotation": 180, "texture": "#1"},
				"down": {"uv": [0, 0, 1, 0.5], "rotation": 180, "texture": "#1"}
			}
		},
		{
			"name": "hoods1_2",
			"from": [7.551, 7.777, 3],
			"to": [8.015, 8.037, 5],
			"rotation": {"angle": 22.5, "axis": "z", "origin": [8.241, 7.787, 5]},
			"faces": {
				"north": {"uv": [0, 0, 0.5, 0.5], "texture": "#1"},
				"east": {"uv": [0, 0, 1, 0.5], "texture": "#1"},
				"west": {"uv": [0, 0, 1, 0.5], "texture": "#1"},
				"up": {"uv": [0, 0, 1, 0.5], "texture": "#1"},
				"down": {"uv": [0, 0, 1, 0.5], "texture": "#1"}
			}
		},
		{
			"name": "hoods1_2",
			"from": [8.491, 7.785, 3],
			"to": [8.955, 8.045, 5],
			"rotation": {"angle": -22.5, "axis": "z", "origin": [8.241, 7.787, 5]},
			"faces": {
				"north": {"uv": [0, 0, 0.5, 0.5], "rotation": 180, "texture": "#1"},
				"east": {"uv": [0, 0, 1, 0.5], "rotation": 180, "texture": "#1"},
				"west": {"uv": [0, 0, 1, 0.5], "rotation": 180, "texture": "#1"},
				"up": {"uv": [0, 0, 1, 0.5], "rotation": 180, "texture": "#1"},
				"down": {"uv": [0, 0, 1, 0.5], "rotation": 180, "texture": "#1"}
			}
		},
		{
			"name": "hoods1_2",
			"from": [7.341, 8.022, 4],
			"to": [7.701, 8.282, 5],
			"rotation": {"angle": 45, "axis": "z", "origin": [8.241, 7.787, 5]},
			"faces": {
				"north": {"uv": [0, 0, 0.5, 0.5], "texture": "#1"},
				"east": {"uv": [0, 0, 1, 0.5], "texture": "#1"},
				"west": {"uv": [0, 0, 1, 0.5], "texture": "#1"},
				"up": {"uv": [0, 0, 1, 0.5], "texture": "#1"},
				"down": {"uv": [0, 0, 1, 0.5], "texture": "#1"}
			}
		},
		{
			"name": "hoods1_2",
			"from": [8.482, 6.863, 4],
			"to": [8.742, 7.223, 5],
			"rotation": {"angle": 45, "axis": "z", "origin": [8.241, 7.787, 5]},
			"faces": {
				"north": {"uv": [0, 0, 0.5, 0.5], "rotation": 90, "texture": "#1"},
				"east": {"uv": [0, 0, 1, 0.5], "rotation": 270, "texture": "#1"},
				"west": {"uv": [0, 0, 1, 0.5], "rotation": 270, "texture": "#1"},
				"up": {"uv": [0, 0, 1, 0.5], "rotation": 270, "texture": "#1"},
				"down": {"uv": [0, 0, 1, 0.5], "rotation": 270, "texture": "#1"}
			}
		},
		{
			"name": "hoods1_2",
			"from": [7.343, 6.546, 4],
			"to": [7.603, 7.154, 5],
			"rotation": {"angle": -22.5, "axis": "z", "origin": [8.145, 7.547, 5]},
			"faces": {
				"north": {"uv": [0, 0, 0.5, 0.5], "rotation": 90, "texture": "#1"},
				"east": {"uv": [0, 0, 1, 0.5], "rotation": 270, "texture": "#1"},
				"west": {"uv": [0, 0, 1, 0.5], "rotation": 270, "texture": "#1"},
				"up": {"uv": [0, 0, 1, 0.5], "rotation": 270, "texture": "#1"},
				"down": {"uv": [0, 0, 1, 0.5], "rotation": 270, "texture": "#1"}
			}
		},
		{
			"name": "hoods1_2",
			"from": [8.883, 6.466, 4],
			"to": [9.143, 7.074, 5],
			"rotation": {"angle": 22.5, "axis": "z", "origin": [8.145, 7.547, 5]},
			"faces": {
				"north": {"uv": [0, 0, 0.5, 0.5], "rotation": 90, "texture": "#1"},
				"east": {"uv": [0, 0, 1, 0.5], "rotation": 270, "texture": "#1"},
				"west": {"uv": [0, 0, 1, 0.5], "rotation": 270, "texture": "#1"},
				"up": {"uv": [0, 0, 1, 0.5], "rotation": 270, "texture": "#1"},
				"down": {"uv": [0, 0, 1, 0.5], "rotation": 270, "texture": "#1"}
			}
		},
		{
			"name": "hoods1_2",
			"from": [7.021, 6.474, 4],
			"to": [7.281, 6.93, 5],
			"rotation": {"angle": 0, "axis": "y", "origin": [8.145, 7.547, 5]},
			"faces": {
				"north": {"uv": [0, 0, 0.5, 0.5], "rotation": 90, "texture": "#1"},
				"east": {"uv": [0, 0, 1, 0.5], "rotation": 270, "texture": "#1"},
				"west": {"uv": [0, 0, 1, 0.5], "rotation": 270, "texture": "#1"},
				"up": {"uv": [0, 0, 1, 0.5], "rotation": 270, "texture": "#1"},
				"down": {"uv": [0, 0, 1, 0.5], "rotation": 270, "texture": "#1"}
			}
		},
		{
			"name": "hoods1_2",
			"from": [9.221, 6.474, 4],
			"to": [9.481, 6.93, 5],
			"rotation": {"angle": 0, "axis": "y", "origin": [8.145, 7.547, 5]},
			"faces": {
				"north": {"uv": [0, 0, 0.5, 0.5], "rotation": 90, "texture": "#1"},
				"east": {"uv": [0, 0, 1, 0.5], "rotation": 270, "texture": "#1"},
				"west": {"uv": [0, 0, 1, 0.5], "rotation": 270, "texture": "#1"},
				"up": {"uv": [0, 0, 1, 0.5], "rotation": 270, "texture": "#1"},
				"down": {"uv": [0, 0, 1, 0.5], "rotation": 270, "texture": "#1"}
			}
		},
		{
			"name": "hoods1_2",
			"from": [7.933, 10.674, 3],
			"to": [8.569, 10.934, 5],
			"rotation": {"angle": 0, "axis": "y", "origin": [8.225, 10.875, 5]},
			"faces": {
				"north": {"uv": [0, 0, 0.5, 0.5], "rotation": 180, "texture": "#1"},
				"east": {"uv": [0, 0, 1, 0.5], "rotation": 180, "texture": "#1"},
				"west": {"uv": [0, 0, 1, 0.5], "rotation": 180, "texture": "#1"},
				"up": {"uv": [0, 0, 1, 0.5], "rotation": 180, "texture": "#1"},
				"down": {"uv": [0, 0, 1, 0.5], "rotation": 180, "texture": "#1"}
			}
		},
		{
			"name": "hoods1_2",
			"from": [9.221, 9.474, 4],
			"to": [9.481, 9.93, 5],
			"rotation": {"angle": 0, "axis": "y", "origin": [8.145, 10.547, 5]},
			"faces": {
				"north": {"uv": [0, 0, 0.5, 0.5], "rotation": 90, "texture": "#1"},
				"east": {"uv": [0, 0, 1, 0.5], "rotation": 270, "texture": "#1"},
				"west": {"uv": [0, 0, 1, 0.5], "rotation": 270, "texture": "#1"},
				"up": {"uv": [0, 0, 1, 0.5], "rotation": 270, "texture": "#1"},
				"down": {"uv": [0, 0, 1, 0.5], "rotation": 270, "texture": "#1"}
			}
		},
		{
			"name": "hoods1_2",
			"from": [7.021, 9.474, 4],
			"to": [7.281, 9.93, 5],
			"rotation": {"angle": 0, "axis": "y", "origin": [8.145, 10.547, 5]},
			"faces": {
				"north": {"uv": [0, 0, 0.5, 0.5], "rotation": 90, "texture": "#1"},
				"east": {"uv": [0, 0, 1, 0.5], "rotation": 270, "texture": "#1"},
				"west": {"uv": [0, 0, 1, 0.5], "rotation": 270, "texture": "#1"},
				"up": {"uv": [0, 0, 1, 0.5], "rotation": 270, "texture": "#1"},
				"down": {"uv": [0, 0, 1, 0.5], "rotation": 270, "texture": "#1"}
			}
		},
		{
			"name": "hoods1_2",
			"from": [8.883, 9.466, 4],
			"to": [9.143, 10.074, 5],
			"rotation": {"angle": 22.5, "axis": "z", "origin": [8.145, 10.547, 5]},
			"faces": {
				"north": {"uv": [0, 0, 0.5, 0.5], "rotation": 90, "texture": "#1"},
				"east": {"uv": [0, 0, 1, 0.5], "rotation": 270, "texture": "#1"},
				"west": {"uv": [0, 0, 1, 0.5], "rotation": 270, "texture": "#1"},
				"up": {"uv": [0, 0, 1, 0.5], "rotation": 270, "texture": "#1"},
				"down": {"uv": [0, 0, 1, 0.5], "rotation": 270, "texture": "#1"}
			}
		},
		{
			"name": "hoods1_2",
			"from": [7.343, 9.546, 4],
			"to": [7.603, 10.154, 5],
			"rotation": {"angle": -22.5, "axis": "z", "origin": [8.145, 10.547, 5]},
			"faces": {
				"north": {"uv": [0, 0, 0.5, 0.5], "rotation": 90, "texture": "#1"},
				"east": {"uv": [0, 0, 1, 0.5], "rotation": 270, "texture": "#1"},
				"west": {"uv": [0, 0, 1, 0.5], "rotation": 270, "texture": "#1"},
				"up": {"uv": [0, 0, 1, 0.5], "rotation": 270, "texture": "#1"},
				"down": {"uv": [0, 0, 1, 0.5], "rotation": 270, "texture": "#1"}
			}
		},
		{
			"name": "hoods1_2",
			"from": [8.482, 9.863, 4],
			"to": [8.742, 10.223, 5],
			"rotation": {"angle": 45, "axis": "z", "origin": [8.241, 10.787, 5]},
			"faces": {
				"north": {"uv": [0, 0, 0.5, 0.5], "rotation": 90, "texture": "#1"},
				"east": {"uv": [0, 0, 1, 0.5], "rotation": 270, "texture": "#1"},
				"west": {"uv": [0, 0, 1, 0.5], "rotation": 270, "texture": "#1"},
				"up": {"uv": [0, 0, 1, 0.5], "rotation": 270, "texture": "#1"},
				"down": {"uv": [0, 0, 1, 0.5], "rotation": 270, "texture": "#1"}
			}
		},
		{
			"name": "hoods1_2",
			"from": [7.341, 11.022, 4],
			"to": [7.701, 11.282, 5],
			"rotation": {"angle": 45, "axis": "z", "origin": [8.241, 10.787, 5]},
			"faces": {
				"north": {"uv": [0, 0, 0.5, 0.5], "texture": "#1"},
				"east": {"uv": [0, 0, 1, 0.5], "texture": "#1"},
				"west": {"uv": [0, 0, 1, 0.5], "texture": "#1"},
				"up": {"uv": [0, 0, 1, 0.5], "texture": "#1"},
				"down": {"uv": [0, 0, 1, 0.5], "texture": "#1"}
			}
		},
		{
			"name": "hoods1_2",
			"from": [8.491, 10.785, 3],
			"to": [8.955, 11.045, 5],
			"rotation": {"angle": -22.5, "axis": "z", "origin": [8.241, 10.787, 5]},
			"faces": {
				"north": {"uv": [0, 0, 0.5, 0.5], "rotation": 180, "texture": "#1"},
				"east": {"uv": [0, 0, 1, 0.5], "rotation": 180, "texture": "#1"},
				"west": {"uv": [0, 0, 1, 0.5], "rotation": 180, "texture": "#1"},
				"up": {"uv": [0, 0, 1, 0.5], "rotation": 180, "texture": "#1"},
				"down": {"uv": [0, 0, 1, 0.5], "rotation": 180, "texture": "#1"}
			}
		},
		{
			"name": "hoods1_2",
			"from": [7.551, 10.777, 3],
			"to": [8.015, 11.037, 5],
			"rotation": {"angle": 22.5, "axis": "z", "origin": [8.241, 10.787, 5]},
			"faces": {
				"north": {"uv": [0, 0, 0.5, 0.5], "texture": "#1"},
				"east": {"uv": [0, 0, 1, 0.5], "texture": "#1"},
				"west": {"uv": [0, 0, 1, 0.5], "texture": "#1"},
				"up": {"uv": [0, 0, 1, 0.5], "texture": "#1"},
				"down": {"uv": [0, 0, 1, 0.5], "texture": "#1"}
			}
		},
		{
			"name": "hoods1_2",
			"from": [7.933, 10.674, 3],
			"to": [8.569, 10.934, 5],
			"rotation": {"angle": 0, "axis": "y", "origin": [8.225, 10.875, 5]},
			"faces": {
				"north": {"uv": [0, 0, 0.5, 0.5], "rotation": 180, "texture": "#1"},
				"east": {"uv": [0, 0, 1, 0.5], "rotation": 180, "texture": "#1"},
				"west": {"uv": [0, 0, 1, 0.5], "rotation": 180, "texture": "#1"},
				"up": {"uv": [0, 0, 1, 0.5], "rotation": 180, "texture": "#1"},
				"down": {"uv": [0, 0, 1, 0.5], "rotation": 180, "texture": "#1"}
			}
		},
		{
			"name": "hoods1_2",
			"from": [7.551, 10.777, 3],
			"to": [8.015, 11.037, 5],
			"rotation": {"angle": 22.5, "axis": "z", "origin": [8.241, 10.787, 5]},
			"faces": {
				"north": {"uv": [0, 0, 0.5, 0.5], "texture": "#1"},
				"east": {"uv": [0, 0, 1, 0.5], "texture": "#1"},
				"west": {"uv": [0, 0, 1, 0.5], "texture": "#1"},
				"up": {"uv": [0, 0, 1, 0.5], "texture": "#1"},
				"down": {"uv": [0, 0, 1, 0.5], "texture": "#1"}
			}
		},
		{
			"name": "hoods1_2",
			"from": [8.491, 10.785, 3],
			"to": [8.955, 11.045, 5],
			"rotation": {"angle": -22.5, "axis": "z", "origin": [8.241, 10.787, 5]},
			"faces": {
				"north": {"uv": [0, 0, 0.5, 0.5], "rotation": 180, "texture": "#1"},
				"east": {"uv": [0, 0, 1, 0.5], "rotation": 180, "texture": "#1"},
				"west": {"uv": [0, 0, 1, 0.5], "rotation": 180, "texture": "#1"},
				"up": {"uv": [0, 0, 1, 0.5], "rotation": 180, "texture": "#1"},
				"down": {"uv": [0, 0, 1, 0.5], "rotation": 180, "texture": "#1"}
			}
		},
		{
			"name": "hoods1_2",
			"from": [7.341, 11.022, 4],
			"to": [7.701, 11.282, 5],
			"rotation": {"angle": 45, "axis": "z", "origin": [8.241, 10.787, 5]},
			"faces": {
				"north": {"uv": [0, 0, 0.5, 0.5], "texture": "#1"},
				"east": {"uv": [0, 0, 1, 0.5], "texture": "#1"},
				"west": {"uv": [0, 0, 1, 0.5], "texture": "#1"},
				"up": {"uv": [0, 0, 1, 0.5], "texture": "#1"},
				"down": {"uv": [0, 0, 1, 0.5], "texture": "#1"}
			}
		},
		{
			"name": "hoods1_2",
			"from": [8.482, 9.863, 4],
			"to": [8.742, 10.223, 5],
			"rotation": {"angle": 45, "axis": "z", "origin": [8.241, 10.787, 5]},
			"faces": {
				"north": {"uv": [0, 0, 0.5, 0.5], "rotation": 90, "texture": "#1"},
				"east": {"uv": [0, 0, 1, 0.5], "rotation": 270, "texture": "#1"},
				"west": {"uv": [0, 0, 1, 0.5], "rotation": 270, "texture": "#1"},
				"up": {"uv": [0, 0, 1, 0.5], "rotation": 270, "texture": "#1"},
				"down": {"uv": [0, 0, 1, 0.5], "rotation": 270, "texture": "#1"}
			}
		},
		{
			"name": "hoods1_2",
			"from": [7.343, 9.546, 4],
			"to": [7.603, 10.154, 5],
			"rotation": {"angle": -22.5, "axis": "z", "origin": [8.145, 10.547, 5]},
			"faces": {
				"north": {"uv": [0, 0, 0.5, 0.5], "rotation": 90, "texture": "#1"},
				"east": {"uv": [0, 0, 1, 0.5], "rotation": 270, "texture": "#1"},
				"west": {"uv": [0, 0, 1, 0.5], "rotation": 270, "texture": "#1"},
				"up": {"uv": [0, 0, 1, 0.5], "rotation": 270, "texture": "#1"},
				"down": {"uv": [0, 0, 1, 0.5], "rotation": 270, "texture": "#1"}
			}
		},
		{
			"name": "hoods1_2",
			"from": [8.883, 9.466, 4],
			"to": [9.143, 10.074, 5],
			"rotation": {"angle": 22.5, "axis": "z", "origin": [8.145, 10.547, 5]},
			"faces": {
				"north": {"uv": [0, 0, 0.5, 0.5], "rotation": 90, "texture": "#1"},
				"east": {"uv": [0, 0, 1, 0.5], "rotation": 270, "texture": "#1"},
				"west": {"uv": [0, 0, 1, 0.5], "rotation": 270, "texture": "#1"},
				"up": {"uv": [0, 0, 1, 0.5], "rotation": 270, "texture": "#1"},
				"down": {"uv": [0, 0, 1, 0.5], "rotation": 270, "texture": "#1"}
			}
		},
		{
			"name": "hoods1_2",
			"from": [7.021, 9.474, 4],
			"to": [7.281, 9.93, 5],
			"rotation": {"angle": 0, "axis": "y", "origin": [8.145, 10.547, 5]},
			"faces": {
				"north": {"uv": [0, 0, 0.5, 0.5], "rotation": 90, "texture": "#1"},
				"east": {"uv": [0, 0, 1, 0.5], "rotation": 270, "texture": "#1"},
				"west": {"uv": [0, 0, 1, 0.5], "rotation": 270, "texture": "#1"},
				"up": {"uv": [0, 0, 1, 0.5], "rotation": 270, "texture": "#1"},
				"down": {"uv": [0, 0, 1, 0.5], "rotation": 270, "texture": "#1"}
			}
		},
		{
			"name": "hoods1_2",
			"from": [9.221, 9.474, 4],
			"to": [9.481, 9.93, 5],
			"rotation": {"angle": 0, "axis": "y", "origin": [8.145, 10.547, 5]},
			"faces": {
				"north": {"uv": [0, 0, 0.5, 0.5], "rotation": 90, "texture": "#1"},
				"east": {"uv": [0, 0, 1, 0.5], "rotation": 270, "texture": "#1"},
				"west": {"uv": [0, 0, 1, 0.5], "rotation": 270, "texture": "#1"},
				"up": {"uv": [0, 0, 1, 0.5], "rotation": 270, "texture": "#1"},
				"down": {"uv": [0, 0, 1, 0.5], "rotation": 270, "texture": "#1"}
			}
		},
		{
			"name": "hoods1_2",
			"from": [5.715, 10.674, 3],
			"to": [6.351, 10.934, 5],
			"rotation": {"angle": 0, "axis": "y", "origin": [6.007, 10.875, 5]},
			"faces": {
				"north": {"uv": [0, 0, 0.5, 0.5], "rotation": 180, "texture": "#1"},
				"east": {"uv": [0, 0, 1, 0.5], "rotation": 180, "texture": "#1"},
				"west": {"uv": [0, 0, 1, 0.5], "rotation": 180, "texture": "#1"},
				"up": {"uv": [0, 0, 1, 0.5], "rotation": 180, "texture": "#1"},
				"down": {"uv": [0, 0, 1, 0.5], "rotation": 180, "texture": "#1"}
			}
		},
		{
			"name": "hoods1_2",
			"from": [7.003, 9.474, 4],
			"to": [7.263, 9.93, 5],
			"rotation": {"angle": 0, "axis": "y", "origin": [5.927, 10.547, 5]},
			"faces": {
				"north": {"uv": [0, 0, 0.5, 0.5], "rotation": 90, "texture": "#1"},
				"east": {"uv": [0, 0, 1, 0.5], "rotation": 270, "texture": "#1"},
				"west": {"uv": [0, 0, 1, 0.5], "rotation": 270, "texture": "#1"},
				"up": {"uv": [0, 0, 1, 0.5], "rotation": 270, "texture": "#1"},
				"down": {"uv": [0, 0, 1, 0.5], "rotation": 270, "texture": "#1"}
			}
		},
		{
			"name": "hoods1_2",
			"from": [4.803, 9.474, 4],
			"to": [5.063, 9.93, 5],
			"rotation": {"angle": 0, "axis": "y", "origin": [5.927, 10.547, 5]},
			"faces": {
				"north": {"uv": [0, 0, 0.5, 0.5], "rotation": 90, "texture": "#1"},
				"east": {"uv": [0, 0, 1, 0.5], "rotation": 270, "texture": "#1"},
				"west": {"uv": [0, 0, 1, 0.5], "rotation": 270, "texture": "#1"},
				"up": {"uv": [0, 0, 1, 0.5], "rotation": 270, "texture": "#1"},
				"down": {"uv": [0, 0, 1, 0.5], "rotation": 270, "texture": "#1"}
			}
		},
		{
			"name": "hoods1_2",
			"from": [6.665, 9.466, 4],
			"to": [6.925, 10.074, 5],
			"rotation": {"angle": 22.5, "axis": "z", "origin": [5.927, 10.547, 5]},
			"faces": {
				"north": {"uv": [0, 0, 0.5, 0.5], "rotation": 90, "texture": "#1"},
				"east": {"uv": [0, 0, 1, 0.5], "rotation": 270, "texture": "#1"},
				"west": {"uv": [0, 0, 1, 0.5], "rotation": 270, "texture": "#1"},
				"up": {"uv": [0, 0, 1, 0.5], "rotation": 270, "texture": "#1"},
				"down": {"uv": [0, 0, 1, 0.5], "rotation": 270, "texture": "#1"}
			}
		},
		{
			"name": "hoods1_2",
			"from": [5.125, 9.546, 4],
			"to": [5.385, 10.154, 5],
			"rotation": {"angle": -22.5, "axis": "z", "origin": [5.927, 10.547, 5]},
			"faces": {
				"north": {"uv": [0, 0, 0.5, 0.5], "rotation": 90, "texture": "#1"},
				"east": {"uv": [0, 0, 1, 0.5], "rotation": 270, "texture": "#1"},
				"west": {"uv": [0, 0, 1, 0.5], "rotation": 270, "texture": "#1"},
				"up": {"uv": [0, 0, 1, 0.5], "rotation": 270, "texture": "#1"},
				"down": {"uv": [0, 0, 1, 0.5], "rotation": 270, "texture": "#1"}
			}
		},
		{
			"name": "hoods1_2",
			"from": [6.264, 9.863, 4],
			"to": [6.524, 10.223, 5],
			"rotation": {"angle": 45, "axis": "z", "origin": [6.023, 10.787, 5]},
			"faces": {
				"north": {"uv": [0, 0, 0.5, 0.5], "rotation": 90, "texture": "#1"},
				"east": {"uv": [0, 0, 1, 0.5], "rotation": 270, "texture": "#1"},
				"west": {"uv": [0, 0, 1, 0.5], "rotation": 270, "texture": "#1"},
				"up": {"uv": [0, 0, 1, 0.5], "rotation": 270, "texture": "#1"},
				"down": {"uv": [0, 0, 1, 0.5], "rotation": 270, "texture": "#1"}
			}
		},
		{
			"name": "hoods1_2",
			"from": [5.123, 11.022, 4],
			"to": [5.483, 11.282, 5],
			"rotation": {"angle": 45, "axis": "z", "origin": [6.023, 10.787, 5]},
			"faces": {
				"north": {"uv": [0, 0, 0.5, 0.5], "texture": "#1"},
				"east": {"uv": [0, 0, 1, 0.5], "texture": "#1"},
				"west": {"uv": [0, 0, 1, 0.5], "texture": "#1"},
				"up": {"uv": [0, 0, 1, 0.5], "texture": "#1"},
				"down": {"uv": [0, 0, 1, 0.5], "texture": "#1"}
			}
		},
		{
			"name": "hoods1_2",
			"from": [6.273, 10.785, 3],
			"to": [6.737, 11.045, 5],
			"rotation": {"angle": -22.5, "axis": "z", "origin": [6.023, 10.787, 5]},
			"faces": {
				"north": {"uv": [0, 0, 0.5, 0.5], "rotation": 180, "texture": "#1"},
				"east": {"uv": [0, 0, 1, 0.5], "rotation": 180, "texture": "#1"},
				"west": {"uv": [0, 0, 1, 0.5], "rotation": 180, "texture": "#1"},
				"up": {"uv": [0, 0, 1, 0.5], "rotation": 180, "texture": "#1"},
				"down": {"uv": [0, 0, 1, 0.5], "rotation": 180, "texture": "#1"}
			}
		},
		{
			"name": "hoods1_2",
			"from": [5.333, 10.777, 3],
			"to": [5.797, 11.037, 5],
			"rotation": {"angle": 22.5, "axis": "z", "origin": [6.023, 10.787, 5]},
			"faces": {
				"north": {"uv": [0, 0, 0.5, 0.5], "texture": "#1"},
				"east": {"uv": [0, 0, 1, 0.5], "texture": "#1"},
				"west": {"uv": [0, 0, 1, 0.5], "texture": "#1"},
				"up": {"uv": [0, 0, 1, 0.5], "texture": "#1"},
				"down": {"uv": [0, 0, 1, 0.5], "texture": "#1"}
			}
		},
		{
			"name": "hoods1_2",
			"from": [5.715, 10.674, 3],
			"to": [6.351, 10.934, 5],
			"rotation": {"angle": 0, "axis": "y", "origin": [6.007, 10.875, 5]},
			"faces": {
				"north": {"uv": [0, 0, 0.5, 0.5], "rotation": 180, "texture": "#1"},
				"east": {"uv": [0, 0, 1, 0.5], "rotation": 180, "texture": "#1"},
				"west": {"uv": [0, 0, 1, 0.5], "rotation": 180, "texture": "#1"},
				"up": {"uv": [0, 0, 1, 0.5], "rotation": 180, "texture": "#1"},
				"down": {"uv": [0, 0, 1, 0.5], "rotation": 180, "texture": "#1"}
			}
		},
		{
			"name": "hoods1_2",
			"from": [5.333, 10.777, 3],
			"to": [5.797, 11.037, 5],
			"rotation": {"angle": 22.5, "axis": "z", "origin": [6.023, 10.787, 5]},
			"faces": {
				"north": {"uv": [0, 0, 0.5, 0.5], "texture": "#1"},
				"east": {"uv": [0, 0, 1, 0.5], "texture": "#1"},
				"west": {"uv": [0, 0, 1, 0.5], "texture": "#1"},
				"up": {"uv": [0, 0, 1, 0.5], "texture": "#1"},
				"down": {"uv": [0, 0, 1, 0.5], "texture": "#1"}
			}
		},
		{
			"name": "hoods1_2",
			"from": [6.273, 10.785, 3],
			"to": [6.737, 11.045, 5],
			"rotation": {"angle": -22.5, "axis": "z", "origin": [6.023, 10.787, 5]},
			"faces": {
				"north": {"uv": [0, 0, 0.5, 0.5], "rotation": 180, "texture": "#1"},
				"east": {"uv": [0, 0, 1, 0.5], "rotation": 180, "texture": "#1"},
				"west": {"uv": [0, 0, 1, 0.5], "rotation": 180, "texture": "#1"},
				"up": {"uv": [0, 0, 1, 0.5], "rotation": 180, "texture": "#1"},
				"down": {"uv": [0, 0, 1, 0.5], "rotation": 180, "texture": "#1"}
			}
		},
		{
			"name": "hoods1_2",
			"from": [5.123, 11.022, 4],
			"to": [5.483, 11.282, 5],
			"rotation": {"angle": 45, "axis": "z", "origin": [6.023, 10.787, 5]},
			"faces": {
				"north": {"uv": [0, 0, 0.5, 0.5], "texture": "#1"},
				"east": {"uv": [0, 0, 1, 0.5], "texture": "#1"},
				"west": {"uv": [0, 0, 1, 0.5], "texture": "#1"},
				"up": {"uv": [0, 0, 1, 0.5], "texture": "#1"},
				"down": {"uv": [0, 0, 1, 0.5], "texture": "#1"}
			}
		},
		{
			"name": "hoods1_2",
			"from": [6.264, 9.863, 4],
			"to": [6.524, 10.223, 5],
			"rotation": {"angle": 45, "axis": "z", "origin": [6.023, 10.787, 5]},
			"faces": {
				"north": {"uv": [0, 0, 0.5, 0.5], "rotation": 90, "texture": "#1"},
				"east": {"uv": [0, 0, 1, 0.5], "rotation": 270, "texture": "#1"},
				"west": {"uv": [0, 0, 1, 0.5], "rotation": 270, "texture": "#1"},
				"up": {"uv": [0, 0, 1, 0.5], "rotation": 270, "texture": "#1"},
				"down": {"uv": [0, 0, 1, 0.5], "rotation": 270, "texture": "#1"}
			}
		},
		{
			"name": "hoods1_2",
			"from": [5.125, 9.546, 4],
			"to": [5.385, 10.154, 5],
			"rotation": {"angle": -22.5, "axis": "z", "origin": [5.927, 10.547, 5]},
			"faces": {
				"north": {"uv": [0, 0, 0.5, 0.5], "rotation": 90, "texture": "#1"},
				"east": {"uv": [0, 0, 1, 0.5], "rotation": 270, "texture": "#1"},
				"west": {"uv": [0, 0, 1, 0.5], "rotation": 270, "texture": "#1"},
				"up": {"uv": [0, 0, 1, 0.5], "rotation": 270, "texture": "#1"},
				"down": {"uv": [0, 0, 1, 0.5], "rotation": 270, "texture": "#1"}
			}
		},
		{
			"name": "hoods1_2",
			"from": [6.665, 9.466, 4],
			"to": [6.925, 10.074, 5],
			"rotation": {"angle": 22.5, "axis": "z", "origin": [5.927, 10.547, 5]},
			"faces": {
				"north": {"uv": [0, 0, 0.5, 0.5], "rotation": 90, "texture": "#1"},
				"east": {"uv": [0, 0, 1, 0.5], "rotation": 270, "texture": "#1"},
				"west": {"uv": [0, 0, 1, 0.5], "rotation": 270, "texture": "#1"},
				"up": {"uv": [0, 0, 1, 0.5], "rotation": 270, "texture": "#1"},
				"down": {"uv": [0, 0, 1, 0.5], "rotation": 270, "texture": "#1"}
			}
		},
		{
			"name": "hoods1_2",
			"from": [4.803, 9.474, 4],
			"to": [5.063, 9.93, 5],
			"rotation": {"angle": 0, "axis": "y", "origin": [5.927, 10.547, 5]},
			"faces": {
				"north": {"uv": [0, 0, 0.5, 0.5], "rotation": 90, "texture": "#1"},
				"east": {"uv": [0, 0, 1, 0.5], "rotation": 270, "texture": "#1"},
				"west": {"uv": [0, 0, 1, 0.5], "rotation": 270, "texture": "#1"},
				"up": {"uv": [0, 0, 1, 0.5], "rotation": 270, "texture": "#1"},
				"down": {"uv": [0, 0, 1, 0.5], "rotation": 270, "texture": "#1"}
			}
		},
		{
			"name": "hoods1_2",
			"from": [7.003, 9.474, 4],
			"to": [7.263, 9.93, 5],
			"rotation": {"angle": 0, "axis": "y", "origin": [5.927, 10.547, 5]},
			"faces": {
				"north": {"uv": [0, 0, 0.5, 0.5], "rotation": 90, "texture": "#1"},
				"east": {"uv": [0, 0, 1, 0.5], "rotation": 270, "texture": "#1"},
				"west": {"uv": [0, 0, 1, 0.5], "rotation": 270, "texture": "#1"},
				"up": {"uv": [0, 0, 1, 0.5], "rotation": 270, "texture": "#1"},
				"down": {"uv": [0, 0, 1, 0.5], "rotation": 270, "texture": "#1"}
			}
		},
		{
			"name": "hoods1_2",
			"from": [10.933, 7.674, 3],
			"to": [11.569, 7.934, 5],
			"rotation": {"angle": 0, "axis": "y", "origin": [11.225, 7.875, 5]},
			"faces": {
				"north": {"uv": [0, 0, 0.5, 0.5], "rotation": 180, "texture": "#1"},
				"east": {"uv": [0, 0, 1, 0.5], "rotation": 180, "texture": "#1"},
				"west": {"uv": [0, 0, 1, 0.5], "rotation": 180, "texture": "#1"},
				"up": {"uv": [0, 0, 1, 0.5], "rotation": 180, "texture": "#1"},
				"down": {"uv": [0, 0, 1, 0.5], "rotation": 180, "texture": "#1"}
			}
		},
		{
			"name": "hoods1_2",
			"from": [12.221, 6.474, 4],
			"to": [12.481, 6.93, 5],
			"rotation": {"angle": 0, "axis": "y", "origin": [11.145, 7.547, 5]},
			"faces": {
				"north": {"uv": [0, 0, 0.5, 0.5], "rotation": 90, "texture": "#1"},
				"east": {"uv": [0, 0, 1, 0.5], "rotation": 270, "texture": "#1"},
				"west": {"uv": [0, 0, 1, 0.5], "rotation": 270, "texture": "#1"},
				"up": {"uv": [0, 0, 1, 0.5], "rotation": 270, "texture": "#1"},
				"down": {"uv": [0, 0, 1, 0.5], "rotation": 270, "texture": "#1"}
			}
		},
		{
			"name": "hoods1_2",
			"from": [10.021, 6.474, 4],
			"to": [10.281, 6.93, 5],
			"rotation": {"angle": 0, "axis": "y", "origin": [11.145, 7.547, 5]},
			"faces": {
				"north": {"uv": [0, 0, 0.5, 0.5], "rotation": 90, "texture": "#1"},
				"east": {"uv": [0, 0, 1, 0.5], "rotation": 270, "texture": "#1"},
				"west": {"uv": [0, 0, 1, 0.5], "rotation": 270, "texture": "#1"},
				"up": {"uv": [0, 0, 1, 0.5], "rotation": 270, "texture": "#1"},
				"down": {"uv": [0, 0, 1, 0.5], "rotation": 270, "texture": "#1"}
			}
		},
		{
			"name": "hoods1_2",
			"from": [11.883, 6.466, 4],
			"to": [12.143, 7.074, 5],
			"rotation": {"angle": 22.5, "axis": "z", "origin": [11.145, 7.547, 5]},
			"faces": {
				"north": {"uv": [0, 0, 0.5, 0.5], "rotation": 90, "texture": "#1"},
				"east": {"uv": [0, 0, 1, 0.5], "rotation": 270, "texture": "#1"},
				"west": {"uv": [0, 0, 1, 0.5], "rotation": 270, "texture": "#1"},
				"up": {"uv": [0, 0, 1, 0.5], "rotation": 270, "texture": "#1"},
				"down": {"uv": [0, 0, 1, 0.5], "rotation": 270, "texture": "#1"}
			}
		},
		{
			"name": "hoods1_2",
			"from": [10.343, 6.546, 4],
			"to": [10.603, 7.154, 5],
			"rotation": {"angle": -22.5, "axis": "z", "origin": [11.145, 7.547, 5]},
			"faces": {
				"north": {"uv": [0, 0, 0.5, 0.5], "rotation": 90, "texture": "#1"},
				"east": {"uv": [0, 0, 1, 0.5], "rotation": 270, "texture": "#1"},
				"west": {"uv": [0, 0, 1, 0.5], "rotation": 270, "texture": "#1"},
				"up": {"uv": [0, 0, 1, 0.5], "rotation": 270, "texture": "#1"},
				"down": {"uv": [0, 0, 1, 0.5], "rotation": 270, "texture": "#1"}
			}
		},
		{
			"name": "hoods1_2",
			"from": [11.482, 6.863, 4],
			"to": [11.742, 7.223, 5],
			"rotation": {"angle": 45, "axis": "z", "origin": [11.241, 7.787, 5]},
			"faces": {
				"north": {"uv": [0, 0, 0.5, 0.5], "rotation": 90, "texture": "#1"},
				"east": {"uv": [0, 0, 1, 0.5], "rotation": 270, "texture": "#1"},
				"west": {"uv": [0, 0, 1, 0.5], "rotation": 270, "texture": "#1"},
				"up": {"uv": [0, 0, 1, 0.5], "rotation": 270, "texture": "#1"},
				"down": {"uv": [0, 0, 1, 0.5], "rotation": 270, "texture": "#1"}
			}
		},
		{
			"name": "hoods1_2",
			"from": [10.341, 8.022, 4],
			"to": [10.701, 8.282, 5],
			"rotation": {"angle": 45, "axis": "z", "origin": [11.241, 7.787, 5]},
			"faces": {
				"north": {"uv": [0, 0, 0.5, 0.5], "texture": "#1"},
				"east": {"uv": [0, 0, 1, 0.5], "texture": "#1"},
				"west": {"uv": [0, 0, 1, 0.5], "texture": "#1"},
				"up": {"uv": [0, 0, 1, 0.5], "texture": "#1"},
				"down": {"uv": [0, 0, 1, 0.5], "texture": "#1"}
			}
		},
		{
			"name": "hoods1_2",
			"from": [11.491, 7.785, 3],
			"to": [11.955, 8.045, 5],
			"rotation": {"angle": -22.5, "axis": "z", "origin": [11.241, 7.787, 5]},
			"faces": {
				"north": {"uv": [0, 0, 0.5, 0.5], "rotation": 180, "texture": "#1"},
				"east": {"uv": [0, 0, 1, 0.5], "rotation": 180, "texture": "#1"},
				"west": {"uv": [0, 0, 1, 0.5], "rotation": 180, "texture": "#1"},
				"up": {"uv": [0, 0, 1, 0.5], "rotation": 180, "texture": "#1"},
				"down": {"uv": [0, 0, 1, 0.5], "rotation": 180, "texture": "#1"}
			}
		},
		{
			"name": "hoods1_2",
			"from": [10.551, 7.777, 3],
			"to": [11.015, 8.037, 5],
			"rotation": {"angle": 22.5, "axis": "z", "origin": [11.241, 7.787, 5]},
			"faces": {
				"north": {"uv": [0, 0, 0.5, 0.5], "texture": "#1"},
				"east": {"uv": [0, 0, 1, 0.5], "texture": "#1"},
				"west": {"uv": [0, 0, 1, 0.5], "texture": "#1"},
				"up": {"uv": [0, 0, 1, 0.5], "texture": "#1"},
				"down": {"uv": [0, 0, 1, 0.5], "texture": "#1"}
			}
		},
		{
			"name": "hoods1_2",
			"from": [10.933, 7.674, 3],
			"to": [11.569, 7.934, 5],
			"rotation": {"angle": 0, "axis": "y", "origin": [11.225, 7.875, 5]},
			"faces": {
				"north": {"uv": [0, 0, 0.5, 0.5], "rotation": 180, "texture": "#1"},
				"east": {"uv": [0, 0, 1, 0.5], "rotation": 180, "texture": "#1"},
				"west": {"uv": [0, 0, 1, 0.5], "rotation": 180, "texture": "#1"},
				"up": {"uv": [0, 0, 1, 0.5], "rotation": 180, "texture": "#1"},
				"down": {"uv": [0, 0, 1, 0.5], "rotation": 180, "texture": "#1"}
			}
		},
		{
			"name": "hoods1_2",
			"from": [10.551, 7.777, 3],
			"to": [11.015, 8.037, 5],
			"rotation": {"angle": 22.5, "axis": "z", "origin": [11.241, 7.787, 5]},
			"faces": {
				"north": {"uv": [0, 0, 0.5, 0.5], "texture": "#1"},
				"east": {"uv": [0, 0, 1, 0.5], "texture": "#1"},
				"west": {"uv": [0, 0, 1, 0.5], "texture": "#1"},
				"up": {"uv": [0, 0, 1, 0.5], "texture": "#1"},
				"down": {"uv": [0, 0, 1, 0.5], "texture": "#1"}
			}
		},
		{
			"name": "hoods1_2",
			"from": [11.491, 7.785, 3],
			"to": [11.955, 8.045, 5],
			"rotation": {"angle": -22.5, "axis": "z", "origin": [11.241, 7.787, 5]},
			"faces": {
				"north": {"uv": [0, 0, 0.5, 0.5], "rotation": 180, "texture": "#1"},
				"east": {"uv": [0, 0, 1, 0.5], "rotation": 180, "texture": "#1"},
				"west": {"uv": [0, 0, 1, 0.5], "rotation": 180, "texture": "#1"},
				"up": {"uv": [0, 0, 1, 0.5], "rotation": 180, "texture": "#1"},
				"down": {"uv": [0, 0, 1, 0.5], "rotation": 180, "texture": "#1"}
			}
		},
		{
			"name": "hoods1_2",
			"from": [10.341, 8.022, 4],
			"to": [10.701, 8.282, 5],
			"rotation": {"angle": 45, "axis": "z", "origin": [11.241, 7.787, 5]},
			"faces": {
				"north": {"uv": [0, 0, 0.5, 0.5], "texture": "#1"},
				"east": {"uv": [0, 0, 1, 0.5], "texture": "#1"},
				"west": {"uv": [0, 0, 1, 0.5], "texture": "#1"},
				"up": {"uv": [0, 0, 1, 0.5], "texture": "#1"},
				"down": {"uv": [0, 0, 1, 0.5], "texture": "#1"}
			}
		},
		{
			"name": "hoods1_2",
			"from": [11.482, 6.863, 4],
			"to": [11.742, 7.223, 5],
			"rotation": {"angle": 45, "axis": "z", "origin": [11.241, 7.787, 5]},
			"faces": {
				"north": {"uv": [0, 0, 0.5, 0.5], "rotation": 90, "texture": "#1"},
				"east": {"uv": [0, 0, 1, 0.5], "rotation": 270, "texture": "#1"},
				"west": {"uv": [0, 0, 1, 0.5], "rotation": 270, "texture": "#1"},
				"up": {"uv": [0, 0, 1, 0.5], "rotation": 270, "texture": "#1"},
				"down": {"uv": [0, 0, 1, 0.5], "rotation": 270, "texture": "#1"}
			}
		},
		{
			"name": "hoods1_2",
			"from": [10.343, 6.546, 4],
			"to": [10.603, 7.154, 5],
			"rotation": {"angle": -22.5, "axis": "z", "origin": [11.145, 7.547, 5]},
			"faces": {
				"north": {"uv": [0, 0, 0.5, 0.5], "rotation": 90, "texture": "#1"},
				"east": {"uv": [0, 0, 1, 0.5], "rotation": 270, "texture": "#1"},
				"west": {"uv": [0, 0, 1, 0.5], "rotation": 270, "texture": "#1"},
				"up": {"uv": [0, 0, 1, 0.5], "rotation": 270, "texture": "#1"},
				"down": {"uv": [0, 0, 1, 0.5], "rotation": 270, "texture": "#1"}
			}
		},
		{
			"name": "hoods1_2",
			"from": [11.883, 6.466, 4],
			"to": [12.143, 7.074, 5],
			"rotation": {"angle": 22.5, "axis": "z", "origin": [11.145, 7.547, 5]},
			"faces": {
				"north": {"uv": [0, 0, 0.5, 0.5], "rotation": 90, "texture": "#1"},
				"east": {"uv": [0, 0, 1, 0.5], "rotation": 270, "texture": "#1"},
				"west": {"uv": [0, 0, 1, 0.5], "rotation": 270, "texture": "#1"},
				"up": {"uv": [0, 0, 1, 0.5], "rotation": 270, "texture": "#1"},
				"down": {"uv": [0, 0, 1, 0.5], "rotation": 270, "texture": "#1"}
			}
		},
		{
			"name": "hoods1_2",
			"from": [10.021, 6.474, 4],
			"to": [10.281, 6.93, 5],
			"rotation": {"angle": 0, "axis": "y", "origin": [11.145, 7.547, 5]},
			"faces": {
				"north": {"uv": [0, 0, 0.5, 0.5], "rotation": 90, "texture": "#1"},
				"east": {"uv": [0, 0, 1, 0.5], "rotation": 270, "texture": "#1"},
				"west": {"uv": [0, 0, 1, 0.5], "rotation": 270, "texture": "#1"},
				"up": {"uv": [0, 0, 1, 0.5], "rotation": 270, "texture": "#1"},
				"down": {"uv": [0, 0, 1, 0.5], "rotation": 270, "texture": "#1"}
			}
		},
		{
			"name": "hoods1_2",
			"from": [12.221, 6.474, 4],
			"to": [12.481, 6.93, 5],
			"rotation": {"angle": 0, "axis": "y", "origin": [11.145, 7.547, 5]},
			"faces": {
				"north": {"uv": [0, 0, 0.5, 0.5], "rotation": 90, "texture": "#1"},
				"east": {"uv": [0, 0, 1, 0.5], "rotation": 270, "texture": "#1"},
				"west": {"uv": [0, 0, 1, 0.5], "rotation": 270, "texture": "#1"},
				"up": {"uv": [0, 0, 1, 0.5], "rotation": 270, "texture": "#1"},
				"down": {"uv": [0, 0, 1, 0.5], "rotation": 270, "texture": "#1"}
			}
		}
	],
	"groups": [
		{
			"name": "hv_hp",
			"origin": [8, 8, 8],
			"color": 0,
			"children": [
				{
					"name": "hp",
					"origin": [-8, 16, -27],
					"color": 0,
					"children": [
						{
							"name": "lamps",
							"origin": [4, 29, -23],
							"color": 0,
							"children": [0, 1, 2, 3, 4, 5, 6, 7, 8, 9]
						},
						{
							"name": "mast",
							"origin": [-8, 16, -27],
							"color": 0,
							"children": [10, 11, 12, 13, 14]
						},
						{
							"name": "shield",
							"origin": [-14, 16, -28],
							"color": 0,
							"children": [15, 16, 17, 18, 19, 20, 21, 22, 23, 24, 25, 26, 27, 28, 29, 30, 31, 32, 33, 34, 35, 36, 37, 38, 39, 40, 41, 42, 43, 44, 45, 46, 47, 48, 49]
						},
						{
							"name": "hoods2",
							"origin": [-1, 30, -23],
							"color": 0,
							"children": [50, 51, 52, 53, 54, 55, 56, 57, 58, 59, 60, 61, 62, 63, 64, 65, 66, 67]
						},
						{
							"name": "hoods1",
							"origin": [-1, 30, -23],
							"color": 0,
							"children": [68, 69, 70, 71, 72, 73, 74, 75, 76]
						},
						{
							"name": "hoods1",
							"origin": [-1, 30, -23],
							"color": 0,
							"children": [77, 78, 79, 80, 81, 82, 83, 84, 85]
						},
						{
							"name": "hoods1",
							"origin": [-1, 30, -23],
							"color": 0,
							"children": [86, 87, 88, 89, 90, 91, 92, 93, 94]
						},
						{
							"name": "hood9",
							"origin": [0, 0, 0],
							"color": 0,
							"children": [95, 96, 97, 98, 99, 100, 101, 102, 103, 104, 105, 106, 107, 108, 109, 110, 111, 112]
						},
						{
							"name": "hood9",
							"origin": [0, 0, 0],
							"color": 0,
							"children": [113, 114, 115, 116, 117, 118, 119, 120, 121, 122, 123, 124, 125, 126, 127, 128, 129, 130]
						},
						{
							"name": "hood9",
							"origin": [0, 0, 0],
							"color": 0,
							"children": [131, 132, 133, 134, 135, 136, 137, 138, 139, 140, 141, 142, 143, 144, 145, 146, 147, 148]
						},
						{
							"name": "hood9",
							"origin": [0, 0, 0],
							"color": 0,
							"children": [149, 150, 151, 152, 153, 154, 155, 156, 157, 158, 159, 160, 161, 162, 163, 164, 165, 166]
						},
						{
							"name": "hood9",
							"origin": [0, 0, 0],
							"color": 0,
							"children": [167, 168, 169, 170, 171, 172, 173, 174, 175, 176, 177, 178, 179, 180, 181, 182, 183, 184]
						},
						{
							"name": "hood9",
							"origin": [0, 0, 0],
							"color": 0,
							"children": [185, 186, 187, 188, 189, 190, 191, 192, 193, 194, 195, 196, 197, 198, 199, 200, 201, 202]
						}
					]
				}
			]
		}
	]
}