{
	"credit": "Made with Blockbench by Mc_Jeronimo",
	"texture_size": [32, 32],
	"textures": {
		"0": "opensignals:blocks/projekt675signale/mast_sign/wrw",
		"1": "opensignals:blocks/projekt675signale/default/shield_black",
		"particle": "opensignals:blocks/projekt675signale/mast_sign/wrw"
	},
	"elements": [
		{
			"name": "sign",
			"from": [7, 2, 7],
			"to": [9, 18, 8],
			"faces": {
				"north": {"uv": [1, 1, 2, 16], "texture": "#0"},
				"east": {"uv": [0, 0, 0.5, 8.5], "texture": "#1"},
				"south": {"uv": [0, 0, 1, 8.5], "texture": "#1"},
				"west": {"uv": [0, 0, 0.5, 8.5], "texture": "#1"},
				"up": {"uv": [0, 0, 1, 0.5], "texture": "#1"},
				"down": {"uv": [0, 0, 1, 0.5], "texture": "#1"}
			}
		}
	],
	"groups": [
		{
			"name": "mastsign",
			"origin": [10, 10, 23],
			"color": 0,
			"children": [0]
		}
	]
}