{
	"credit": "Made with Blockbench by Mc_Jeronimo",
	"texture_size": [32, 32],
	"textures": {
		"0": "opensignals:blocks/projekt675signale/default/shield_black",
		"1": "opensignals:blocks/projekt675signale/zs3/off",
		"3": "opensignals:blocks/projekt675signale/default/mast",
		"particle": "opensignals:blocks/projekt675signale/default/shield_black",
		"signal": "opensignals:blocks/projekt675signale/zs3/z10"
	},
	"elements": [
		{
			"name": "signal",
			"from": [5.5, -2, 1.95],
			"to": [10.5, 5, 1.95],
			"faces": {
				"north": {"uv": [0, 0, 11.57724, 16], "texture": "#signal"}
			}
		},
		{
			"name": "hood1",
			"from": [4, -2, 2],
			"to": [12, 6, 5],
			"faces": {
				"north": {"uv": [0, 0, 10, 14], "texture": "#0"},
				"east": {"uv": [0, 0, 1.5, 4], "texture": "#0"},
				"south": {"uv": [0, 0, 4, 4], "texture": "#0"},
				"west": {"uv": [0, 0, 1.5, 4], "texture": "#0"},
				"up": {"uv": [0, 0, 4, 1.5], "texture": "#0"},
				"down": {"uv": [0, 0, 4, 1.5], "texture": "#0"}
			}
		},
		{
			"name": "hood2",
			"from": [4.5, -2, 0],
			"to": [5.5, 5, 2],
			"faces": {
				"north": {"uv": [0, 0, 10, 14], "texture": "#0"},
				"east": {"uv": [0, 0, 1, 3.5], "texture": "#0"},
				"west": {"uv": [0, 0, 1, 3.5], "texture": "#0"},
				"up": {"uv": [0, 0, 0, 0], "texture": "#0"},
				"down": {"uv": [0, 0, 0.5, 1], "texture": "#0"}
			}
		},
		{
			"name": "hood3",
			"from": [10.5, -2, 0],
			"to": [11.5, 5, 2],
			"faces": {
				"north": {"uv": [0, 0, 10, 14], "texture": "#0"},
				"east": {"uv": [0, 0, 1, 3.5], "texture": "#0"},
				"west": {"uv": [0, 0, 1, 3.5], "texture": "#0"},
				"down": {"uv": [0, 0, 0.5, 1], "texture": "#0"}
			}
		},
		{
			"name": "hood4",
			"from": [4.5, 5, 0],
			"to": [11.5, 6, 2],
			"faces": {
				"north": {"uv": [0, 0, 10, 14], "texture": "#0"},
				"east": {"uv": [0, 0, 1, 0.5], "texture": "#0"},
				"west": {"uv": [0, 0, 1, 0.5], "texture": "#0"},
				"up": {"uv": [0, 0, 3.5, 1], "texture": "#0"},
				"down": {"uv": [0, 0, 3.5, 1], "texture": "#0"}
			}
		},
		{
			"from": [5.5, -2, 1.975],
			"to": [10.5, 5, 1.975],
			"faces": {
				"north": {"uv": [0, 0, 11.57724, 16], "texture": "#1", "tintindex": 0}
			}
		},
		{
			"name": "hood6",
			"from": [7, -3, 3],
			"to": [9, -2, 8],
			"faces": {
				"north": {"uv": [0, 0, 1.5, 4], "texture": "#3"},
				"east": {"uv": [0, 0, 1.5, 4], "texture": "#3"},
				"south": {"uv": [0, 0, 1.5, 4], "texture": "#3"},
				"west": {"uv": [0, 0, 1.5, 4], "texture": "#3"},
				"up": {"uv": [0, 0, 1.5, 4], "texture": "#3"},
				"down": {"uv": [0, 0, 1.5, 4], "texture": "#3"}
			}
		}
	],
	"groups": [
		{
			"name": "ZS3",
			"origin": [-2, 25, 38],
			"color": 0,
			"children": [
				{
					"name": "signal",
					"origin": [-2, 25, 38],
					"color": 0,
					"children": [0]
				},
				{
					"name": "hood",
					"origin": [-2, 25, 38],
					"color": 0,
					"children": [1, 2, 3, 4]
				}
			]
		},
		5,
		6
	]
}