{
    "SVCTRAVELTYPE":
    [
        "OFF",
        "SVCTRAVEL_INDICATOR",
        "SVCTRAVEL_INDICATOREXIT",
        "SVCVERTICAL_INDICATOR",
        "SVCVERTICAL_INDICATOREXIT",
        "SVCHORIZONTAL_INDICATOR",
        "SVCHORIZONTAL_INDICATOREXIT",
        "SVCBRAKE_INDICATOR"
    ],
    "SVCTRAVELINDICATOR":
    [
        "OFF",
        "TRAVEL",
        "ZP9"
    ],
    "SVCBOTHINDICATORTRAVEL":
    [
        "OFF",
        "TRAVEL"
    ],
    "SVCBOTHINDICATORZP9":
    [
        "OFF",
        "ZP9"
    ],
    "SVCBRAKEINDICATOR":
    [
        "OFF",
        "BRAKE",
        "RELEASE",
        "INORDER"
    ]
}
