{
	"credit": "Made with Blockbench by SkywalkerValle",
	"textures": {
		"1": "opensignals:blocks/svc/shield_black",
		"2": "opensignals:blocks/svc/shield_gray",
		"3": "opensignals:blocks/svc/travel_lamps/off",
		"Zp9": "opensignals:blocks/svc/travel_lamps/off",
		"travelindicator": "opensignals:blocks/svc/travel_lamps/off",
		"particle": "opensignals:blocks/svc/black"
	},
	"elements": [
		{
			"name": "mast",
			"from": [7, -1, 7],
			"to": [9, 15, 9],
			"faces": {
				"north": {"uv": [0, 0, 2, 16], "texture": "#2"},
				"east": {"uv": [0, 0, 2, 16], "texture": "#2"},
				"south": {"uv": [0, 0, 2, 16], "texture": "#2"},
				"west": {"uv": [0, 0, 2, 16], "texture": "#2"},
				"up": {"uv": [0, 0, 2, 2], "texture": "#2"},
				"down": {"uv": [0, 0, 2, 2], "texture": "#2"}
			}
		},
		{
			"name": "hood4",
			"from": [4.5, 7, 3],
			"to": [11.5, 8, 5],
			"faces": {
				"north": {"uv": [0, 0, 7, 1], "texture": "#1"},
				"east": {"uv": [0, 0, 2, 1], "texture": "#1"},
				"south": {"uv": [0, 0, 7, 1], "texture": "#1"},
				"west": {"uv": [0, 0, 2, 1], "texture": "#1"},
				"up": {"uv": [0, 0, 7, 2], "texture": "#1"},
				"down": {"uv": [0, 0, 7, 2], "texture": "#1"}
			}
		},
		{
			"name": "hood2",
			"from": [4.5, 0, 3],
			"to": [5.5, 7, 5],
			"faces": {
				"north": {"uv": [0, 0, 1, 7], "texture": "#1"},
				"east": {"uv": [0, 0, 2, 7], "texture": "#1"},
				"south": {"uv": [0, 0, 1, 7], "texture": "#1"},
				"west": {"uv": [0, 0, 2, 7], "texture": "#1"},
				"up": {"uv": [0, 0, 1, 2], "texture": "#1"},
				"down": {"uv": [0, 0, 1, 2], "texture": "#1"}
			}
		},
		{
			"name": "hood3",
			"from": [10.5, 0, 3],
			"to": [11.5, 7, 5],
			"faces": {
				"north": {"uv": [0, 0, 1, 7], "texture": "#1"},
				"east": {"uv": [0, 0, 2, 7], "texture": "#1"},
				"south": {"uv": [0, 0, 1, 7], "texture": "#1"},
				"west": {"uv": [0, 0, 2, 7], "texture": "#1"},
				"up": {"uv": [0, 0, 1, 2], "texture": "#1"},
				"down": {"uv": [0, 0, 1, 2], "texture": "#1"}
			}
		},
		{
			"name": "hood4",
			"from": [4.5, 15, 3],
			"to": [11.5, 16, 5],
			"faces": {
				"north": {"uv": [0, 0, 7, 1], "texture": "#1"},
				"east": {"uv": [0, 0, 2, 1], "texture": "#1"},
				"south": {"uv": [0, 0, 7, 1], "texture": "#1"},
				"west": {"uv": [0, 0, 2, 1], "texture": "#1"},
				"up": {"uv": [0, 0, 7, 2], "texture": "#1"},
				"down": {"uv": [0, 0, 7, 2], "texture": "#1"}
			}
		},
		{
			"name": "dark1",
			"from": [5.5, 8, 4.95],
			"to": [10.5, 15, 4.95],
			"faces": {
				"north": {"uv": [0, 0, 5, 7], "texture": "#3"}
			}
		},
		{
			"name": "Zp9",
			"from": [5.5, 8, 4.9],
			"to": [10.5, 15, 4.9],
			"faces": {
				"north": {"uv": [0, 0, 5, 7], "texture": "#Zp9"}
			}
		},
		{
			"name": "hood2",
			"from": [4.5, 8, 3],
			"to": [5.5, 15, 5],
			"faces": {
				"north": {"uv": [0, 0, 1, 7], "texture": "#1"},
				"east": {"uv": [0, 0, 2, 7], "texture": "#1"},
				"south": {"uv": [0, 0, 1, 7], "texture": "#1"},
				"west": {"uv": [0, 0, 2, 7], "texture": "#1"},
				"up": {"uv": [0, 0, 1, 2], "texture": "#1"},
				"down": {"uv": [0, 0, 1, 2], "texture": "#1"}
			}
		},
		{
			"name": "hood1",
			"from": [4, 0, 5],
			"to": [12, 16, 7],
			"faces": {
				"north": {"uv": [0, 0, 8, 8], "texture": "#1"},
				"east": {"uv": [0, 0, 2, 8], "texture": "#1"},
				"south": {"uv": [0, 0, 8, 8], "texture": "#1"},
				"west": {"uv": [0, 0, 2, 8], "texture": "#1"},
				"up": {"uv": [0, 0, 8, 2], "texture": "#1"},
				"down": {"uv": [0, 0, 8, 2], "texture": "#1"}
			}
		},
		{
			"name": "hood3",
			"from": [10.5, 8, 3],
			"to": [11.5, 15, 5],
			"faces": {
				"north": {"uv": [0, 0, 1, 7], "texture": "#1"},
				"east": {"uv": [0, 0, 2, 7], "texture": "#1"},
				"south": {"uv": [0, 0, 1, 7], "texture": "#1"},
				"west": {"uv": [0, 0, 2, 7], "texture": "#1"},
				"up": {"uv": [0, 0, 1, 2], "texture": "#1"},
				"down": {"uv": [0, 0, 1, 2], "texture": "#1"}
			}
		},
		{
			"name": "dark 1",
			"from": [5.5, 0, 4.95],
			"to": [10.5, 7, 4.95],
			"faces": {
				"north": {"uv": [0, 0, 5, 7], "texture": "#3"}
			}
		},
		{
			"name": "travelindicator",
			"from": [5.5, 0, 4.9],
			"to": [10.5, 7, 4.9],
			"faces": {
				"north": {"uv": [0, 0, 5, 7], "texture": "#travelindicator"}
			}
		}
	],
	"groups": [
		0,
		{
			"name": "Zp9",
			"origin": [0, 0, 0],
			"color": 0,
			"children": [1, 2, 3, 4, 5]
		},
		{
			"name": "signal",
			"origin": [8, 8, 8],
			"color": 0,
			"children": [6]
		},
		{
			"name": "travel",
			"origin": [0, 0, 0],
			"color": 0,
			"children": [7, 8, 9, 10]
		},
		{
			"name": "signal",
			"origin": [8, 8, 8],
			"color": 0,
			"children": [11]
		}
	]
}