{
    "GIR_DISPLAY_TYPE": [
        "OFF",
        "SMALL"
    ],
    "GIR_DISPLAY_HOLDING": [
        "OFF",
        "UP",
        "DOWN"
    ],
    "GIR_DISPLAY_TIME_HOUR": [
        "OFF",
        "Z0",
        "Z1",
        "Z2",
        "Z3",
        "Z4",
        "Z5",
        "Z6",
        "Z7",
        "Z8",
        "Z9",
        "Z10",
        "Z11",
        "Z12",
        "Z13",
        "Z14",
        "Z15",
        "Z16",
        "Z17",
        "Z18",
        "Z19",
        "Z20",
        "Z21",
        "Z22",
        "Z23"
    ],
    "GIR_DISPLAY_TIME_MINUTE": [
        "OFF",
        "Z0",
        "Z1",
        "Z2",
        "Z3",
        "Z4",
        "Z5",
        "Z6",
        "Z7",
        "Z8",
        "Z9",
        "Z10",
        "Z11",
        "Z12",
        "Z13",
        "Z14",
        "Z15",
        "Z16",
        "Z17",
        "Z18",
        "Z19",
        "Z20",
        "Z21",
        "Z22",
        "Z23",
        "Z24",
        "Z25",
        "Z26",
        "Z27",
        "Z28",
        "Z29",
        "Z30",
        "Z31",
        "Z32",
        "Z33",
        "Z34",
        "Z35",
        "Z36",
        "Z37",
        "Z38",
        "Z39",
        "Z40",
        "Z41",
        "Z42",
        "Z43",
        "Z44",
        "Z45",
        "Z46",
        "Z47",
        "Z48",
        "Z49",
        "Z50",
        "Z51",
        "Z52",
        "Z53",
        "Z54",
        "Z55",
        "Z56",
        "Z57",
        "Z58",
        "Z59"
    ],
    "GIR_DISPLAY_PLATFORM": [
        "OFF",
        "P1",
        "P1A",
        "P1B",
        "P2",
        "P2A",
        "P2B",
        "P3",
        "P3A",
        "P3B",
        "P4",
        "P4A",
        "P4B",
        "P5",
        "P5A",
        "P5B",
        "P6",
        "P6A",
        "P6B",
        "P7",
        "P7A",
        "P7B",
        "P8",
        "P8A",
        "P8B",
        "P9",
        "P9A",
        "P9B",
        "P10"
    ],
    "GIR_DISPLAY_TRAIN": [
        "OFF",
        "ICE1",
        "ICE2",
        "ICE3",
        "ICE4",
        "ICE5",
        "ICE6",
        "ICE7",
        "ICE8",
        "ICE9",
        "IC1",
        "IC2",
        "IC3",
        "IC4",
        "IC5",
        "IC6",
        "IC7",
        "IC8",
        "IC9",
        "IC10",
        "NE1",
        "NE2",
        "NE3",
        "NE4",
        "NE5",
        "NE6",
        "NE7",
        "NE8",
        "NE9",
        "NE10",
        "RB1",
        "RB2",
        "RB3",
        "RB4",
        "RB5",
        "RB6",
        "RB7",
        "RB8",
        "RB9",
        "RB10",
        "RE1",
        "RE2",
        "RE3",
        "RE4",
        "RE5",
        "RE6",
        "RE7",
        "RE8",
        "RE9",
        "RE10",
        "SDZ"   
    ],
    "GIR_DISPLAY_DESTINATION": [
        "OFF",
        "ZUGDURCHFAHRT",
        "SONDERFAHRT",
        "BITTE_NICHT_EINSTEIGEN",
        "PRESSLAU",
        "ROEDAU_HBF",
        "BAD_SPENCER",
        "SANKT_PRIEL",
        "TERENCEBERG",
        "ROEDAU_FLUGHAFEN",
        "AUSHANGFAHRPLAN"
    ],
    "GIR_DISPLAY_INFORMATION": [
        "OFF",
        "AUSFALL",
        "GLEIS1",
        "GLEIS2",
        "GLEIS3",
        "GLEIS4",
        "GLEIS5",
        "GLEIS6",
        "GLEIS7",
        "GLEIS8",
        "GLEIS9",
        "GLEIS10",
        "VERSPATUNG5",
        "VERSPATUNG10",
        "VERSPATUNG15"
    ],
    "GIR_DISPLAY_STOPS": [
        "OFF",
        "ENDE",
        "AUSHANGFAHRPLAN"
    ]
}