{
	"credit": "Made with Blockbench by Mc_Jeronimo",
	"textures": {
		"1": "opensignals:blocks/default/shield_black",
		"2": "opensignals:blocks/zs/zs12",
		"particle": "opensignals:blocks/default/shield_black"
	},
	"elements": [
		{
			"from": [6.5, 0, 7],
			"to": [9.5, 3, 8],
			"faces": {
				"north": {"uv": [0, 0, 16, 16], "texture": "#2"},
				"east": {"uv": [0, 0, 1, 3], "texture": "#1"},
				"south": {"uv": [0, 0, 3, 3], "texture": "#1"},
				"west": {"uv": [0, 0, 1, 3], "texture": "#1"},
				"up": {"uv": [0, 0, 3, 1], "texture": "#1"},
				"down": {"uv": [0, 0, 3, 1], "texture": "#1"}
			}
		}
	]
}