{
	"credit": "Made with Blockbench by Mc_Jeronimo",
	"textures": {
		"0": "opensignals:blocks/projekt675signale/default/shield_black",
		"1": "opensignals:blocks/projekt675signale/zs/zs3",
		"particle": "opensignals:blocks/projekt675signale/default/shield_black",
		"overlay": "opensignals:blocks/projekt675signale/zs3plate/z8"
	},
	"elements": [
		{
			"from": [6, 0.5, 4.98],
			"to": [10, 6.5, 4.98],
			"faces": {
				"north": {"uv": [3, 0.30573, 13.1, 16], "texture": "#overlay", "tintindex": 0}
			}
		},
		{
			"from": [3.825, 0, 5.025],
			"to": [12.2, 1, 6],
			"rotation": {"angle": 0, "axis": "z", "origin": [8.5, 5, 6]},
			"faces": {
				"north": {"uv": [4.5, 0.5, 6.5, 2], "rotation": 180, "texture": "#1"},
				"east": {"uv": [0, 0, 1, 1.5], "rotation": 180, "texture": "#0"},
				"south": {"uv": [0, 0, 1, 1.5], "rotation": 180, "texture": "#0"},
				"west": {"uv": [0, 0, 1, 1.5], "rotation": 180, "texture": "#0"},
				"up": {"uv": [0, 0, 1, 1.5], "rotation": 180, "texture": "#0"},
				"down": {"uv": [0, 0, 0, 0], "rotation": 180, "texture": "#0"}
			}
		},
		{
			"from": [9.98777, -2.09566, 5],
			"to": [10.98777, 11.30434, 6],
			"rotation": {"angle": 22.5, "axis": "z", "origin": [8.5, 5, 6]},
			"faces": {
				"north": {"uv": [2.5, 0, 8.5, 0.5], "rotation": 90, "texture": "#1"},
				"east": {"uv": [0, 0, 1, 1.5], "rotation": 270, "texture": "#0"},
				"south": {"uv": [0, 0, 1, 1.5], "rotation": 270, "texture": "#0"},
				"west": {"uv": [0, 0, 0, 0], "rotation": 270, "texture": "#0"},
				"up": {"uv": [0, 0, 1, 1.5], "rotation": 270, "texture": "#0"},
				"down": {"uv": [5, 3.5, 6, 5], "rotation": 270, "texture": "#0"}
			}
		},
		{
			"from": [5.08387, -2.44761, 5],
			"to": [6.08387, 10.95239, 6],
			"rotation": {"angle": -22.5, "axis": "z", "origin": [8.5, 5, 6]},
			"faces": {
				"north": {"uv": [2.5, 0, 8.5, 0.5], "rotation": 90, "texture": "#1"},
				"east": {"uv": [0, 0, 1, 1.5], "rotation": 270, "texture": "#0"},
				"south": {"uv": [0, 0, 1, 1.5], "rotation": 270, "texture": "#0"},
				"west": {"uv": [0, 0, 0, 0], "rotation": 270, "texture": "#0"},
				"up": {"uv": [0, 0, 1, 1.5], "rotation": 270, "texture": "#0"},
				"down": {"uv": [0, 0, 1, 1.5], "rotation": 270, "texture": "#0"}
			}
		},
		{
			"from": [2.5, -1, 5],
			"to": [13.5, -0.525, 6],
			"rotation": {"angle": 0, "axis": "z", "origin": [8.5, 5, 6]},
			"faces": {
				"north": {"uv": [3, 0, 5.5, 0.5], "rotation": 180, "texture": "#1"},
				"east": {"uv": [0, 0, 11, 1.5], "rotation": 180, "texture": "#0"},
				"south": {"uv": [0, 0, 11, 1.5], "rotation": 180, "texture": "#0"},
				"west": {"uv": [0, 0, 11, 1.5], "rotation": 180, "texture": "#0"},
				"up": {"uv": [0, 0, 11, 1.5], "rotation": 180, "texture": "#0"},
				"down": {"uv": [0, 0, 11, 1.5], "rotation": 180, "texture": "#0"}
			}
		},
		{
			"from": [3.5, -0.95, 5],
			"to": [12.5, 0.025, 6],
			"rotation": {"angle": 0, "axis": "z", "origin": [8.5, 5, 6]},
			"faces": {
				"north": {"uv": [3, 0, 5.5, 0.5], "rotation": 180, "texture": "#1"},
				"east": {"uv": [0, 0, 11, 1.5], "rotation": 180, "texture": "#0"},
				"south": {"uv": [0, 0, 11, 1.5], "rotation": 180, "texture": "#0"},
				"west": {"uv": [0, 0, 11, 1.5], "rotation": 180, "texture": "#0"},
				"up": {"uv": [0, 0, 11, 1.5], "rotation": 180, "texture": "#0"},
				"down": {"uv": [0, 0, 11, 1.5], "rotation": 180, "texture": "#0"}
			}
		},
		{
			"from": [3.825, 1, 5.025],
			"to": [12.2, 2, 6],
			"rotation": {"angle": 0, "axis": "z", "origin": [8.5, 5, 6]},
			"faces": {
				"north": {"uv": [4.5, 0.5, 6.5, 2], "rotation": 180, "texture": "#1"},
				"east": {"uv": [0, 0, 1, 1.5], "rotation": 180, "texture": "#0"},
				"south": {"uv": [0, 0, 1, 1.5], "rotation": 180, "texture": "#0"},
				"west": {"uv": [0, 0, 1, 1.5], "rotation": 180, "texture": "#0"},
				"up": {"uv": [0, 0, 1, 1.5], "rotation": 180, "texture": "#0"},
				"down": {"uv": [0, 0, 0, 0], "rotation": 180, "texture": "#0"}
			}
		},
		{
			"from": [4.075, 2, 5.025],
			"to": [11.45, 3, 6],
			"rotation": {"angle": 0, "axis": "z", "origin": [8.5, 5, 6]},
			"faces": {
				"north": {"uv": [4.5, 0.5, 6.5, 2], "rotation": 180, "texture": "#1"},
				"east": {"uv": [0, 0, 1, 1.5], "rotation": 180, "texture": "#0"},
				"south": {"uv": [0, 0, 1, 1.5], "rotation": 180, "texture": "#0"},
				"west": {"uv": [0, 0, 1, 1.5], "rotation": 180, "texture": "#0"},
				"up": {"uv": [0, 0, 1, 1.5], "rotation": 180, "texture": "#0"},
				"down": {"uv": [0, 0, 0, 0], "rotation": 180, "texture": "#0"}
			}
		},
		{
			"from": [4.575, 3, 5.025],
			"to": [11.45, 4, 6],
			"rotation": {"angle": 0, "axis": "z", "origin": [8.5, 5, 6]},
			"faces": {
				"north": {"uv": [4.5, 0.5, 6.5, 2], "rotation": 180, "texture": "#1"},
				"east": {"uv": [0, 0, 1, 1.5], "rotation": 180, "texture": "#0"},
				"south": {"uv": [0, 0, 1, 1.5], "rotation": 180, "texture": "#0"},
				"west": {"uv": [0, 0, 1, 1.5], "rotation": 180, "texture": "#0"},
				"up": {"uv": [0, 0, 1, 1.5], "rotation": 180, "texture": "#0"},
				"down": {"uv": [0, 0, 0, 0], "rotation": 180, "texture": "#0"}
			}
		},
		{
			"from": [4.825, 4, 5.025],
			"to": [11.2, 5, 6],
			"rotation": {"angle": 0, "axis": "z", "origin": [8.5, 5, 6]},
			"faces": {
				"north": {"uv": [4.5, 0.5, 6.5, 2], "rotation": 180, "texture": "#1"},
				"east": {"uv": [0, 0, 1, 1.5], "rotation": 180, "texture": "#0"},
				"south": {"uv": [0, 0, 1, 1.5], "rotation": 180, "texture": "#0"},
				"west": {"uv": [0, 0, 1, 1.5], "rotation": 180, "texture": "#0"},
				"up": {"uv": [0, 0, 1, 1.5], "rotation": 180, "texture": "#0"},
				"down": {"uv": [0, 0, 0, 0], "rotation": 180, "texture": "#0"}
			}
		},
		{
			"from": [5.575, 5, 5.025],
			"to": [10.7, 6, 6],
			"rotation": {"angle": 0, "axis": "z", "origin": [8.5, 5, 6]},
			"faces": {
				"north": {"uv": [4.5, 0.5, 6.5, 2], "rotation": 180, "texture": "#1"},
				"east": {"uv": [0, 0, 1, 1.5], "rotation": 180, "texture": "#0"},
				"south": {"uv": [0, 0, 1, 1.5], "rotation": 180, "texture": "#0"},
				"west": {"uv": [0, 0, 1, 1.5], "rotation": 180, "texture": "#0"},
				"up": {"uv": [0, 0, 1, 1.5], "rotation": 180, "texture": "#0"},
				"down": {"uv": [0, 0, 0, 0], "rotation": 180, "texture": "#0"}
			}
		},
		{
			"from": [6.075, 6, 5.025],
			"to": [9.7, 7, 6],
			"rotation": {"angle": 0, "axis": "z", "origin": [8.5, 5, 6]},
			"faces": {
				"north": {"uv": [4.5, 0.5, 6.5, 2], "rotation": 180, "texture": "#1"},
				"east": {"uv": [0, 0, 1, 1.5], "rotation": 180, "texture": "#0"},
				"south": {"uv": [0, 0, 1, 1.5], "rotation": 180, "texture": "#0"},
				"west": {"uv": [0, 0, 1, 1.5], "rotation": 180, "texture": "#0"},
				"up": {"uv": [0, 0, 1, 1.5], "rotation": 180, "texture": "#0"},
				"down": {"uv": [0, 0, 0, 0], "rotation": 180, "texture": "#0"}
			}
		},
		{
			"from": [6.075, 7, 5.025],
			"to": [9.7, 8, 6],
			"rotation": {"angle": 0, "axis": "z", "origin": [8.5, 5, 6]},
			"faces": {
				"north": {"uv": [4.5, 0.5, 6.5, 2], "rotation": 180, "texture": "#1"},
				"east": {"uv": [0, 0, 1, 1.5], "rotation": 180, "texture": "#0"},
				"south": {"uv": [0, 0, 1, 1.5], "rotation": 180, "texture": "#0"},
				"west": {"uv": [0, 0, 1, 1.5], "rotation": 180, "texture": "#0"},
				"up": {"uv": [0, 0, 1, 1.5], "rotation": 180, "texture": "#0"},
				"down": {"uv": [0, 0, 0, 0], "rotation": 180, "texture": "#0"}
			}
		},
		{
			"from": [7.075, 8, 5.025],
			"to": [8.95, 9, 6],
			"rotation": {"angle": 0, "axis": "z", "origin": [8.5, 5, 6]},
			"faces": {
				"north": {"uv": [4.5, 0.5, 6.5, 2], "rotation": 180, "texture": "#1"},
				"east": {"uv": [0, 0, 1, 1.5], "rotation": 180, "texture": "#0"},
				"south": {"uv": [0, 0, 1, 1.5], "rotation": 180, "texture": "#0"},
				"west": {"uv": [0, 0, 1, 1.5], "rotation": 180, "texture": "#0"},
				"up": {"uv": [0, 0, 1, 1.5], "rotation": 180, "texture": "#0"},
				"down": {"uv": [0, 0, 0, 0], "rotation": 180, "texture": "#0"}
			}
		},
		{
			"from": [7.625, 10.775, 5.025],
			"to": [8.375, 11.775, 6],
			"rotation": {"angle": 0, "axis": "z", "origin": [8.5, 6.775, 6]},
			"faces": {
				"north": {"uv": [4.5, 0, 6.5, 0.5], "rotation": 180, "texture": "#1"},
				"east": {"uv": [0, 0, 1, 1.5], "rotation": 180, "texture": "#0"},
				"south": {"uv": [0, 0, 1, 1.5], "rotation": 180, "texture": "#0"},
				"west": {"uv": [0, 0, 1, 1.5], "rotation": 180, "texture": "#0"},
				"up": {"uv": [0, 0, 1, 1.5], "rotation": 180, "texture": "#0"},
				"down": {"uv": [0, 0, 0, 0], "rotation": 180, "texture": "#0"}
			}
		},
		{
			"from": [7.075, 9, 5.025],
			"to": [8.95, 10, 6],
			"rotation": {"angle": 0, "axis": "z", "origin": [8.5, 5, 6]},
			"faces": {
				"north": {"uv": [4.5, 0.5, 6.5, 2], "rotation": 180, "texture": "#1"},
				"east": {"uv": [0, 0, 1, 1.5], "rotation": 180, "texture": "#0"},
				"south": {"uv": [0, 0, 1, 1.5], "rotation": 180, "texture": "#0"},
				"west": {"uv": [0, 0, 1, 1.5], "rotation": 180, "texture": "#0"},
				"up": {"uv": [0, 0, 1, 1.5], "rotation": 180, "texture": "#0"},
				"down": {"uv": [0, 0, 0, 0], "rotation": 180, "texture": "#0"}
			}
		},
		{
			"from": [7.225, 9.925, 5.025],
			"to": [8.775, 10.875, 6],
			"rotation": {"angle": 0, "axis": "z", "origin": [8.5, 5, 6]},
			"faces": {
				"north": {"uv": [4.5, 0, 6.5, 0.5], "rotation": 180, "texture": "#1"},
				"east": {"uv": [0, 0, 1, 1.5], "rotation": 180, "texture": "#0"},
				"south": {"uv": [0, 0, 1, 1.5], "rotation": 180, "texture": "#0"},
				"west": {"uv": [0, 0, 1, 1.5], "rotation": 180, "texture": "#0"},
				"up": {"uv": [0, 0, 1, 1.5], "rotation": 180, "texture": "#0"},
				"down": {"uv": [0, 0, 0, 0], "rotation": 180, "texture": "#0"}
			}
		}
	],
	"groups": [
		0,
		{
			"name": "sign",
			"origin": [8, 8, 8],
			"color": 0,
			"children": [1, 2, 3, 4, 5, 6, 7, 8, 9, 10, 11, 12, 13, 14, 15, 16]
		}
	]
}