{
	"credit": "Made with Blockbench by Mc_Jeronimo",
	"textures": {
		"0": "opensignals:blocks/projekt675signale/default/shield_black",
		"2": "opensignals:blocks/projekt675signale/zs/zs3v",
		"particle": "opensignals:blocks/projekt675signale/default/shield_black",
		"overlay": "opensignals:blocks/projekt675signale/zs3vplate/z8"
	},
	"elements": [
		{
			"from": [6, 3.75, 4.98],
			"to": [10, 9.75, 4.98],
			"rotation": {"angle": 0, "axis": "y", "origin": [0, -0.75, 0]},
			"faces": {
				"north": {"uv": [3, 0, 13.1, 16], "texture": "#overlay", "tintindex": 1}
			}
		},
		{
			"from": [3.75, -1.65, 5],
			"to": [4.75, 11.75, 6],
			"rotation": {"angle": 22.5, "axis": "z", "origin": [6, 8, 0]},
			"faces": {
				"north": {"uv": [2.5, 0, 8.5, 0.5], "rotation": 270, "texture": "#2"},
				"east": {"uv": [0, 0, 0, 0], "rotation": 90, "texture": "#0"},
				"south": {"uv": [0, 0, 1, 1.5], "rotation": 90, "texture": "#0"},
				"west": {"uv": [0, 0, 1, 1.5], "rotation": 90, "texture": "#0"},
				"up": {"uv": [0, 0, 1, 1.5], "rotation": 90, "texture": "#0"},
				"down": {"uv": [0, 0, 1, 1.5], "rotation": 90, "texture": "#0"}
			}
		},
		{
			"from": [10.95, -0.15, 5],
			"to": [11.95, 13.25, 6],
			"rotation": {"angle": -22.5, "axis": "z", "origin": [6, 8, 0]},
			"faces": {
				"north": {"uv": [2.5, 0, 8.5, 0.5], "rotation": 270, "texture": "#2"},
				"east": {"uv": [0, 0, 0, 0], "rotation": 90, "texture": "#0"},
				"south": {"uv": [0, 0, 1, 1.5], "rotation": 90, "texture": "#0"},
				"west": {"uv": [0, 0, 1, 1.5], "rotation": 90, "texture": "#0"},
				"up": {"uv": [0, 0, 1, 1.5], "rotation": 90, "texture": "#0"},
				"down": {"uv": [0, 0, 1, 1.5], "rotation": 90, "texture": "#0"}
			}
		},
		{
			"from": [3.8, 9, 5.025],
			"to": [12.175, 10, 6],
			"faces": {
				"north": {"uv": [4.5, 0.5, 6.5, 2], "texture": "#2"},
				"east": {"uv": [0, 0, 1, 1.5], "texture": "#0"},
				"south": {"uv": [0, 0, 1, 1.5], "texture": "#0"},
				"west": {"uv": [0, 0, 1, 1.5], "texture": "#0"},
				"up": {"uv": [0, 0, 0, 0], "texture": "#0"},
				"down": {"uv": [0, 0, 1, 1.5], "texture": "#0"}
			}
		},
		{
			"from": [3.8, 8, 5.025],
			"to": [12.175, 9, 6],
			"faces": {
				"north": {"uv": [4.5, 0.5, 6.5, 2], "texture": "#2"},
				"east": {"uv": [0, 0, 1, 1.5], "texture": "#0"},
				"south": {"uv": [0, 0, 1, 1.5], "texture": "#0"},
				"west": {"uv": [0, 0, 1, 1.5], "texture": "#0"},
				"up": {"uv": [0, 0, 0, 0], "texture": "#0"},
				"down": {"uv": [0, 0, 1, 1.5], "texture": "#0"}
			}
		},
		{
			"from": [4.55, 7, 5.025],
			"to": [11.925, 8, 6],
			"faces": {
				"north": {"uv": [4.5, 0.5, 6.5, 2], "texture": "#2"},
				"east": {"uv": [0, 0, 1, 1.5], "texture": "#0"},
				"south": {"uv": [0, 0, 1, 1.5], "texture": "#0"},
				"west": {"uv": [0, 0, 1, 1.5], "texture": "#0"},
				"up": {"uv": [0, 0, 0, 0], "texture": "#0"},
				"down": {"uv": [0, 0, 1, 1.5], "texture": "#0"}
			}
		},
		{
			"from": [4.55, 6, 5.025],
			"to": [11.425, 7, 6],
			"faces": {
				"north": {"uv": [4.5, 0.5, 6.5, 2], "texture": "#2"},
				"east": {"uv": [0, 0, 1, 1.5], "texture": "#0"},
				"south": {"uv": [0, 0, 1, 1.5], "texture": "#0"},
				"west": {"uv": [0, 0, 1, 1.5], "texture": "#0"},
				"up": {"uv": [0, 0, 0, 0], "texture": "#0"},
				"down": {"uv": [0, 0, 1, 1.5], "texture": "#0"}
			}
		},
		{
			"from": [4.8, 5, 5.025],
			"to": [11.175, 6, 6],
			"faces": {
				"north": {"uv": [4.5, 0.5, 6.5, 2], "texture": "#2"},
				"east": {"uv": [0, 0, 1, 1.5], "texture": "#0"},
				"south": {"uv": [0, 0, 1, 1.5], "texture": "#0"},
				"west": {"uv": [0, 0, 1, 1.5], "texture": "#0"},
				"up": {"uv": [0, 0, 0, 0], "texture": "#0"},
				"down": {"uv": [0, 0, 1, 1.5], "texture": "#0"}
			}
		},
		{
			"from": [5.3, 4, 5.025],
			"to": [10.425, 5, 6],
			"faces": {
				"north": {"uv": [4.5, 0.5, 6.5, 2], "texture": "#2"},
				"east": {"uv": [0, 0, 1, 1.5], "texture": "#0"},
				"south": {"uv": [0, 0, 1, 1.5], "texture": "#0"},
				"west": {"uv": [0, 0, 1, 1.5], "texture": "#0"},
				"up": {"uv": [0, 0, 0, 0], "texture": "#0"},
				"down": {"uv": [0, 0, 1, 1.5], "texture": "#0"}
			}
		},
		{
			"from": [6.3, 3, 5.025],
			"to": [9.925, 4, 6],
			"faces": {
				"north": {"uv": [4.5, 0.5, 6.5, 2], "texture": "#2"},
				"east": {"uv": [0, 0, 1, 1.5], "texture": "#0"},
				"south": {"uv": [0, 0, 1, 1.5], "texture": "#0"},
				"west": {"uv": [0, 0, 1, 1.5], "texture": "#0"},
				"up": {"uv": [0, 0, 0, 0], "texture": "#0"},
				"down": {"uv": [0, 0, 1, 1.5], "texture": "#0"}
			}
		},
		{
			"from": [6.3, 2, 5.025],
			"to": [9.925, 3, 6],
			"faces": {
				"north": {"uv": [4.5, 0.5, 6.5, 2], "texture": "#2"},
				"east": {"uv": [0, 0, 1, 1.5], "texture": "#0"},
				"south": {"uv": [0, 0, 1, 1.5], "texture": "#0"},
				"west": {"uv": [0, 0, 1, 1.5], "texture": "#0"},
				"up": {"uv": [0, 0, 0, 0], "texture": "#0"},
				"down": {"uv": [0, 0, 1, 1.5], "texture": "#0"}
			}
		},
		{
			"from": [7.05, 1, 5.025],
			"to": [8.925, 2, 6],
			"faces": {
				"north": {"uv": [4.5, 0.5, 6.5, 2], "texture": "#2"},
				"east": {"uv": [0, 0, 1, 1.5], "texture": "#0"},
				"south": {"uv": [0, 0, 1, 1.5], "texture": "#0"},
				"west": {"uv": [0, 0, 1, 1.5], "texture": "#0"},
				"up": {"uv": [0, 0, 0, 0], "texture": "#0"},
				"down": {"uv": [0, 0, 1, 1.5], "texture": "#0"}
			}
		},
		{
			"from": [7.05, 0, 5.025],
			"to": [8.925, 1, 6],
			"faces": {
				"north": {"uv": [4.5, 0.5, 6.5, 2], "texture": "#2"},
				"east": {"uv": [0, 0, 1, 1.5], "texture": "#0"},
				"south": {"uv": [0, 0, 1, 1.5], "texture": "#0"},
				"west": {"uv": [0, 0, 1, 1.5], "texture": "#0"},
				"up": {"uv": [0, 0, 0, 0], "texture": "#0"},
				"down": {"uv": [0, 0, 1, 1.5], "texture": "#0"}
			}
		},
		{
			"from": [7.6, -1.825, 5],
			"to": [8.375, -0.875, 5.975],
			"rotation": {"angle": 0, "axis": "y", "origin": [0, -1.875, -0.025]},
			"faces": {
				"north": {"uv": [4.5, 0, 6.5, 0.5], "texture": "#2"},
				"east": {"uv": [0, 0, 1, 1.5], "texture": "#0"},
				"south": {"uv": [0, 0, 1, 1.5], "texture": "#0"},
				"west": {"uv": [0, 0, 1, 1.5], "texture": "#0"},
				"up": {"uv": [0, 0, 0, 0], "texture": "#0"},
				"down": {"uv": [0, 0, 1, 1.5], "texture": "#0"}
			}
		},
		{
			"from": [7.05, 0, 5.025],
			"to": [8.925, 1, 6],
			"faces": {
				"north": {"uv": [4.5, 0.5, 6.5, 2], "texture": "#2"},
				"east": {"uv": [0, 0, 1, 1.5], "texture": "#0"},
				"south": {"uv": [0, 0, 1, 1.5], "texture": "#0"},
				"west": {"uv": [0, 0, 1, 1.5], "texture": "#0"},
				"up": {"uv": [0, 0, 0, 0], "texture": "#0"},
				"down": {"uv": [0, 0, 1, 1.5], "texture": "#0"}
			}
		},
		{
			"from": [2.5, 10.525, 5],
			"to": [13.5, 11, 6],
			"faces": {
				"north": {"uv": [3, 0, 5.5, 0.5], "texture": "#2"},
				"east": {"uv": [0, 0, 11, 1.5], "texture": "#0"},
				"south": {"uv": [0, 0, 11, 1.5], "texture": "#0"},
				"west": {"uv": [0, 0, 11, 1.5], "texture": "#0"},
				"up": {"uv": [0, 0, 11, 1.5], "texture": "#0"},
				"down": {"uv": [0, 0, 11, 1.5], "texture": "#0"}
			}
		},
		{
			"from": [3.5, 9.975, 5],
			"to": [12.5, 10.95, 6],
			"faces": {
				"north": {"uv": [3, 0, 5.5, 0.5], "texture": "#2"},
				"east": {"uv": [0, 0, 11, 1.5], "texture": "#0"},
				"south": {"uv": [0, 0, 11, 1.5], "texture": "#0"},
				"west": {"uv": [0, 0, 11, 1.5], "texture": "#0"},
				"up": {"uv": [0, 0, 11, 1.5], "texture": "#0"},
				"down": {"uv": [0, 0, 11, 1.5], "texture": "#0"}
			}
		},
		{
			"from": [7, 5, 6],
			"to": [9, 6, 8],
			"faces": {
				"north": {"uv": [0, 0, 2, 2], "texture": "#0"},
				"east": {"uv": [0, 0, 2, 2], "texture": "#0"},
				"south": {"uv": [0, 0, 2, 2], "texture": "#0"},
				"west": {"uv": [0, 0, 2, 2], "texture": "#0"},
				"up": {"uv": [0, 0, 2, 2], "texture": "#0"},
				"down": {"uv": [0, 0, 2, 2], "texture": "#0"}
			}
		}
	],
	"groups": [
		0,
		{
			"name": "sign",
			"origin": [8, 8, 8],
			"color": 0,
			"children": [1, 2, 3, 4, 5, 6, 7, 8, 9, 10, 11, 12, 13, 14, 15, 16]
		},
		17
	]
}