{
	"credit": "Made with Blockbench by Mc_Jeronimo",
	"texture_size": [32, 32],
	"textures": {
		"0": "opensignals:blocks/projekt675signale/default/controlbox",
		"1": "opensignals:blocks/projekt675signale/default/mast",
		"2": "opensignals:blocks/projekt675signale/default/shield_gray",
		"particle": "opensignals:blocks/projekt675signale/default/controlbox"
	},
	"elements": [
		{
			"name": "mast1",
			"from": [7, 2, 12],
			"to": [9, 16, 13],
			"faces": {
				"north": {"uv": [0, 0, 1, 8.5], "texture": "#1"},
				"east": {"uv": [0, 0, 0.5, 8.5], "texture": "#1"},
				"south": {"uv": [0, 0, 1, 8.5], "texture": "#1"},
				"west": {"uv": [0, 0, 0.5, 8.5], "texture": "#1"},
				"up": {"uv": [0, 0, 1, 0.5], "texture": "#1"},
				"down": {"uv": [0, 0, 1, 0.5], "texture": "#1"}
			}
		},
		{
			"name": "mast2",
			"from": [7, 2, 8],
			"to": [9, 16, 9],
			"faces": {
				"north": {"uv": [0, 0, 1, 8.5], "texture": "#1"},
				"east": {"uv": [0, 0, 0.5, 8.5], "texture": "#1"},
				"south": {"uv": [0, 0, 1, 8.5], "texture": "#1"},
				"west": {"uv": [0, 0, 0.5, 8.5], "texture": "#1"},
				"up": {"uv": [0, 0, 1, 0.5], "texture": "#1"},
				"down": {"uv": [0, 0, 1, 0.5], "texture": "#1"}
			}
		},
		{
			"name": "mast3",
			"from": [7, 10, 9],
			"to": [9, 11, 12],
			"faces": {
				"east": {"uv": [0, 0, 1.5, 0.5], "texture": "#1"},
				"west": {"uv": [0, 0, 1.5, 0.5], "texture": "#1"},
				"up": {"uv": [0, 0, 1, 1.5], "texture": "#1"},
				"down": {"uv": [0, 0, 1, 1.5], "texture": "#1"}
			}
		},
		{
			"name": "mast4",
			"from": [7, 4, 9],
			"to": [9, 5, 12],
			"faces": {
				"east": {"uv": [0, 0, 1.5, 0.5], "texture": "#1"},
				"west": {"uv": [0, 0, 1.5, 0.5], "texture": "#1"},
				"up": {"uv": [0, 0, 1, 1.5], "texture": "#1"},
				"down": {"uv": [0, 0, 1, 1.5], "texture": "#1"}
			}
		},
		{
			"name": "base",
			"from": [3, 0, 6],
			"to": [13, 2, 15],
			"faces": {
				"north": {"uv": [0, 0, 0.5, 0.5], "texture": "#2"},
				"east": {"uv": [0, 0, 0.5, 0.5], "texture": "#2"},
				"south": {"uv": [0, 0, 0.5, 0.5], "texture": "#2"},
				"west": {"uv": [0, 0, 0.5, 0.5], "texture": "#2"},
				"up": {"uv": [0, 0, 0.5, 0.5], "texture": "#2"},
				"down": {"uv": [0, 0, 0.5, 0.5], "texture": "#2"}
			}
		},
		{
			"name": "controlbox",
			"from": [4, 4, 13],
			"to": [12, 15, 17],
			"faces": {
				"north": {"uv": [0, 0, 0.5, 0.5], "texture": "#0"},
				"east": {"uv": [0, 0, 0.5, 0.5], "texture": "#0"},
				"south": {"uv": [0, 0, 0.5, 0.5], "texture": "#0"},
				"west": {"uv": [0, 0, 0.5, 0.5], "texture": "#0"},
				"up": {"uv": [0, 0, 0.5, 0.5], "texture": "#0"},
				"down": {"uv": [0, 0, 0.5, 0.5], "texture": "#0"}
			}
		},
		{
			"name": "controlbox",
			"from": [4, 4, 4],
			"to": [12, 15, 8],
			"faces": {
				"north": {"uv": [0, 0, 0.5, 0.5], "texture": "#0"},
				"east": {"uv": [0, 0, 0.5, 0.5], "texture": "#0"},
				"south": {"uv": [0, 0, 0.5, 0.5], "texture": "#0"},
				"west": {"uv": [0, 0, 0.5, 0.5], "texture": "#0"},
				"up": {"uv": [0, 0, 0.5, 0.5], "texture": "#0"},
				"down": {"uv": [0, 0, 0.5, 0.5], "texture": "#0"}
			}
		}
	],
	"groups": [
		{
			"name": "base",
			"origin": [10, -6, 23],
			"color": 0,
			"children": [0, 1, 2, 3, 4, 5, 6]
		}
	]
}