{
	"credit": "Made with Blockbench by Markus_GamerHD",
	"texture_size": [32, 32],
	"textures": {
		"0": "opensignals:blocks/projekt675signale/default/black",
		"1": "opensignals:blocks/projekt675signale/default/mast",
		"2": "opensignals:blocks/projekt675signale/default/shield_black",
		"3": "opensignals:blocks/projekt675signale/default/shield_gray",
		"particle": "opensignals:blocks/projekt675signale/default/black",
		"lamp_yellownorth": "opensignals:blocks/projekt675signale/lamps/lamp_dark",
		"lamp_greennorth": "opensignals:blocks/projekt675signale/lamps/lamp_dark",
		"lamp_red_primarynorth": "opensignals:blocks/projekt675signale/lamps/lamp_dark",
		"lamp_red_secondarynorth": "opensignals:blocks/projekt675signale/lamps/lamp_dark"
	},
	"elements": [
		{
			"name": "lamp_green",
			"from": [4, 17.25, 4.9],
			"to": [8, 21.25, 4.9],
			"faces": {
				"north": {"uv": [0, 0, 4.3125, 4.3125], "texture": "#lamp_greennorth"}
			}
		},
		{
			"name": "lamp_red_primary",
			"from": [8, 1.25, 4.9],
			"to": [12, 5.25, 4.9],
			"faces": {
				"north": {"uv": [0, 0, 4.3125, 4.3125], "texture": "#lamp_red_primarynorth"}
			}
		},
		{
			"name": "lamp_red_secondary",
			"from": [8, 17.25, 4.9],
			"to": [12, 21.25, 4.9],
			"faces": {
				"north": {"uv": [0, 0, 4.3125, 4.3125], "texture": "#lamp_red_secondarynorth"}
			}
		},
		{
			"name": "lamp_yellow",
			"from": [4, 1.25, 4.9],
			"to": [8, 5.25, 4.9],
			"faces": {
				"north": {"uv": [0, 0, 4.3125, 4.3125], "texture": "#lamp_yellownorth"}
			}
		},
		{
			"name": "shield6",
			"from": [8.5, 15.5, 7],
			"to": [9.5, 17.5, 8],
			"faces": {
				"east": {"uv": [0, 0, 1, 2], "texture": "#0"},
				"south": {"uv": [0, 0, 2, 2], "texture": "#0"},
				"west": {"uv": [0, 0, 1, 2], "texture": "#0"},
				"up": {"uv": [0, 0, 2, 1], "texture": "#0"},
				"down": {"uv": [0, 0, 2, 1], "texture": "#0"}
			}
		},
		{
			"name": "shield6",
			"from": [7.5, 0.5, 7],
			"to": [8.5, 15.5, 8],
			"faces": {
				"east": {"uv": [0, 0, 1, 2], "texture": "#0"},
				"south": {"uv": [0, 0, 2, 2], "texture": "#0"},
				"west": {"uv": [0, 0, 1, 2], "texture": "#0"},
				"up": {"uv": [0, 0, 2, 1], "texture": "#0"},
				"down": {"uv": [0, 0, 2, 1], "texture": "#0"}
			}
		},
		{
			"name": "shield6",
			"from": [8.5, 4.5, 7],
			"to": [9.5, 5.5, 8],
			"faces": {
				"east": {"uv": [0, 0, 1, 2], "texture": "#0"},
				"south": {"uv": [0, 0, 2, 2], "texture": "#0"},
				"west": {"uv": [0, 0, 1, 2], "texture": "#0"},
				"up": {"uv": [0, 0, 2, 1], "texture": "#0"},
				"down": {"uv": [0, 0, 2, 1], "texture": "#0"}
			}
		},
		{
			"name": "shield6",
			"from": [6.5, 4.5, 7],
			"to": [7.5, 5.5, 8],
			"faces": {
				"east": {"uv": [0, 0, 1, 2], "texture": "#0"},
				"south": {"uv": [0, 0, 2, 2], "texture": "#0"},
				"west": {"uv": [0, 0, 1, 2], "texture": "#0"},
				"up": {"uv": [0, 0, 2, 1], "texture": "#0"},
				"down": {"uv": [0, 0, 2, 1], "texture": "#0"}
			}
		},
		{
			"name": "shield6",
			"from": [6.5, 15.5, 7],
			"to": [7.5, 17.5, 8],
			"faces": {
				"east": {"uv": [0, 0, 1, 2], "texture": "#0"},
				"south": {"uv": [0, 0, 2, 2], "texture": "#0"},
				"west": {"uv": [0, 0, 1, 2], "texture": "#0"},
				"up": {"uv": [0, 0, 2, 1], "texture": "#0"},
				"down": {"uv": [0, 0, 2, 1], "texture": "#0"}
			}
		},
		{
			"name": "shield6",
			"from": [7.5, 15.5, 7],
			"to": [8.5, 16.5, 8],
			"faces": {
				"east": {"uv": [0, 0, 1, 2], "texture": "#0"},
				"south": {"uv": [0, 0, 2, 2], "texture": "#0"},
				"west": {"uv": [0, 0, 1, 2], "texture": "#0"},
				"up": {"uv": [0, 0, 2, 1], "texture": "#0"},
				"down": {"uv": [0, 0, 2, 1], "texture": "#0"}
			}
		},
		{
			"name": "shield6",
			"from": [8.5, 17.5, 7],
			"to": [11.5, 20.5, 9],
			"faces": {
				"east": {"uv": [0, 0, 1, 2], "texture": "#2"},
				"south": {"uv": [0, 0, 2, 2], "texture": "#2"},
				"west": {"uv": [0, 0, 1, 2], "texture": "#2"},
				"up": {"uv": [0, 0, 2, 1], "texture": "#2"},
				"down": {"uv": [0, 0, 2, 1], "texture": "#2"}
			}
		},
		{
			"name": "shield6",
			"from": [4.5, 17.5, 7],
			"to": [7.5, 20.5, 9],
			"faces": {
				"east": {"uv": [0, 0, 1, 2], "texture": "#2"},
				"south": {"uv": [0, 0, 2, 2], "texture": "#2"},
				"west": {"uv": [0, 0, 1, 2], "texture": "#2"},
				"up": {"uv": [0, 0, 2, 1], "texture": "#2"},
				"down": {"uv": [0, 0, 2, 1], "texture": "#2"}
			}
		},
		{
			"name": "shield6",
			"from": [4.5, 1.5, 7],
			"to": [7.5, 4.5, 9],
			"faces": {
				"east": {"uv": [0, 0, 1, 2], "texture": "#2"},
				"south": {"uv": [0, 0, 2, 2], "texture": "#2"},
				"west": {"uv": [0, 0, 1, 2], "texture": "#2"},
				"up": {"uv": [0, 0, 2, 1], "texture": "#2"},
				"down": {"uv": [0, 0, 2, 1], "texture": "#2"}
			}
		},
		{
			"name": "shield6",
			"from": [8.5, 1.5, 7],
			"to": [11.5, 4.5, 9],
			"faces": {
				"east": {"uv": [0, 0, 1, 2], "texture": "#2"},
				"south": {"uv": [0, 0, 2, 2], "texture": "#2"},
				"west": {"uv": [0, 0, 1, 2], "texture": "#2"},
				"up": {"uv": [0, 0, 2, 1], "texture": "#2"},
				"down": {"uv": [0, 0, 2, 1], "texture": "#2"}
			}
		},
		{
			"name": "shield8",
			"from": [12.5, 13, 8],
			"to": [13.5, 14, 18],
			"faces": {
				"east": {"uv": [0, 0, 5, 0.5], "texture": "#3"},
				"west": {"uv": [0, 0, 5, 0.5], "texture": "#3"},
				"up": {"uv": [0, 0, 0.5, 5], "texture": "#3"},
				"down": {"uv": [0, 0, 0.5, 5], "texture": "#3"}
			}
		},
		{
			"name": "shield9",
			"from": [2.5, 13, 8],
			"to": [3.5, 14, 18],
			"faces": {
				"east": {"uv": [0, 0, 5, 0.5], "texture": "#3"},
				"west": {"uv": [0, 0, 5, 0.5], "texture": "#3"},
				"up": {"uv": [0, 0, 0.5, 5], "texture": "#3"},
				"down": {"uv": [0, 0, 0.5, 5], "texture": "#3"}
			}
		},
		{
			"name": "shield10",
			"from": [3.5, 22, 7],
			"to": [12.5, 23, 8],
			"faces": {
				"east": {"uv": [0, 0, 0.5, 0.5], "texture": "#2"},
				"south": {"uv": [0, 0, 4.5, 0.5], "texture": "#2"},
				"west": {"uv": [0, 0, 0.5, 0.5], "texture": "#2"},
				"up": {"uv": [0, 0, 4.5, 0.5], "texture": "#2"},
				"down": {"uv": [0, 0, 4.5, 0.5], "texture": "#2"}
			}
		},
		{
			"name": "shield10",
			"from": [1.944, 21.894, 4.992],
			"to": [3.356, 22.644, 8.008],
			"rotation": {"angle": 45, "axis": "z", "origin": [3, 23, 6]},
			"faces": {
				"north": {"uv": [1.5, 3, 2, 3], "texture": "#2"},
				"east": {"uv": [0, 3, 1.5, 3], "texture": "#2"},
				"south": {"uv": [3.5, 3, 4, 3], "texture": "#2"},
				"west": {"uv": [2, 3, 3.5, 3], "texture": "#2"},
				"up": {"uv": [2, 3, 1.5, 1.5], "texture": "#2"},
				"down": {"uv": [2.5, 1.5, 2, 3], "texture": "#2"}
			}
		},
		{
			"name": "shield10",
			"from": [12.928, 21.182, 4.992],
			"to": [14.34, 21.932, 8.008],
			"rotation": {"angle": -45, "axis": "z", "origin": [14, 23, 6]},
			"faces": {
				"north": {"uv": [1.5, 2, 2, 2], "texture": "#2"},
				"east": {"uv": [0, 2, 1.5, 2], "texture": "#2"},
				"south": {"uv": [3.5, 2, 4, 2], "texture": "#2"},
				"west": {"uv": [2, 2, 3.5, 2], "texture": "#2"},
				"up": {"uv": [2, 2, 1.5, 0.5], "texture": "#2"},
				"down": {"uv": [2.5, 0.5, 2, 2], "texture": "#2"}
			}
		},
		{
			"name": "shield11",
			"from": [2.5, 13, 18],
			"to": [13.5, 14, 19],
			"faces": {
				"north": {"uv": [9.25, 9, 14.75, 9.5], "texture": "#3"},
				"east": {"uv": [6.5, 9, 7, 9.5], "texture": "#3"},
				"south": {"uv": [1.25, 9, 6.75, 9.5], "texture": "#3"},
				"west": {"uv": [9, 9, 9.5, 9.5], "texture": "#3"},
				"up": {"uv": [1.25, 9, 6.75, 9.5], "texture": "#3"},
				"down": {"uv": [1.25, 6.5, 6.75, 7], "texture": "#3"}
			}
		},
		{
			"name": "shield12",
			"from": [4, 2, 18],
			"to": [5, 13, 19],
			"faces": {
				"north": {"uv": [0, 0, 0.5, 5.5], "texture": "#3"},
				"east": {"uv": [0, 0, 0.5, 5.5], "texture": "#3"},
				"south": {"uv": [0, 0, 0.5, 5.5], "texture": "#3"},
				"west": {"uv": [0, 0, 0.5, 5.5], "texture": "#3"}
			}
		},
		{
			"name": "shield13",
			"from": [11, 2, 18],
			"to": [12, 13, 19],
			"faces": {
				"north": {"uv": [0, 0, 0.5, 5.5], "texture": "#3"},
				"east": {"uv": [0, 0, 0.5, 5.5], "texture": "#3"},
				"south": {"uv": [0, 0, 0.5, 5.5], "texture": "#3"},
				"west": {"uv": [0, 0, 0.5, 5.5], "texture": "#3"}
			}
		},
		{
			"name": "shield14",
			"from": [3.5, 0, 7],
			"to": [12.5, 1, 8],
			"faces": {
				"south": {"uv": [0, 0, 4.5, 0.5], "texture": "#2"},
				"up": {"uv": [0, 0, 4.5, 0.5], "texture": "#2"},
				"down": {"uv": [0, 0, 4.5, 0.5], "texture": "#2"}
			}
		},
		{
			"name": "shield15",
			"from": [4, 1, 12],
			"to": [12, 2, 19],
			"faces": {
				"north": {"uv": [0, 0, 4, 0.5], "texture": "#3"},
				"east": {"uv": [0, 0, 3.5, 0.5], "texture": "#3"},
				"south": {"uv": [0, 0, 4, 0.5], "texture": "#3"},
				"west": {"uv": [0, 0, 3.5, 0.5], "texture": "#3"},
				"up": {"uv": [0, 0, 4, 3.5], "texture": "#3"},
				"down": {"uv": [0, 0, 4, 3.5], "texture": "#3"}
			}
		},
		{
			"name": "shield16",
			"from": [7, 0, 13],
			"to": [9, 1, 17],
			"faces": {
				"east": {"uv": [0, 0, 2, 0.5], "texture": "#1"},
				"south": {"uv": [0, 0, 1, 0.5], "texture": "#1"},
				"west": {"uv": [0, 0, 2, 0.5], "texture": "#1"},
				"down": {"uv": [0, 0, 1, 2], "texture": "#1"}
			}
		},
		{
			"name": "shield17",
			"from": [2.5, 0, 5],
			"to": [13.5, 22, 7],
			"faces": {
				"north": {"uv": [0, 0, 5.5, 11.5], "texture": "#2"},
				"east": {"uv": [0, 0, 1, 11.5], "texture": "#2"},
				"south": {"uv": [0, 0, 5.5, 11.5], "texture": "#2"},
				"west": {"uv": [0, 0, 1, 11.5], "texture": "#2"},
				"up": {"uv": [0, 0, 5.5, 1], "texture": "#2"},
				"down": {"uv": [0, 0, 5.5, 1], "texture": "#2"}
			}
		},
		{
			"name": "shield18",
			"from": [3.5, 22, 5],
			"to": [12.5, 23, 7],
			"faces": {
				"north": {"uv": [0, 0, 4.5, 0.5], "texture": "#2"},
				"east": {"uv": [0, 0, 1, 0.5], "texture": "#2"},
				"west": {"uv": [0, 0, 1, 0.5], "texture": "#2"},
				"up": {"uv": [0, 0, 4.5, 1], "texture": "#2"}
			}
		},
		{
			"name": "shield19",
			"from": [12.5, 0, 7],
			"to": [13.5, 22, 8],
			"faces": {
				"north": {"uv": [0, 0, 0.5, 11.5], "texture": "#2"},
				"east": {"uv": [0, 0, 0.5, 11.5], "texture": "#2"},
				"south": {"uv": [0, 0, 0.5, 11.5], "texture": "#2"},
				"west": {"uv": [0, 0, 0.5, 11.5], "texture": "#2"},
				"up": {"uv": [0, 0, 0.5, 0.5], "texture": "#2"},
				"down": {"uv": [0, 0, 0.5, 0.5], "texture": "#2"}
			}
		},
		{
			"name": "shield20",
			"from": [2.5, 0, 7],
			"to": [3.5, 22, 8],
			"faces": {
				"north": {"uv": [0, 0, 0.5, 11.5], "texture": "#2"},
				"east": {"uv": [0, 0, 0.5, 11.5], "texture": "#2"},
				"south": {"uv": [0, 0, 0.5, 11.5], "texture": "#2"},
				"west": {"uv": [0, 0, 0.5, 11.5], "texture": "#2"},
				"up": {"uv": [0, 0, 0.5, 0.5], "texture": "#2"},
				"down": {"uv": [0, 0, 0.5, 0.5], "texture": "#2"}
			}
		},
		{
			"name": "mast1",
			"from": [7, 0, 8],
			"to": [9, 1, 13],
			"faces": {
				"east": {"uv": [0, 0, 2.5, 0.5], "texture": "#1"},
				"west": {"uv": [0, 0, 2.5, 0.5], "texture": "#1"},
				"up": {"uv": [0, 0, 1, 2.5], "texture": "#1"},
				"down": {"uv": [0, 0, 1, 2.5], "texture": "#1"}
			}
		},
		{
			"name": "mast2",
			"from": [7, -16, 12],
			"to": [9, 0, 13],
			"faces": {
				"north": {"uv": [0, 0, 1, 8], "texture": "#1"},
				"east": {"uv": [0, 0, 0.5, 8], "texture": "#1"},
				"south": {"uv": [0, 0, 1, 8], "texture": "#1"},
				"west": {"uv": [0, 0, 0.5, 8], "texture": "#1"},
				"down": {"uv": [0, 0, 1, 0.5], "texture": "#1"}
			}
		},
		{
			"name": "mast3",
			"from": [7, -16, 8],
			"to": [9, 0, 9],
			"faces": {
				"north": {"uv": [0, 0, 1, 8], "texture": "#1"},
				"east": {"uv": [0, 0, 0.5, 8], "texture": "#1"},
				"south": {"uv": [0, 0, 1, 8], "texture": "#1"},
				"west": {"uv": [0, 0, 0.5, 8], "texture": "#1"},
				"down": {"uv": [0, 0, 1, 0.5], "texture": "#1"}
			}
		},
		{
			"name": "mast4",
			"from": [7, -6, 9],
			"to": [9, -5, 12],
			"faces": {
				"east": {"uv": [0, 0, 1.5, 0.5], "texture": "#1"},
				"west": {"uv": [0, 0, 1.5, 0.5], "texture": "#1"},
				"up": {"uv": [0, 0, 1, 1.5], "texture": "#1"},
				"down": {"uv": [0, 0, 1, 1.5], "texture": "#1"}
			}
		},
		{
			"name": "mast5",
			"from": [7, -12, 9],
			"to": [9, -11, 12],
			"faces": {
				"east": {"uv": [0, 0, 1.5, 0.5], "texture": "#1"},
				"west": {"uv": [0, 0, 1.5, 0.5], "texture": "#1"},
				"up": {"uv": [0, 0, 1, 1.5], "texture": "#1"},
				"down": {"uv": [0, 0, 1, 1.5], "texture": "#1"}
			}
		},
		{
			"name": "hoods1_3",
			"from": [5.119, 6.147, 1],
			"to": [5.819, 6.422, 5],
			"rotation": {"angle": 22.5, "axis": "z", "origin": [7.875, 4.725, 5]},
			"faces": {
				"north": {"uv": [0, 0, 0.5, 0.5], "rotation": 90, "texture": "#2"},
				"east": {"uv": [0, 0, 0.5, 1], "rotation": 270, "texture": "#2"},
				"west": {"uv": [0, 0, 0.5, 1], "rotation": 270, "texture": "#2"},
				"up": {"uv": [0, 0, 1, 0.5], "rotation": 270, "texture": "#2"},
				"down": {"uv": [0, 0, 1, 0.5], "rotation": 270, "texture": "#2"}
			}
		},
		{
			"name": "hoods1_2",
			"from": [5.325, 21.245, 1],
			"to": [10.685, 21.505, 5],
			"rotation": {"angle": 0, "axis": "y", "origin": [2, 3.5, -1]},
			"faces": {
				"north": {"uv": [0, 0, 0.5, 0.5], "texture": "#2"},
				"east": {"uv": [0, 0, 1, 0.5], "texture": "#2"},
				"west": {"uv": [0, 0, 1, 0.5], "texture": "#2"},
				"up": {"uv": [0, 0, 1, 0.5], "texture": "#2"},
				"down": {"uv": [0, 0, 1, 0.5], "texture": "#2"}
			}
		},
		{
			"name": "hoods1_3",
			"from": [5.103, 23.072, 3],
			"to": [5.978, 23.347, 5],
			"rotation": {"angle": 45, "axis": "z", "origin": [7.875, 20.725, 5]},
			"faces": {
				"north": {"uv": [0, 0, 0.5, 0.5], "rotation": 90, "texture": "#2"},
				"east": {"uv": [0, 0, 0.5, 1], "rotation": 270, "texture": "#2"},
				"west": {"uv": [0, 0, 0.5, 1], "rotation": 270, "texture": "#2"},
				"up": {"uv": [0, 0, 1, 0.5], "rotation": 270, "texture": "#2"},
				"down": {"uv": [0, 0, 1, 0.5], "rotation": 270, "texture": "#2"}
			}
		},
		{
			"name": "hoods1_3",
			"from": [4.392, 18.492, 3],
			"to": [4.667, 19.167, 5],
			"rotation": {"angle": -22.5, "axis": "z", "origin": [7.875, 20.725, 5]},
			"faces": {
				"north": {"uv": [0, 0, 0.5, 0.5], "texture": "#2"},
				"east": {"uv": [0, 0, 1, 0.5], "texture": "#2"},
				"west": {"uv": [0, 0, 1, 0.5], "texture": "#2"},
				"up": {"uv": [0, 0, 0.5, 1], "texture": "#2"},
				"down": {"uv": [0, 0, 0.5, 1], "texture": "#2"}
			}
		},
		{
			"name": "hoods1_1",
			"from": [3.8, 19.175, 4],
			"to": [4.05, 20, 5],
			"rotation": {"angle": 0, "axis": "y", "origin": [-2, 3.5, -1]},
			"faces": {
				"north": {"uv": [0, 0, 0.5, 1], "texture": "#2"},
				"east": {"uv": [0, 0, 0.5, 1], "texture": "#2"},
				"west": {"uv": [0, 0, 0.5, 1], "texture": "#2"},
				"up": {"uv": [0, 0, 0.5, 0.5], "texture": "#2"},
				"down": {"uv": [0, 0, 0.5, 0.5], "texture": "#2"}
			}
		},
		{
			"name": "hoods1_3",
			"from": [10.475, 20.714, 1],
			"to": [11.175, 20.989, 5],
			"rotation": {"angle": -22.5, "axis": "z", "origin": [11.875, 20.725, 5]},
			"faces": {
				"north": {"uv": [0, 0, 0.5, 0.5], "rotation": 90, "texture": "#2"},
				"east": {"uv": [0, 0, 0.5, 1], "rotation": 270, "texture": "#2"},
				"west": {"uv": [0, 0, 0.5, 1], "rotation": 270, "texture": "#2"},
				"up": {"uv": [0, 0, 1, 0.5], "rotation": 270, "texture": "#2"},
				"down": {"uv": [0, 0, 1, 0.5], "rotation": 270, "texture": "#2"}
			}
		},
		{
			"name": "hoods1_3",
			"from": [11.575, 20.6, 3],
			"to": [11.85, 21.475, 5],
			"rotation": {"angle": 45, "axis": "z", "origin": [11.875, 20.725, 5]},
			"faces": {
				"north": {"uv": [0, 0, 0.5, 0.5], "texture": "#2"},
				"east": {"uv": [0, 0, 1, 0.5], "texture": "#2"},
				"west": {"uv": [0, 0, 1, 0.5], "texture": "#2"},
				"up": {"uv": [0, 0, 0.5, 1], "texture": "#2"},
				"down": {"uv": [0, 0, 0.5, 1], "texture": "#2"}
			}
		},
		{
			"name": "hoods1_3",
			"from": [11.625, 19.925, 3],
			"to": [11.9, 20.6, 5],
			"rotation": {"angle": 22.5, "axis": "z", "origin": [11.875, 20.725, 5]},
			"faces": {
				"north": {"uv": [0, 0, 0.5, 0.5], "texture": "#2"},
				"east": {"uv": [0, 0, 1, 0.5], "texture": "#2"},
				"west": {"uv": [0, 0, 1, 0.5], "texture": "#2"},
				"up": {"uv": [0, 0, 0.5, 1], "texture": "#2"},
				"down": {"uv": [0, 0, 0.5, 1], "texture": "#2"}
			}
		},
		{
			"name": "hoods1_1",
			"from": [11.95, 19.175, 4],
			"to": [12.2, 20, 5],
			"rotation": {"angle": 0, "axis": "y", "origin": [2, 3.5, -1]},
			"faces": {
				"north": {"uv": [0, 0, 0.5, 1], "texture": "#2"},
				"east": {"uv": [0, 0, 0.5, 1], "texture": "#2"},
				"west": {"uv": [0, 0, 0.5, 1], "texture": "#2"},
				"up": {"uv": [0, 0, 0.5, 0.5], "texture": "#2"},
				"down": {"uv": [0, 0, 0.5, 0.5], "texture": "#2"}
			}
		},
		{
			"name": "hoods1_3",
			"from": [5.119, 22.147, 1],
			"to": [5.819, 22.422, 5],
			"rotation": {"angle": 22.5, "axis": "z", "origin": [7.875, 20.725, 5]},
			"faces": {
				"north": {"uv": [0, 0, 0.5, 0.5], "rotation": 90, "texture": "#2"},
				"east": {"uv": [0, 0, 0.5, 1], "rotation": 270, "texture": "#2"},
				"west": {"uv": [0, 0, 0.5, 1], "rotation": 270, "texture": "#2"},
				"up": {"uv": [0, 0, 1, 0.5], "rotation": 270, "texture": "#2"},
				"down": {"uv": [0, 0, 1, 0.5], "rotation": 270, "texture": "#2"}
			}
		},
		{
			"name": "hoods1_1",
			"from": [11.95, 3.175, 4],
			"to": [12.2, 4, 5],
			"rotation": {"angle": 0, "axis": "y", "origin": [2, -12.5, -1]},
			"faces": {
				"north": {"uv": [0, 0, 0.5, 1], "texture": "#2"},
				"east": {"uv": [0, 0, 0.5, 1], "texture": "#2"},
				"west": {"uv": [0, 0, 0.5, 1], "texture": "#2"},
				"up": {"uv": [0, 0, 0.5, 0.5], "texture": "#2"},
				"down": {"uv": [0, 0, 0.5, 0.5], "texture": "#2"}
			}
		},
		{
			"name": "hoods1_3",
			"from": [11.625, 3.925, 3],
			"to": [11.9, 4.6, 5],
			"rotation": {"angle": 22.5, "axis": "z", "origin": [11.875, 4.725, 5]},
			"faces": {
				"north": {"uv": [0, 0, 0.5, 0.5], "texture": "#2"},
				"east": {"uv": [0, 0, 1, 0.5], "texture": "#2"},
				"west": {"uv": [0, 0, 1, 0.5], "texture": "#2"},
				"up": {"uv": [0, 0, 0.5, 1], "texture": "#2"},
				"down": {"uv": [0, 0, 0.5, 1], "texture": "#2"}
			}
		},
		{
			"name": "hoods1_3",
			"from": [11.575, 4.6, 3],
			"to": [11.85, 5.475, 5],
			"rotation": {"angle": 45, "axis": "z", "origin": [11.875, 4.725, 5]},
			"faces": {
				"north": {"uv": [0, 0, 0.5, 0.5], "texture": "#2"},
				"east": {"uv": [0, 0, 1, 0.5], "texture": "#2"},
				"west": {"uv": [0, 0, 1, 0.5], "texture": "#2"},
				"up": {"uv": [0, 0, 0.5, 1], "texture": "#2"},
				"down": {"uv": [0, 0, 0.5, 1], "texture": "#2"}
			}
		},
		{
			"name": "hoods1_3",
			"from": [10.475, 4.714, 1],
			"to": [11.175, 4.989, 5],
			"rotation": {"angle": -22.5, "axis": "z", "origin": [11.875, 4.725, 5]},
			"faces": {
				"north": {"uv": [0, 0, 0.5, 0.5], "rotation": 90, "texture": "#2"},
				"east": {"uv": [0, 0, 0.5, 1], "rotation": 270, "texture": "#2"},
				"west": {"uv": [0, 0, 0.5, 1], "rotation": 270, "texture": "#2"},
				"up": {"uv": [0, 0, 1, 0.5], "rotation": 270, "texture": "#2"},
				"down": {"uv": [0, 0, 1, 0.5], "rotation": 270, "texture": "#2"}
			}
		},
		{
			"name": "hoods1_1",
			"from": [3.8, 3.175, 4],
			"to": [4.05, 4, 5],
			"rotation": {"angle": 0, "axis": "y", "origin": [-2, -12.5, -1]},
			"faces": {
				"north": {"uv": [0, 0, 0.5, 1], "texture": "#2"},
				"east": {"uv": [0, 0, 0.5, 1], "texture": "#2"},
				"west": {"uv": [0, 0, 0.5, 1], "texture": "#2"},
				"up": {"uv": [0, 0, 0.5, 0.5], "texture": "#2"},
				"down": {"uv": [0, 0, 0.5, 0.5], "texture": "#2"}
			}
		},
		{
			"name": "hoods1_3",
			"from": [4.392, 2.492, 3],
			"to": [4.667, 3.167, 5],
			"rotation": {"angle": -22.5, "axis": "z", "origin": [7.875, 4.725, 5]},
			"faces": {
				"north": {"uv": [0, 0, 0.5, 0.5], "texture": "#2"},
				"east": {"uv": [0, 0, 1, 0.5], "texture": "#2"},
				"west": {"uv": [0, 0, 1, 0.5], "texture": "#2"},
				"up": {"uv": [0, 0, 0.5, 1], "texture": "#2"},
				"down": {"uv": [0, 0, 0.5, 1], "texture": "#2"}
			}
		},
		{
			"name": "hoods1_3",
			"from": [5.103, 7.072, 3],
			"to": [5.978, 7.347, 5],
			"rotation": {"angle": 45, "axis": "z", "origin": [7.875, 4.725, 5]},
			"faces": {
				"north": {"uv": [0, 0, 0.5, 0.5], "rotation": 90, "texture": "#2"},
				"east": {"uv": [0, 0, 0.5, 1], "rotation": 270, "texture": "#2"},
				"west": {"uv": [0, 0, 0.5, 1], "rotation": 270, "texture": "#2"},
				"up": {"uv": [0, 0, 1, 0.5], "rotation": 270, "texture": "#2"},
				"down": {"uv": [0, 0, 1, 0.5], "rotation": 270, "texture": "#2"}
			}
		},
		{
			"name": "hoods1_2",
			"from": [5.325, 5.245, 1],
			"to": [10.685, 5.505, 5],
			"rotation": {"angle": 0, "axis": "y", "origin": [2, -12.5, -1]},
			"faces": {
				"north": {"uv": [0, 0, 0.5, 0.5], "texture": "#2"},
				"east": {"uv": [0, 0, 1, 0.5], "texture": "#2"},
				"west": {"uv": [0, 0, 1, 0.5], "texture": "#2"},
				"up": {"uv": [0, 0, 1, 0.5], "texture": "#2"},
				"down": {"uv": [0, 0, 1, 0.5], "texture": "#2"}
			}
		}
	],
	"groups": [
		{
			"name": "hv_hp",
			"origin": [8, 8, 8],
			"color": 0,
			"children": [
				{
					"name": "hp",
					"origin": [-8, 16, -27],
					"color": 0,
					"children": [
						{
							"name": "lamps",
							"origin": [4, 29, -23],
							"color": 0,
							"children": [0, 1, 2, 3]
						},
						{
							"name": "shield",
							"origin": [-14, 16, -28],
							"color": 0,
							"children": [4, 5, 6, 7, 8, 9, 10, 11, 12, 13, 14, 15, 16, 17, 18, 19, 20, 21, 22, 23, 24, 25, 26, 27, 28]
						},
						{
							"name": "mast",
							"origin": [-8, 16, -27],
							"color": 0,
							"children": [29, 30, 31, 32, 33]
						},
						{
							"name": "group",
							"origin": [2, -12.5, -1],
							"color": 0,
							"children": [34, 35, 36, 37, 38, 39, 40, 41, 42, 43, 44, 45, 46, 47, 48, 49, 50, 51]
						}
					]
				}
			]
		}
	]
}