{
	"credit": "Made with Blockbench by Mc_Jeronimo",
	"texture_size": [32, 32],
	"textures": {
		"0": "opensignals:blocks/projekt675signale/default/shield_black",
		"1": "opensignals:blocks/projekt675signale/ne/ne2",
		"particle": "opensignals:blocks/projekt675signale/default/shield_black"
	},
	"elements": [
		{
			"name": "ne2",
			"from": [3, 6, 7],
			"to": [13, 20, 8],
			"faces": {
				"north": {"uv": [0, 0, 10.7218, 16], "texture": "#1"},
				"east": {"uv": [0, 0, 0.5, 7], "texture": "#0"},
				"south": {"uv": [0, 0, 5, 7], "texture": "#0"},
				"west": {"uv": [0, 0, 0.5, 7], "texture": "#0"},
				"up": {"uv": [0, 0, 5, 0.5], "texture": "#0"},
				"down": {"uv": [0, 0, 5, 0.5], "texture": "#0"}
			}
		}
	]
}