{
	"credit": "Made with Blockbench by Mc_Jeronimo",
	"texture_size": [32, 32],
	"textures": {
		"0": "opensignals:blocks/projekt675signale/default/shield_black",
		"1": "opensignals:blocks/projekt675signale/zs3/off",
		"3": "opensignals:blocks/projekt675signale/default/mast",
		"particle": "opensignals:blocks/projekt675signale/default/shield_black",
		"signal": "opensignals:blocks/projekt675signale/zs3/z10"
	},
	"elements": [
		{
			"from": [5.5, 1, 1.9],
			"to": [10.5, 8, 1.9],
			"faces": {
				"north": {"uv": [0, 0, 11.57724, 16], "texture": "#1", "tintindex": 1}
			}
		},
		{
			"name": "hood1",
			"from": [4, 2, 2],
			"to": [12, 9, 5],
			"faces": {
				"north": {"uv": [0, 0, 4, 4], "texture": "#0"},
				"east": {"uv": [0, 0, 1.5, 4], "texture": "#0"},
				"south": {"uv": [0, 0, 4, 4], "texture": "#0"},
				"west": {"uv": [0, 0, 1.5, 4], "texture": "#0"},
				"up": {"uv": [0, 0, 4, 1.5], "texture": "#0"},
				"down": {"uv": [0, 0, 4, 1.5], "texture": "#0"}
			}
		},
		{
			"name": "hood1",
			"from": [4.5, 1, 2],
			"to": [11.5, 2, 5],
			"faces": {
				"north": {"uv": [0, 0, 4, 4], "texture": "#0"},
				"east": {"uv": [0, 0, 1.5, 4], "texture": "#0"},
				"south": {"uv": [0, 0, 4, 4], "texture": "#0"},
				"west": {"uv": [0, 0, 1.5, 4], "texture": "#0"},
				"up": {"uv": [0, 0, 4, 1.5], "texture": "#0"},
				"down": {"uv": [0, 0, 4, 1.5], "texture": "#0"}
			}
		},
		{
			"name": "hood2",
			"from": [4.5, 1, 0],
			"to": [5.5, 8, 2],
			"faces": {
				"north": {"uv": [0, 0, 0.5, 3.5], "texture": "#0"},
				"east": {"uv": [0, 0, 1, 3.5], "texture": "#0"},
				"west": {"uv": [0, 0, 1, 3.5], "texture": "#0"},
				"up": {"uv": [0, 0, 0, 0], "texture": "#0"},
				"down": {"uv": [0, 0, 0.5, 1], "texture": "#0"}
			}
		},
		{
			"name": "hood3",
			"from": [10.5, 1, 0],
			"to": [11.5, 8, 2],
			"faces": {
				"north": {"uv": [0, 0, 0.5, 3.5], "texture": "#0"},
				"east": {"uv": [0, 0, 1, 3.5], "texture": "#0"},
				"west": {"uv": [0, 0, 1, 3.5], "texture": "#0"},
				"down": {"uv": [0, 0, 0.5, 1], "texture": "#0"}
			}
		},
		{
			"name": "hood4",
			"from": [4.5, 8, 0],
			"to": [11.5, 9, 2],
			"faces": {
				"north": {"uv": [0, 0, 3.5, 0.5], "texture": "#0"},
				"east": {"uv": [0, 0, 1, 0.5], "texture": "#0"},
				"west": {"uv": [0, 0, 1, 0.5], "texture": "#0"},
				"up": {"uv": [0, 0, 3.5, 1], "texture": "#0"},
				"down": {"uv": [0, 0, 3.5, 1], "texture": "#0"}
			}
		},
		{
			"name": "signal",
			"from": [5.5, 1, 1.825],
			"to": [10.5, 8, 1.825],
			"faces": {
				"north": {"uv": [0, 0, 11.57724, 16], "texture": "#signal"}
			}
		},
		{
			"name": "hood1",
			"from": [5, 0, 2],
			"to": [11, 1, 3],
			"faces": {
				"north": {"uv": [0, 0, 10, 14], "rotation": 180, "texture": "#0"},
				"east": {"uv": [0, 0, 1.5, 4], "rotation": 180, "texture": "#0"},
				"south": {"uv": [0, 0, 4, 4], "rotation": 180, "texture": "#0"},
				"west": {"uv": [0, 0, 1.5, 4], "rotation": 180, "texture": "#0"},
				"up": {"uv": [0, 0, 4, 1.5], "rotation": 180, "texture": "#0"},
				"down": {"uv": [0, 0, 4, 1.5], "rotation": 180, "texture": "#0"}
			}
		},
		{
			"name": "hood1",
			"from": [5.5, -1, 2],
			"to": [10.5, 0, 3],
			"faces": {
				"north": {"uv": [0, 0, 10, 14], "rotation": 180, "texture": "#0"},
				"east": {"uv": [0, 0, 1.5, 4], "rotation": 180, "texture": "#0"},
				"south": {"uv": [0, 0, 4, 4], "rotation": 180, "texture": "#0"},
				"west": {"uv": [0, 0, 1.5, 4], "rotation": 180, "texture": "#0"},
				"up": {"uv": [0, 0, 4, 1.5], "rotation": 180, "texture": "#0"},
				"down": {"uv": [0, 0, 4, 1.5], "rotation": 180, "texture": "#0"}
			}
		},
		{
			"name": "hood1",
			"from": [6, -2, 2],
			"to": [10, -1, 3],
			"faces": {
				"north": {"uv": [0, 0, 10, 14], "rotation": 180, "texture": "#0"},
				"east": {"uv": [0, 0, 1.5, 4], "rotation": 180, "texture": "#0"},
				"south": {"uv": [0, 0, 4, 4], "rotation": 180, "texture": "#0"},
				"west": {"uv": [0, 0, 1.5, 4], "rotation": 180, "texture": "#0"},
				"up": {"uv": [0, 0, 4, 1.5], "rotation": 180, "texture": "#0"},
				"down": {"uv": [0, 0, 4, 1.5], "rotation": 180, "texture": "#0"}
			}
		},
		{
			"name": "hood1",
			"from": [6.5, -3, 2],
			"to": [9.5, -2, 3],
			"faces": {
				"north": {"uv": [0, 0, 10, 14], "rotation": 180, "texture": "#0"},
				"east": {"uv": [0, 0, 1.5, 4], "rotation": 180, "texture": "#0"},
				"south": {"uv": [0, 0, 4, 4], "rotation": 180, "texture": "#0"},
				"west": {"uv": [0, 0, 1.5, 4], "rotation": 180, "texture": "#0"},
				"up": {"uv": [0, 0, 4, 1.5], "rotation": 180, "texture": "#0"},
				"down": {"uv": [0, 0, 4, 1.5], "rotation": 180, "texture": "#0"}
			}
		},
		{
			"name": "hood1",
			"from": [7, -4, 2],
			"to": [9, -3, 3],
			"faces": {
				"north": {"uv": [0, 0, 10, 14], "rotation": 180, "texture": "#0"},
				"east": {"uv": [0, 0, 1.5, 4], "rotation": 180, "texture": "#0"},
				"south": {"uv": [0, 0, 4, 4], "rotation": 180, "texture": "#0"},
				"west": {"uv": [0, 0, 1.5, 4], "rotation": 180, "texture": "#0"},
				"up": {"uv": [0, 0, 4, 1.5], "rotation": 180, "texture": "#0"},
				"down": {"uv": [0, 0, 4, 1.5], "rotation": 180, "texture": "#0"}
			}
		},
		{
			"name": "hood1",
			"from": [7.5, -5, 2],
			"to": [8.5, -4, 3],
			"faces": {
				"north": {"uv": [0, 0, 10, 14], "rotation": 180, "texture": "#0"},
				"east": {"uv": [0, 0, 1.5, 4], "rotation": 180, "texture": "#0"},
				"south": {"uv": [0, 0, 4, 4], "rotation": 180, "texture": "#0"},
				"west": {"uv": [0, 0, 1.5, 4], "rotation": 180, "texture": "#0"},
				"up": {"uv": [0, 0, 4, 1.5], "rotation": 180, "texture": "#0"},
				"down": {"uv": [0, 0, 4, 1.5], "rotation": 180, "texture": "#0"}
			}
		},
		{
			"name": "hood1",
			"from": [3.5, 3, 2],
			"to": [12.5, 4, 3],
			"faces": {
				"north": {"uv": [0, 0, 10, 14], "rotation": 180, "texture": "#0"},
				"east": {"uv": [0, 0, 1.5, 4], "rotation": 180, "texture": "#0"},
				"south": {"uv": [0, 0, 4, 4], "rotation": 180, "texture": "#0"},
				"west": {"uv": [0, 0, 1.5, 4], "rotation": 180, "texture": "#0"},
				"up": {"uv": [0, 0, 4, 1.5], "rotation": 180, "texture": "#0"},
				"down": {"uv": [0, 0, 4, 1.5], "rotation": 180, "texture": "#0"}
			}
		},
		{
			"name": "hood1",
			"from": [3, 4, 2],
			"to": [13, 5, 3],
			"faces": {
				"north": {"uv": [0, 0, 10, 14], "rotation": 180, "texture": "#0"},
				"east": {"uv": [0, 0, 1.5, 4], "rotation": 180, "texture": "#0"},
				"south": {"uv": [0, 0, 4, 4], "rotation": 180, "texture": "#0"},
				"west": {"uv": [0, 0, 1.5, 4], "rotation": 180, "texture": "#0"},
				"up": {"uv": [0, 0, 4, 1.5], "rotation": 180, "texture": "#0"},
				"down": {"uv": [0, 0, 4, 1.5], "rotation": 180, "texture": "#0"}
			}
		},
		{
			"name": "hood1",
			"from": [2.5, 5, 2],
			"to": [13.5, 6, 3],
			"faces": {
				"north": {"uv": [0, 0, 10, 14], "rotation": 180, "texture": "#0"},
				"east": {"uv": [0, 0, 1.5, 4], "rotation": 180, "texture": "#0"},
				"south": {"uv": [0, 0, 4, 4], "rotation": 180, "texture": "#0"},
				"west": {"uv": [0, 0, 1.5, 4], "rotation": 180, "texture": "#0"},
				"up": {"uv": [0, 0, 4, 1.5], "rotation": 180, "texture": "#0"},
				"down": {"uv": [0, 0, 4, 1.5], "rotation": 180, "texture": "#0"}
			}
		},
		{
			"name": "hood1",
			"from": [2, 6, 2],
			"to": [14, 7, 3],
			"faces": {
				"north": {"uv": [0, 0, 10, 14], "rotation": 180, "texture": "#0"},
				"east": {"uv": [0, 0, 1.5, 4], "rotation": 180, "texture": "#0"},
				"south": {"uv": [0, 0, 4, 4], "rotation": 180, "texture": "#0"},
				"west": {"uv": [0, 0, 1.5, 4], "rotation": 180, "texture": "#0"},
				"up": {"uv": [0, 0, 4, 1.5], "rotation": 180, "texture": "#0"},
				"down": {"uv": [0, 0, 4, 1.5], "rotation": 180, "texture": "#0"}
			}
		},
		{
			"name": "hood1",
			"from": [1.5, 7, 2],
			"to": [14.5, 8, 3],
			"faces": {
				"north": {"uv": [0, 0, 10, 14], "rotation": 180, "texture": "#0"},
				"east": {"uv": [0, 0, 1.5, 4], "rotation": 180, "texture": "#0"},
				"south": {"uv": [0, 0, 4, 4], "rotation": 180, "texture": "#0"},
				"west": {"uv": [0, 0, 1.5, 4], "rotation": 180, "texture": "#0"},
				"up": {"uv": [0, 0, 4, 1.5], "rotation": 180, "texture": "#0"},
				"down": {"uv": [0, 0, 4, 1.5], "rotation": 180, "texture": "#0"}
			}
		},
		{
			"name": "hood1",
			"from": [1, 8, 2],
			"to": [15, 9, 3],
			"faces": {
				"north": {"uv": [0, 0, 10, 14], "rotation": 180, "texture": "#0"},
				"east": {"uv": [0, 0, 1.5, 4], "rotation": 180, "texture": "#0"},
				"south": {"uv": [0, 0, 4, 4], "rotation": 180, "texture": "#0"},
				"west": {"uv": [0, 0, 1.5, 4], "rotation": 180, "texture": "#0"},
				"up": {"uv": [0, 0, 4, 1.5], "rotation": 180, "texture": "#0"},
				"down": {"uv": [0, 0, 4, 1.5], "rotation": 180, "texture": "#0"}
			}
		},
		{
			"name": "hood6",
			"from": [7, 0, 3],
			"to": [9, 1, 8],
			"faces": {
				"north": {"uv": [0, 0, 1.5, 4], "texture": "#3"},
				"east": {"uv": [0, 0, 1.5, 4], "texture": "#3"},
				"south": {"uv": [0, 0, 1.5, 4], "texture": "#3"},
				"west": {"uv": [0, 0, 1.5, 4], "texture": "#3"},
				"up": {"uv": [0, 0, 1.5, 4], "texture": "#3"},
				"down": {"uv": [0, 0, 1.5, 4], "texture": "#3"}
			}
		}
	],
	"groups": [
		0,
		{
			"name": "ZS3v",
			"origin": [-17, -8, 20],
			"color": 0,
			"children": [
				{
					"name": "hood",
					"origin": [-17, -8, 20],
					"color": 0,
					"children": [1, 2, 3, 4, 5]
				},
				{
					"name": "signal",
					"origin": [-17, -8, 20],
					"color": 0,
					"children": [6]
				},
				7,
				8,
				9,
				10,
				11,
				12,
				13,
				14,
				15,
				16,
				17,
				18
			]
		},
		19
	]
}