{
	"credit": "Made with Blockbench by Mc_Jeronimo",
	"texture_size": [32, 32],
	"textures": {
		"4": "opensignals:blocks/projekt675signale/default/controlbox",
		"5": "opensignals:blocks/projekt675signale/default/mast",
		"6": "opensignals:blocks/projekt675signale/default/shield_gray"
	},
	"elements": [
		{
			"name": "mast3",
			"from": [6.5, 3, 6.5],
			"to": [9.5, 16, 9.5],
			"rotation": {"angle": 0, "axis": "y", "origin": [5, 0, -3.5]},
			"faces": {
				"north": {"uv": [0, 0, 1, 8], "texture": "#5"},
				"east": {"uv": [0, 0, 0.5, 8], "texture": "#5"},
				"south": {"uv": [0, 0, 1, 8], "texture": "#5"},
				"west": {"uv": [0, 0, 0.5, 8], "texture": "#5"},
				"down": {"uv": [0, 0, 1, 0.5], "texture": "#5"}
			}
		},
		{
			"name": "base",
			"from": [5, 2, 5],
			"to": [11, 3, 11],
			"rotation": {"angle": 0, "axis": "y", "origin": [5, 0, -3]},
			"faces": {
				"north": {"uv": [0, 0, 3, 1], "texture": "#5"},
				"east": {"uv": [0, 0, 3, 1], "texture": "#5"},
				"south": {"uv": [0, 0, 3, 1], "texture": "#5"},
				"west": {"uv": [0, 0, 3, 1], "texture": "#5"},
				"up": {"uv": [0, 0, 3, 1], "texture": "#5"},
				"down": {"uv": [0, 0, 3, 1], "texture": "#5"}
			}
		},
		{
			"name": "base",
			"from": [5, -16, 5],
			"to": [11, 1, 11],
			"rotation": {"angle": 0, "axis": "y", "origin": [5, 0, -3]},
			"faces": {
				"north": {"uv": [0, 0, 3, 1], "texture": "#6"},
				"east": {"uv": [0, 0, 3, 1], "texture": "#6"},
				"south": {"uv": [0, 0, 3, 1], "texture": "#6"},
				"west": {"uv": [0, 0, 3, 1], "texture": "#6"},
				"up": {"uv": [0, 0, 3, 1], "texture": "#6"},
				"down": {"uv": [0, 0, 3, 1], "texture": "#6"}
			}
		},
		{
			"name": "base",
			"from": [5, -16, 4.25],
			"to": [11, -1, 5],
			"rotation": {"angle": 0, "axis": "y", "origin": [5, 0, -4]},
			"faces": {
				"north": {"uv": [0, 0, 3, 1], "texture": "#6"},
				"east": {"uv": [0, 0, 3, 1], "texture": "#6"},
				"south": {"uv": [0, 0, 3, 1], "texture": "#6"},
				"west": {"uv": [0, 0, 3, 1], "texture": "#6"},
				"up": {"uv": [0, 0, 3, 1], "texture": "#6"},
				"down": {"uv": [0, 0, 3, 1], "texture": "#6"}
			}
		},
		{
			"name": "base",
			"from": [5, -16, 3.5],
			"to": [11, -3, 4.25],
			"rotation": {"angle": 0, "axis": "y", "origin": [5, 0, -4.75]},
			"faces": {
				"north": {"uv": [0, 0, 3, 1], "texture": "#6"},
				"east": {"uv": [0, 0, 3, 1], "texture": "#6"},
				"south": {"uv": [0, 0, 3, 1], "texture": "#6"},
				"west": {"uv": [0, 0, 3, 1], "texture": "#6"},
				"up": {"uv": [0, 0, 3, 1], "texture": "#6"},
				"down": {"uv": [0, 0, 3, 1], "texture": "#6"}
			}
		},
		{
			"name": "base",
			"from": [5, -16, 2.7],
			"to": [11, -4.5, 3.5],
			"rotation": {"angle": 0, "axis": "y", "origin": [5, 0, -5.5]},
			"faces": {
				"north": {"uv": [0, 0, 3, 1], "texture": "#6"},
				"east": {"uv": [0, 0, 3, 1], "texture": "#6"},
				"south": {"uv": [0, 0, 3, 1], "texture": "#6"},
				"west": {"uv": [0, 0, 3, 1], "texture": "#6"},
				"up": {"uv": [0, 0, 3, 1], "texture": "#6"},
				"down": {"uv": [0, 0, 3, 1], "texture": "#6"}
			}
		},
		{
			"name": "base",
			"from": [5, -16, 11],
			"to": [11, -1, 11.75],
			"rotation": {"angle": 0, "axis": "y", "origin": [5, 0, 2.75]},
			"faces": {
				"north": {"uv": [0, 0, 3, 1], "texture": "#6"},
				"east": {"uv": [0, 0, 3, 1], "texture": "#6"},
				"south": {"uv": [0, 0, 3, 1], "texture": "#6"},
				"west": {"uv": [0, 0, 3, 1], "texture": "#6"},
				"up": {"uv": [0, 0, 3, 1], "texture": "#6"},
				"down": {"uv": [0, 0, 3, 1], "texture": "#6"}
			}
		},
		{
			"name": "base",
			"from": [5, -16, 11.75],
			"to": [11, -3, 12.5],
			"rotation": {"angle": 0, "axis": "y", "origin": [5, 0, 3.5]},
			"faces": {
				"north": {"uv": [0, 0, 3, 1], "texture": "#6"},
				"east": {"uv": [0, 0, 3, 1], "texture": "#6"},
				"south": {"uv": [0, 0, 3, 1], "texture": "#6"},
				"west": {"uv": [0, 0, 3, 1], "texture": "#6"},
				"up": {"uv": [0, 0, 3, 1], "texture": "#6"},
				"down": {"uv": [0, 0, 3, 1], "texture": "#6"}
			}
		},
		{
			"name": "base",
			"from": [5, -16, 12.5],
			"to": [11, -4.5, 13.3],
			"rotation": {"angle": 0, "axis": "y", "origin": [5, 0, 4.3]},
			"faces": {
				"north": {"uv": [0, 0, 3, 1], "texture": "#6"},
				"east": {"uv": [0, 0, 3, 1], "texture": "#6"},
				"south": {"uv": [0, 0, 3, 1], "texture": "#6"},
				"west": {"uv": [0, 0, 3, 1], "texture": "#6"},
				"up": {"uv": [0, 0, 3, 1], "texture": "#6"},
				"down": {"uv": [0, 0, 3, 1], "texture": "#6"}
			}
		},
		{
			"name": "base",
			"from": [4.25, -16, 5],
			"to": [5, -1, 11],
			"rotation": {"angle": 0, "axis": "y", "origin": [5, 0, -3]},
			"faces": {
				"north": {"uv": [0, 0, 3, 1], "texture": "#6"},
				"east": {"uv": [0, 0, 3, 1], "texture": "#6"},
				"south": {"uv": [0, 0, 3, 1], "texture": "#6"},
				"west": {"uv": [0, 0, 3, 1], "texture": "#6"},
				"up": {"uv": [0, 0, 3, 1], "texture": "#6"},
				"down": {"uv": [0, 0, 3, 1], "texture": "#6"}
			}
		},
		{
			"name": "base",
			"from": [11, -16, 5],
			"to": [11.75, -1, 11],
			"rotation": {"angle": 0, "axis": "y", "origin": [11.75, 0, -3]},
			"faces": {
				"north": {"uv": [0, 0, 3, 1], "texture": "#6"},
				"east": {"uv": [0, 0, 3, 1], "texture": "#6"},
				"south": {"uv": [0, 0, 3, 1], "texture": "#6"},
				"west": {"uv": [0, 0, 3, 1], "texture": "#6"},
				"up": {"uv": [0, 0, 3, 1], "texture": "#6"},
				"down": {"uv": [0, 0, 3, 1], "texture": "#6"}
			}
		},
		{
			"name": "base",
			"from": [11.75, -16, 5],
			"to": [12.5, -3, 11],
			"rotation": {"angle": 0, "axis": "y", "origin": [12.5, 0, -3]},
			"faces": {
				"north": {"uv": [0, 0, 3, 1], "texture": "#6"},
				"east": {"uv": [0, 0, 3, 1], "texture": "#6"},
				"south": {"uv": [0, 0, 3, 1], "texture": "#6"},
				"west": {"uv": [0, 0, 3, 1], "texture": "#6"},
				"up": {"uv": [0, 0, 3, 1], "texture": "#6"},
				"down": {"uv": [0, 0, 3, 1], "texture": "#6"}
			}
		},
		{
			"name": "base",
			"from": [12.5, -16, 5],
			"to": [13.275, -4.5, 11],
			"rotation": {"angle": 0, "axis": "y", "origin": [13.25, 0, -3]},
			"faces": {
				"north": {"uv": [0, 0, 3, 1], "texture": "#6"},
				"east": {"uv": [0, 0, 3, 1], "texture": "#6"},
				"south": {"uv": [0, 0, 3, 1], "texture": "#6"},
				"west": {"uv": [0, 0, 3, 1], "texture": "#6"},
				"up": {"uv": [0, 0, 3, 1], "texture": "#6"},
				"down": {"uv": [0, 0, 3, 1], "texture": "#6"}
			}
		},
		{
			"name": "base",
			"from": [3.5, -16, 5],
			"to": [4.25, -3, 11],
			"rotation": {"angle": 0, "axis": "y", "origin": [4.25, 0, -3]},
			"faces": {
				"north": {"uv": [0, 0, 3, 1], "texture": "#6"},
				"east": {"uv": [0, 0, 3, 1], "texture": "#6"},
				"south": {"uv": [0, 0, 3, 1], "texture": "#6"},
				"west": {"uv": [0, 0, 3, 1], "texture": "#6"},
				"up": {"uv": [0, 0, 3, 1], "texture": "#6"},
				"down": {"uv": [0, 0, 3, 1], "texture": "#6"}
			}
		},
		{
			"name": "base",
			"from": [2.725, -16, 5],
			"to": [3.5, -4.5, 11],
			"rotation": {"angle": 0, "axis": "y", "origin": [3.5, 0, -3]},
			"faces": {
				"north": {"uv": [0, 0, 3, 1], "texture": "#6"},
				"east": {"uv": [0, 0, 3, 1], "texture": "#6"},
				"south": {"uv": [0, 0, 3, 1], "texture": "#6"},
				"west": {"uv": [0, 0, 3, 1], "texture": "#6"},
				"up": {"uv": [0, 0, 3, 1], "texture": "#6"},
				"down": {"uv": [0, 0, 3, 1], "texture": "#6"}
			}
		},
		{
			"name": "base",
			"from": [4.625, -4.925, 5],
			"to": [5.625, 1.075, 11],
			"rotation": {"angle": -22.5, "axis": "z", "origin": [4.625, 0.075, -3]},
			"faces": {
				"north": {"uv": [0, 0, 3, 1], "texture": "#6"},
				"east": {"uv": [0, 0, 3, 1], "texture": "#6"},
				"south": {"uv": [0, 0, 3, 1], "texture": "#6"},
				"west": {"uv": [0, 0, 3, 1], "texture": "#6"},
				"up": {"uv": [0, 0, 3, 1], "texture": "#6"},
				"down": {"uv": [0, 0, 3, 1], "texture": "#6"}
			}
		},
		{
			"name": "base",
			"from": [10.45, -5.3, 5],
			"to": [11.45, 0.7, 11],
			"rotation": {"angle": 22.5, "axis": "z", "origin": [10.45, -0.3, -3]},
			"faces": {
				"north": {"uv": [0, 0, 3, 1], "texture": "#6"},
				"east": {"uv": [0, 0, 3, 1], "texture": "#6"},
				"south": {"uv": [0, 0, 3, 1], "texture": "#6"},
				"west": {"uv": [0, 0, 3, 1], "texture": "#6"},
				"up": {"uv": [0, 0, 3, 1], "texture": "#6"},
				"down": {"uv": [0, 0, 3, 1], "texture": "#6"}
			}
		},
		{
			"name": "base",
			"from": [5, -5.3, 4.525],
			"to": [11, 0.7, 5.525],
			"rotation": {"angle": 22.5, "axis": "x", "origin": [-3, -0.3, 5.525]},
			"faces": {
				"north": {"uv": [0, 0, 3, 1], "texture": "#6"},
				"east": {"uv": [0, 0, 3, 1], "texture": "#6"},
				"south": {"uv": [0, 0, 3, 1], "texture": "#6"},
				"west": {"uv": [0, 0, 3, 1], "texture": "#6"},
				"up": {"uv": [0, 0, 3, 1], "rotation": 270, "texture": "#6"},
				"down": {"uv": [0, 0, 3, 1], "rotation": 90, "texture": "#6"}
			}
		},
		{
			"name": "base",
			"from": [5, -4.925, 10.4],
			"to": [11, 1.075, 11.4],
			"rotation": {"angle": -22.5, "axis": "x", "origin": [-3, 0.075, 11.4]},
			"faces": {
				"north": {"uv": [0, 0, 3, 1], "texture": "#6"},
				"east": {"uv": [0, 0, 3, 1], "texture": "#6"},
				"south": {"uv": [0, 0, 3, 1], "texture": "#6"},
				"west": {"uv": [0, 0, 3, 1], "texture": "#6"},
				"up": {"uv": [0, 0, 3, 1], "rotation": 270, "texture": "#6"},
				"down": {"uv": [0, 0, 3, 1], "rotation": 90, "texture": "#6"}
			}
		},
		{
			"name": "base",
			"from": [7, 1, 5],
			"to": [9, 2, 11],
			"rotation": {"angle": 0, "axis": "y", "origin": [5, 0, -3]},
			"faces": {
				"north": {"uv": [0, 0, 3, 1], "texture": "#6"},
				"east": {"uv": [0, 0, 3, 1], "texture": "#6"},
				"south": {"uv": [0, 0, 3, 1], "texture": "#6"},
				"west": {"uv": [0, 0, 3, 1], "texture": "#6"},
				"up": {"uv": [0, 0, 3, 1], "texture": "#6"},
				"down": {"uv": [0, 0, 3, 1], "texture": "#6"}
			}
		},
		{
			"name": "base",
			"from": [10, 1, 7],
			"to": [11, 2, 9],
			"rotation": {"angle": 0, "axis": "y", "origin": [5, 0, -3]},
			"faces": {
				"north": {"uv": [0, 0, 3, 1], "texture": "#6"},
				"east": {"uv": [0, 0, 3, 1], "texture": "#6"},
				"south": {"uv": [0, 0, 3, 1], "texture": "#6"},
				"west": {"uv": [0, 0, 3, 1], "texture": "#6"},
				"up": {"uv": [0, 0, 3, 1], "texture": "#6"},
				"down": {"uv": [0, 0, 3, 1], "texture": "#6"}
			}
		},
		{
			"name": "base",
			"from": [5, 1, 7],
			"to": [6, 2, 9],
			"rotation": {"angle": 0, "axis": "y", "origin": [5, 0, -3]},
			"faces": {
				"north": {"uv": [0, 0, 3, 1], "texture": "#6"},
				"east": {"uv": [0, 0, 3, 1], "texture": "#6"},
				"south": {"uv": [0, 0, 3, 1], "texture": "#6"},
				"west": {"uv": [0, 0, 3, 1], "texture": "#6"},
				"up": {"uv": [0, 0, 3, 1], "texture": "#6"},
				"down": {"uv": [0, 0, 3, 1], "texture": "#6"}
			}
		},
		{
			"name": "base",
			"from": [6, 1, 6],
			"to": [7, 2, 10],
			"rotation": {"angle": 0, "axis": "y", "origin": [5, 0, -3]},
			"faces": {
				"north": {"uv": [0, 0, 3, 1], "texture": "#6"},
				"east": {"uv": [0, 0, 3, 1], "texture": "#6"},
				"south": {"uv": [0, 0, 3, 1], "texture": "#6"},
				"west": {"uv": [0, 0, 3, 1], "texture": "#6"},
				"up": {"uv": [0, 0, 3, 1], "texture": "#6"},
				"down": {"uv": [0, 0, 3, 1], "texture": "#6"}
			}
		},
		{
			"name": "base",
			"from": [9, 1, 6],
			"to": [10, 2, 10],
			"rotation": {"angle": 0, "axis": "y", "origin": [5, 0, -3]},
			"faces": {
				"north": {"uv": [0, 0, 3, 1], "texture": "#6"},
				"east": {"uv": [0, 0, 3, 1], "texture": "#6"},
				"south": {"uv": [0, 0, 3, 1], "texture": "#6"},
				"west": {"uv": [0, 0, 3, 1], "texture": "#6"},
				"up": {"uv": [0, 0, 3, 1], "texture": "#6"},
				"down": {"uv": [0, 0, 3, 1], "texture": "#6"}
			}
		},
		{
			"name": "base",
			"from": [8.425, 1, 6],
			"to": [9.425, 2, 8.825],
			"rotation": {"angle": 45, "axis": "y", "origin": [8, 0, 6]},
			"faces": {
				"north": {"uv": [0, 0, 3, 1], "texture": "#6"},
				"east": {"uv": [0, 0, 3, 1], "texture": "#6"},
				"south": {"uv": [0, 0, 3, 1], "texture": "#6"},
				"west": {"uv": [0, 0, 3, 1], "texture": "#6"},
				"up": {"uv": [0, 0, 3, 1], "texture": "#6"},
				"down": {"uv": [0, 0, 3, 1], "texture": "#6"}
			}
		},
		{
			"name": "base",
			"from": [3.05, 1, 5.7],
			"to": [4.05, 2, 8.525],
			"rotation": {"angle": 45, "axis": "y", "origin": [8, 0, 5]},
			"faces": {
				"north": {"uv": [0, 0, 3, 1], "texture": "#6"},
				"east": {"uv": [0, 0, 3, 1], "texture": "#6"},
				"south": {"uv": [0, 0, 3, 1], "texture": "#6"},
				"west": {"uv": [0, 0, 3, 1], "texture": "#6"},
				"up": {"uv": [0, 0, 3, 1], "texture": "#6"},
				"down": {"uv": [0, 0, 3, 1], "texture": "#6"}
			}
		},
		{
			"name": "base",
			"from": [5.175, 1, 4.575],
			"to": [8, 2, 5.575],
			"rotation": {"angle": 45, "axis": "y", "origin": [8, 0, 6]},
			"faces": {
				"north": {"uv": [0, 0, 3, 1], "texture": "#6"},
				"east": {"uv": [0, 0, 3, 1], "texture": "#6"},
				"south": {"uv": [0, 0, 3, 1], "texture": "#6"},
				"west": {"uv": [0, 0, 3, 1], "texture": "#6"},
				"up": {"uv": [0, 0, 3, 1], "rotation": 270, "texture": "#6"},
				"down": {"uv": [0, 0, 3, 1], "rotation": 90, "texture": "#6"}
			}
		},
		{
			"name": "base",
			"from": [4.475, 1, 8.95],
			"to": [7.3, 2, 9.95],
			"rotation": {"angle": 45, "axis": "y", "origin": [8, 0, 5]},
			"faces": {
				"north": {"uv": [0, 0, 3, 1], "texture": "#6"},
				"east": {"uv": [0, 0, 3, 1], "texture": "#6"},
				"south": {"uv": [0, 0, 3, 1], "texture": "#6"},
				"west": {"uv": [0, 0, 3, 1], "texture": "#6"},
				"up": {"uv": [0, 0, 3, 1], "rotation": 270, "texture": "#6"},
				"down": {"uv": [0, 0, 3, 1], "rotation": 90, "texture": "#6"}
			}
		},
		{
			"name": "controlbox",
			"from": [4, 5, 9.5],
			"to": [12, 15, 13.5],
			"rotation": {"angle": 0, "axis": "y", "origin": [5, -2, -3.5]},
			"faces": {
				"north": {"uv": [0, 0, 3, 1], "texture": "#4"},
				"east": {"uv": [0, 0, 3, 1], "texture": "#4"},
				"south": {"uv": [0, 0, 3, 1], "texture": "#4"},
				"west": {"uv": [0, 0, 3, 1], "texture": "#4"},
				"up": {"uv": [0, 0, 3, 1], "texture": "#4"},
				"down": {"uv": [0, 0, 3, 1], "texture": "#4"}
			}
		},
		{
			"name": "mast4",
			"from": [1.5, 10, 7.75],
			"to": [2.5, 11, 9.25],
			"rotation": {"angle": 0, "axis": "y", "origin": [-9.75, 10, 16.75]},
			"faces": {
				"north": {"uv": [0, 0, 0.5, 8], "texture": "#6"},
				"east": {"uv": [0, 0, 1, 8], "texture": "#6"},
				"south": {"uv": [0, 0, 0.5, 8], "texture": "#6"},
				"west": {"uv": [0, 0, 1, 8], "texture": "#6"},
				"up": {"uv": [0, 0, 1, 8], "rotation": 270, "texture": "#6"},
				"down": {"uv": [0, 0, 1, 0.5], "rotation": 90, "texture": "#6"}
			}
		},
		{
			"name": "mast4",
			"from": [1.5, 9, 7.75],
			"to": [6.5, 10, 9.25],
			"rotation": {"angle": 0, "axis": "y", "origin": [-5.75, 9, 16.75]},
			"faces": {
				"north": {"uv": [0, 0, 0.5, 8], "texture": "#6"},
				"east": {"uv": [0, 0, 1, 8], "texture": "#6"},
				"south": {"uv": [0, 0, 0.5, 8], "texture": "#6"},
				"west": {"uv": [0, 0, 1, 8], "texture": "#6"},
				"up": {"uv": [0, 0, 1, 8], "rotation": 270, "texture": "#6"},
				"down": {"uv": [0, 0, 1, 0.5], "rotation": 90, "texture": "#6"}
			}
		},
		{
			"name": "mast4",
			"from": [13.5, 10, 7.75],
			"to": [14.5, 11, 9.25],
			"rotation": {"angle": 0, "axis": "y", "origin": [2.25, 10, 16.75]},
			"faces": {
				"north": {"uv": [0, 0, 0.5, 8], "texture": "#6"},
				"east": {"uv": [0, 0, 1, 8], "texture": "#6"},
				"south": {"uv": [0, 0, 0.5, 8], "texture": "#6"},
				"west": {"uv": [0, 0, 1, 8], "texture": "#6"},
				"up": {"uv": [0, 0, 1, 8], "rotation": 270, "texture": "#6"},
				"down": {"uv": [0, 0, 1, 0.5], "rotation": 90, "texture": "#6"}
			}
		},
		{
			"name": "mast4",
			"from": [9.5, 9, 7.75],
			"to": [14.5, 10, 9.25],
			"rotation": {"angle": 0, "axis": "y", "origin": [4.25, 9, 16.75]},
			"faces": {
				"north": {"uv": [0, 0, 0.5, 8], "texture": "#6"},
				"east": {"uv": [0, 0, 1, 8], "texture": "#6"},
				"south": {"uv": [0, 0, 0.5, 8], "texture": "#6"},
				"west": {"uv": [0, 0, 1, 8], "texture": "#6"},
				"up": {"uv": [0, 0, 1, 8], "rotation": 270, "texture": "#6"},
				"down": {"uv": [0, 0, 1, 0.5], "rotation": 90, "texture": "#6"}
			}
		}
	],
	"groups": [
		{
			"name": "base",
			"origin": [-8, 16, -27],
			"color": 0,
			"children": [0, 1, 2, 3, 4, 5, 6, 7, 8, 9, 10, 11, 12, 13, 14, 15, 16, 17, 18, 19, 20, 21, 22, 23, 24, 25, 26, 27, 28]
		},
		29,
		30,
		31,
		32
	]
}