{
	"credit": "Made with Blockbench by Mc_Jeronimo",
	"texture_size": [32, 32],
	"textures": {
		"0": "opensignals:blocks/projekt675signale/default/mast",
		"1": "opensignals:blocks/projekt675signale/default/shield_gray",
		"2": "opensignals:blocks/projekt675signale/default/shield_black",
		"particle": "opensignals:blocks/projekt675signale/default/mast"
	},
	"elements": [
		{
			"name": "mast4",
			"from": [6.5, 0, 6.5],
			"to": [9.5, 8, 9.5],
			"rotation": {"angle": 0, "axis": "y", "origin": [-0.5, 0, -3.5]},
			"faces": {
				"north": {"uv": [0, 0, 1, 8], "texture": "#0"},
				"east": {"uv": [0, 0, 0.5, 8], "texture": "#0"},
				"south": {"uv": [0, 0, 1, 8], "texture": "#0"},
				"west": {"uv": [0, 0, 0.5, 8], "texture": "#0"},
				"down": {"uv": [0, 0, 1, 0.5], "texture": "#0"}
			}
		},
		{
			"name": "mast4",
			"from": [19.5, 10, 7.25],
			"to": [21.5, 16, 8.75],
			"rotation": {"angle": 0, "axis": "y", "origin": [12, 10, -3.5]},
			"faces": {
				"north": {"uv": [0, 0, 1, 8], "texture": "#1"},
				"east": {"uv": [0, 0, 0.5, 8], "texture": "#1"},
				"south": {"uv": [0, 0, 1, 8], "texture": "#1"},
				"west": {"uv": [0, 0, 0.5, 8], "texture": "#1"},
				"down": {"uv": [0, 0, 1, 0.5], "texture": "#1"}
			}
		},
		{
			"name": "mast4",
			"from": [19, 10, 6.5],
			"to": [22, 10.5, 9.5],
			"rotation": {"angle": 0, "axis": "y", "origin": [12, 10, -3.5]},
			"faces": {
				"north": {"uv": [0, 0, 1, 8], "texture": "#1"},
				"east": {"uv": [0, 0, 0.5, 8], "texture": "#1"},
				"south": {"uv": [0, 0, 1, 8], "texture": "#1"},
				"west": {"uv": [0, 0, 0.5, 8], "texture": "#1"},
				"up": {"uv": [0, 0, 1, 7.5], "texture": "#1"},
				"down": {"uv": [0, 0, 1, 0.5], "texture": "#1"}
			}
		},
		{
			"name": "mast4",
			"from": [19.15, 10.5, 6.65],
			"to": [19.65, 10.75, 7.15],
			"rotation": {"angle": 0, "axis": "y", "origin": [12.15, 10.5, -3.35]},
			"faces": {
				"north": {"uv": [0, 0, 1, 8], "texture": "#2"},
				"east": {"uv": [0, 0, 0.5, 8], "texture": "#2"},
				"south": {"uv": [0, 0, 1, 8], "texture": "#2"},
				"west": {"uv": [0, 0, 0.5, 8], "texture": "#2"},
				"up": {"uv": [0, 0, 1, 7.5], "texture": "#2"},
				"down": {"uv": [0, 0, 1, 0.5], "texture": "#2"}
			}
		},
		{
			"name": "mast4",
			"from": [19.15, 10.5, 8.9],
			"to": [19.65, 10.75, 9.4],
			"rotation": {"angle": 0, "axis": "y", "origin": [12.15, 10.5, -1.1]},
			"faces": {
				"north": {"uv": [0, 0, 1, 8], "texture": "#2"},
				"east": {"uv": [0, 0, 0.5, 8], "texture": "#2"},
				"south": {"uv": [0, 0, 1, 8], "texture": "#2"},
				"west": {"uv": [0, 0, 0.5, 8], "texture": "#2"},
				"up": {"uv": [0, 0, 1, 7.5], "texture": "#2"},
				"down": {"uv": [0, 0, 1, 0.5], "texture": "#2"}
			}
		},
		{
			"name": "mast4",
			"from": [21.4, 10.5, 8.9],
			"to": [21.9, 10.75, 9.4],
			"rotation": {"angle": 0, "axis": "y", "origin": [14.4, 10.5, -1.1]},
			"faces": {
				"north": {"uv": [0, 0, 1, 8], "texture": "#2"},
				"east": {"uv": [0, 0, 0.5, 8], "texture": "#2"},
				"south": {"uv": [0, 0, 1, 8], "texture": "#2"},
				"west": {"uv": [0, 0, 0.5, 8], "texture": "#2"},
				"up": {"uv": [0, 0, 1, 7.5], "texture": "#2"},
				"down": {"uv": [0, 0, 1, 0.5], "texture": "#2"}
			}
		},
		{
			"name": "mast4",
			"from": [21.4, 10.5, 6.65],
			"to": [21.9, 10.75, 7.15],
			"rotation": {"angle": 0, "axis": "y", "origin": [14.4, 10.5, -3.35]},
			"faces": {
				"north": {"uv": [0, 0, 1, 8], "texture": "#2"},
				"east": {"uv": [0, 0, 0.5, 8], "texture": "#2"},
				"south": {"uv": [0, 0, 1, 8], "texture": "#2"},
				"west": {"uv": [0, 0, 0.5, 8], "texture": "#2"},
				"up": {"uv": [0, 0, 1, 7.5], "texture": "#2"},
				"down": {"uv": [0, 0, 1, 0.5], "texture": "#2"}
			}
		},
		{
			"name": "mast4",
			"from": [6.5, 8, 6.5],
			"to": [21.15, 10, 9.5],
			"rotation": {"angle": 0, "axis": "y", "origin": [-0.5, 8, -3.5]},
			"faces": {
				"north": {"uv": [0, 0, 1, 8], "texture": "#0"},
				"east": {"uv": [0, 0, 0.5, 8], "texture": "#0"},
				"south": {"uv": [0, 0, 1, 8], "texture": "#0"},
				"west": {"uv": [0, 0, 0.5, 8], "texture": "#0"},
				"up": {"uv": [0, 0, 1, 8], "texture": "#0"},
				"down": {"uv": [0, 0, 1, 0.5], "texture": "#0"}
			}
		},
		{
			"name": "mast4",
			"from": [19.5, 14, 2.25],
			"to": [21.5, 15, 7.25],
			"rotation": {"angle": 0, "axis": "y", "origin": [-0.5, 8, -3.5]},
			"faces": {
				"north": {"uv": [0, 0, 1, 8], "texture": "#0"},
				"east": {"uv": [0, 0, 0.5, 8], "texture": "#0"},
				"south": {"uv": [0, 0, 1, 8], "texture": "#0"},
				"west": {"uv": [0, 0, 0.5, 8], "texture": "#0"},
				"up": {"uv": [0, 0, 1, 8], "texture": "#0"},
				"down": {"uv": [0, 0, 1, 0.5], "texture": "#0"}
			}
		},
		{
			"name": "mast4",
			"from": [19.5, 13, 2.25],
			"to": [21.5, 14, 3.25],
			"rotation": {"angle": 0, "axis": "y", "origin": [-0.5, 8, -3.5]},
			"faces": {
				"north": {"uv": [0, 0, 1, 8], "texture": "#0"},
				"east": {"uv": [0, 0, 0.5, 8], "texture": "#0"},
				"south": {"uv": [0, 0, 1, 8], "texture": "#0"},
				"west": {"uv": [0, 0, 0.5, 8], "texture": "#0"},
				"up": {"uv": [0, 0, 1, 8], "texture": "#0"},
				"down": {"uv": [0, 0, 1, 0.5], "texture": "#0"}
			}
		},
		{
			"name": "mast4",
			"from": [6.5, 10, 6.5],
			"to": [9.5, 11, 9.5],
			"rotation": {"angle": 0, "axis": "y", "origin": [-0.5, 10, -3.5]},
			"faces": {
				"north": {"uv": [0, 0, 1, 8], "texture": "#1"},
				"east": {"uv": [0, 0, 0.5, 8], "texture": "#1"},
				"south": {"uv": [0, 0, 1, 8], "texture": "#1"},
				"west": {"uv": [0, 0, 0.5, 8], "texture": "#1"},
				"up": {"uv": [0, 0, 1, 8], "texture": "#1"},
				"down": {"uv": [0, 0, 1, 0.5], "texture": "#1"}
			}
		},
		{
			"name": "mast4",
			"from": [0.5, 11, -2.5],
			"to": [16.5, 12, 10.5],
			"rotation": {"angle": 0, "axis": "y", "origin": [-0.5, 11, -3.5]},
			"faces": {
				"north": {"uv": [0, 0, 1, 8], "texture": "#1"},
				"east": {"uv": [0, 0, 0.5, 8], "texture": "#1"},
				"south": {"uv": [0, 0, 1, 8], "texture": "#1"},
				"west": {"uv": [0, 0, 0.5, 8], "texture": "#1"},
				"up": {"uv": [0, 0, 1, 8], "texture": "#1"},
				"down": {"uv": [0, 0, 1, 0.5], "texture": "#1"}
			}
		},
		{
			"name": "mast4",
			"from": [15.5, 12, 9.5],
			"to": [16.5, 16, 10.5],
			"rotation": {"angle": 0, "axis": "y", "origin": [-0.5, 12, -3.5]},
			"faces": {
				"north": {"uv": [0, 0, 1, 8], "texture": "#1"},
				"east": {"uv": [0, 0, 0.5, 8], "texture": "#1"},
				"south": {"uv": [0, 0, 1, 8], "texture": "#1"},
				"west": {"uv": [0, 0, 0.5, 8], "texture": "#1"},
				"up": {"uv": [0, 0, 1, 8], "texture": "#1"},
				"down": {"uv": [0, 0, 1, 0.5], "texture": "#1"}
			}
		},
		{
			"name": "mast4",
			"from": [15.5, 12, -2.5],
			"to": [16.5, 16, -1.5],
			"rotation": {"angle": 0, "axis": "y", "origin": [-0.5, 12, -12.5]},
			"faces": {
				"north": {"uv": [0, 0, 1, 8], "texture": "#1"},
				"east": {"uv": [0, 0, 0.5, 8], "texture": "#1"},
				"south": {"uv": [0, 0, 1, 8], "texture": "#1"},
				"west": {"uv": [0, 0, 0.5, 8], "texture": "#1"},
				"up": {"uv": [0, 0, 1, 8], "texture": "#1"},
				"down": {"uv": [0, 0, 1, 0.5], "texture": "#1"}
			}
		},
		{
			"name": "mast4",
			"from": [0.5, 12, -2.5],
			"to": [1.5, 16, -1.5],
			"rotation": {"angle": 0, "axis": "y", "origin": [-12.5, 12, -12.5]},
			"faces": {
				"north": {"uv": [0, 0, 1, 8], "texture": "#1"},
				"east": {"uv": [0, 0, 0.5, 8], "texture": "#1"},
				"south": {"uv": [0, 0, 1, 8], "texture": "#1"},
				"west": {"uv": [0, 0, 0.5, 8], "texture": "#1"},
				"up": {"uv": [0, 0, 1, 8], "texture": "#1"},
				"down": {"uv": [0, 0, 1, 0.5], "texture": "#1"}
			}
		},
		{
			"name": "mast4",
			"from": [0.5, 12, 9.5],
			"to": [1.5, 16, 10.5],
			"rotation": {"angle": 0, "axis": "y", "origin": [-12.5, 12, -3.5]},
			"faces": {
				"north": {"uv": [0, 0, 1, 8], "texture": "#1"},
				"east": {"uv": [0, 0, 0.5, 8], "texture": "#1"},
				"south": {"uv": [0, 0, 1, 8], "texture": "#1"},
				"west": {"uv": [0, 0, 0.5, 8], "texture": "#1"},
				"up": {"uv": [0, 0, 1, 8], "texture": "#1"},
				"down": {"uv": [0, 0, 1, 0.5], "texture": "#1"}
			}
		},
		{
			"name": "mast4",
			"from": [8.75, 10, -1.5],
			"to": [9.25, 11, 6.5],
			"rotation": {"angle": 0, "axis": "y", "origin": [1.25, 10, -3.5]},
			"faces": {
				"north": {"uv": [0, 0, 1, 8], "texture": "#1"},
				"east": {"uv": [0, 0, 0.5, 8], "texture": "#1"},
				"south": {"uv": [0, 0, 1, 8], "texture": "#1"},
				"west": {"uv": [0, 0, 0.5, 8], "texture": "#1"},
				"up": {"uv": [0, 0, 1, 8], "texture": "#1"},
				"down": {"uv": [0, 0, 1, 0.5], "texture": "#1"}
			}
		},
		{
			"name": "mast4",
			"from": [6.75, 10, -1.5],
			"to": [7.25, 11, 6.5],
			"rotation": {"angle": 0, "axis": "y", "origin": [-0.75, 10, -3.5]},
			"faces": {
				"north": {"uv": [0, 0, 1, 8], "texture": "#1"},
				"east": {"uv": [0, 0, 0.5, 8], "texture": "#1"},
				"south": {"uv": [0, 0, 1, 8], "texture": "#1"},
				"west": {"uv": [0, 0, 0.5, 8], "texture": "#1"},
				"up": {"uv": [0, 0, 1, 8], "texture": "#1"},
				"down": {"uv": [0, 0, 1, 0.5], "texture": "#1"}
			}
		},
		{
			"name": "mast4",
			"from": [1.5, 10, 6.75],
			"to": [6.5, 11, 7.25],
			"rotation": {"angle": 0, "axis": "y", "origin": [-5.75, 10, 14.75]},
			"faces": {
				"north": {"uv": [0, 0, 0.5, 8], "texture": "#1"},
				"east": {"uv": [0, 0, 1, 8], "texture": "#1"},
				"south": {"uv": [0, 0, 0.5, 8], "texture": "#1"},
				"west": {"uv": [0, 0, 1, 8], "texture": "#1"},
				"up": {"uv": [0, 0, 1, 8], "rotation": 270, "texture": "#1"},
				"down": {"uv": [0, 0, 1, 0.5], "rotation": 90, "texture": "#1"}
			}
		},
		{
			"name": "mast4",
			"from": [1.5, 10, 8.75],
			"to": [6.5, 11, 9.25],
			"rotation": {"angle": 0, "axis": "y", "origin": [-5.75, 10, 16.75]},
			"faces": {
				"north": {"uv": [0, 0, 0.5, 8], "texture": "#1"},
				"east": {"uv": [0, 0, 1, 8], "texture": "#1"},
				"south": {"uv": [0, 0, 0.5, 8], "texture": "#1"},
				"west": {"uv": [0, 0, 1, 8], "texture": "#1"},
				"up": {"uv": [0, 0, 1, 8], "rotation": 270, "texture": "#1"},
				"down": {"uv": [0, 0, 1, 0.5], "rotation": 90, "texture": "#1"}
			}
		},
		{
			"name": "mast4",
			"from": [1.5, 4, 7.75],
			"to": [6.5, 5, 9.25],
			"rotation": {"angle": 0, "axis": "y", "origin": [-5.75, 4, 16.75]},
			"faces": {
				"north": {"uv": [0, 0, 0.5, 8], "texture": "#1"},
				"east": {"uv": [0, 0, 1, 8], "texture": "#1"},
				"south": {"uv": [0, 0, 0.5, 8], "texture": "#1"},
				"west": {"uv": [0, 0, 1, 8], "texture": "#1"},
				"up": {"uv": [0, 0, 1, 8], "rotation": 270, "texture": "#1"},
				"down": {"uv": [0, 0, 1, 0.5], "rotation": 90, "texture": "#1"}
			}
		},
		{
			"name": "mast4",
			"from": [9.5, 4, 7.75],
			"to": [14.5, 5, 9.25],
			"rotation": {"angle": 0, "axis": "y", "origin": [4.25, 4, 16.75]},
			"faces": {
				"north": {"uv": [0, 0, 0.5, 8], "texture": "#1"},
				"east": {"uv": [0, 0, 1, 8], "texture": "#1"},
				"south": {"uv": [0, 0, 0.5, 8], "texture": "#1"},
				"west": {"uv": [0, 0, 1, 8], "texture": "#1"},
				"up": {"uv": [0, 0, 1, 8], "rotation": 270, "texture": "#1"},
				"down": {"uv": [0, 0, 1, 0.5], "rotation": 90, "texture": "#1"}
			}
		},
		{
			"name": "mast4",
			"from": [13.5, 5, 7.75],
			"to": [14.5, 6, 9.25],
			"rotation": {"angle": 0, "axis": "y", "origin": [2.25, 5, 16.75]},
			"faces": {
				"north": {"uv": [0, 0, 0.5, 8], "texture": "#1"},
				"east": {"uv": [0, 0, 1, 8], "texture": "#1"},
				"south": {"uv": [0, 0, 0.5, 8], "texture": "#1"},
				"west": {"uv": [0, 0, 1, 8], "texture": "#1"},
				"up": {"uv": [0, 0, 1, 8], "rotation": 270, "texture": "#1"},
				"down": {"uv": [0, 0, 1, 0.5], "rotation": 90, "texture": "#1"}
			}
		},
		{
			"name": "mast4",
			"from": [1.5, 5, 7.75],
			"to": [2.5, 6, 9.25],
			"rotation": {"angle": 0, "axis": "y", "origin": [-9.75, 5, 16.75]},
			"faces": {
				"north": {"uv": [0, 0, 0.5, 8], "texture": "#1"},
				"east": {"uv": [0, 0, 1, 8], "texture": "#1"},
				"south": {"uv": [0, 0, 0.5, 8], "texture": "#1"},
				"west": {"uv": [0, 0, 1, 8], "texture": "#1"},
				"up": {"uv": [0, 0, 1, 8], "rotation": 270, "texture": "#1"},
				"down": {"uv": [0, 0, 1, 0.5], "rotation": 90, "texture": "#1"}
			}
		},
		{
			"name": "mast4",
			"from": [21.5, 14.3, 6.525],
			"to": [22.5, 16.475, 9.475],
			"rotation": {"angle": -22.5, "axis": "z", "origin": [6, 14.5, -3.5]},
			"faces": {
				"north": {"uv": [0, 0, 1, 8], "texture": "#0"},
				"east": {"uv": [0, 0, 0.5, 8], "texture": "#0"},
				"south": {"uv": [0, 0, 1, 8], "texture": "#0"},
				"west": {"uv": [0, 0, 0.5, 8], "texture": "#0"},
				"up": {"uv": [0, 0, 1, 8], "texture": "#0"},
				"down": {"uv": [0, 0, 1, 0.5], "texture": "#0"}
			}
		}
	],
	"groups": [
		{
			"name": "mast5",
			"origin": [-8, 80, -27],
			"color": 0,
			"children": [0, 1, 2, 3, 4, 5, 6, 7, 8, 9, 10, 11, 12, 13, 14, 15, 16, 17, 18, 19, 20, 21, 22, 23, 24]
		}
	]
}