{
	"credit": "Made with Blockbench by Mc_Jeronimo",
	"texture_size": [32, 32],
	"textures": {
		"0": "opensignals:blocks/projekt675signale/default/shield_black",
		"1": "opensignals:blocks/projekt675signale/default/shield_gray",
		"particle": "opensignals:blocks/projekt675signale/default/shield_black",
		"lamp_greennorth": "opensignals:blocks/projekt675signale/lamps/lamp_dark",
		"lamp_yellownorth": "opensignals:blocks/projekt675signale/lamps/lamp_dark",
		"lamp_white_vkwnorth": "opensignals:blocks/projekt675signale/lamps/lamp_dark",
		"lamp_white_kl_wdhnorth": "opensignals:blocks/projekt675signale/lamps/lamp_dark"
	},
	"elements": [
		{
			"name": "lamp_green",
			"from": [21, 10.5, 5.9],
			"to": [25, 14.5, 5.9],
			"rotation": {"angle": 0, "axis": "y", "origin": [7.5, 1, 0]},
			"faces": {
				"north": {"uv": [0, 0, 4.3125, 4.3125], "texture": "#lamp_greennorth"}
			}
		},
		{
			"name": "lamp_yellow",
			"from": [16, 10.5, 5.9],
			"to": [20, 14.5, 5.9],
			"rotation": {"angle": 0, "axis": "y", "origin": [7.5, 1, 0]},
			"faces": {
				"north": {"uv": [0, 0, 4.3125, 4.3125], "texture": "#lamp_yellownorth"}
			}
		},
		{
			"name": "lamp_white_kl_wdh",
			"from": [22.5, 4.9, 5.9],
			"to": [24.5, 6.9, 5.9],
			"rotation": {"angle": 0, "axis": "y", "origin": [7.5, 2.9, 0]},
			"faces": {
				"north": {"uv": [0, 0, 4.3125, 4.3125], "texture": "#lamp_white_kl_wdhnorth"}
			}
		},
		{
			"name": "lamp_white_vkw",
			"from": [22.5, 18.9, 5.9],
			"to": [24.5, 20.9, 5.9],
			"rotation": {"angle": 0, "axis": "y", "origin": [7.5, 0.9, 0]},
			"faces": {
				"north": {"uv": [0, 0, 4.3125, 4.3125], "texture": "#lamp_white_vkwnorth"}
			}
		},
		{
			"name": "shield17",
			"from": [15, 4, 7],
			"to": [26, 22, 10],
			"rotation": {"angle": 0, "axis": "y", "origin": [12.5, 4, 0]},
			"faces": {
				"north": {"uv": [0, 0, 5.5, 11.5], "texture": "#0"},
				"east": {"uv": [0, 0, 1, 11.5], "texture": "#0"},
				"south": {"uv": [0, 0, 5.5, 11.5], "texture": "#0"},
				"west": {"uv": [0, 0, 1, 11.5], "texture": "#0"},
				"up": {"uv": [0, 0, 5.5, 1], "texture": "#0"},
				"down": {"uv": [0, 0, 5.5, 1], "texture": "#0"}
			}
		},
		{
			"name": "shield17",
			"from": [15, 4, 6],
			"to": [26, 4.25, 7],
			"rotation": {"angle": 0, "axis": "y", "origin": [12.5, 4, 0]},
			"faces": {
				"north": {"uv": [0, 0, 5.5, 11.5], "texture": "#0"},
				"east": {"uv": [0, 0, 1, 11.5], "texture": "#0"},
				"south": {"uv": [0, 0, 5.5, 11.5], "texture": "#0"},
				"west": {"uv": [0, 0, 1, 11.5], "texture": "#0"},
				"up": {"uv": [0, 0, 5.5, 1], "texture": "#0"},
				"down": {"uv": [0, 0, 5.5, 1], "texture": "#0"}
			}
		},
		{
			"name": "shield17",
			"from": [15, 21.25, 6],
			"to": [15.75, 21.75, 7],
			"rotation": {"angle": 0, "axis": "y", "origin": [12.5, 4, 0]},
			"faces": {
				"north": {"uv": [0, 0, 5.5, 11.5], "texture": "#0"},
				"east": {"uv": [0, 0, 1, 11.5], "texture": "#0"},
				"south": {"uv": [0, 0, 5.5, 11.5], "texture": "#0"},
				"west": {"uv": [0, 0, 1, 11.5], "texture": "#0"},
				"up": {"uv": [0, 0, 5.5, 1], "texture": "#0"},
				"down": {"uv": [0, 0, 5.5, 1], "texture": "#0"}
			}
		},
		{
			"name": "shield17",
			"from": [15.75, 21.25, 6],
			"to": [16.25, 21.75, 7],
			"rotation": {"angle": 0, "axis": "y", "origin": [12.5, 4, 0]},
			"faces": {
				"north": {"uv": [0, 0, 5.5, 11.5], "texture": "#1"},
				"east": {"uv": [0, 0, 1, 11.5], "texture": "#1"},
				"south": {"uv": [0, 0, 5.5, 11.5], "texture": "#1"},
				"west": {"uv": [0, 0, 1, 11.5], "texture": "#1"},
				"up": {"uv": [0, 0, 5.5, 1], "texture": "#1"},
				"down": {"uv": [0, 0, 5.5, 1], "texture": "#1"}
			}
		},
		{
			"name": "shield17",
			"from": [16.25, 21.25, 6],
			"to": [18.75, 21.75, 7],
			"rotation": {"angle": 0, "axis": "y", "origin": [12.5, 4, 0]},
			"faces": {
				"north": {"uv": [0, 0, 5.5, 11.5], "texture": "#0"},
				"east": {"uv": [0, 0, 1, 11.5], "texture": "#0"},
				"south": {"uv": [0, 0, 5.5, 11.5], "texture": "#0"},
				"west": {"uv": [0, 0, 1, 11.5], "texture": "#0"},
				"up": {"uv": [0, 0, 5.5, 1], "texture": "#0"},
				"down": {"uv": [0, 0, 5.5, 1], "texture": "#0"}
			}
		},
		{
			"name": "shield17",
			"from": [18.75, 21.25, 6],
			"to": [19.25, 21.75, 7],
			"rotation": {"angle": 0, "axis": "y", "origin": [12.5, 4, 0]},
			"faces": {
				"north": {"uv": [0, 0, 5.5, 11.5], "texture": "#1"},
				"east": {"uv": [0, 0, 1, 11.5], "texture": "#1"},
				"south": {"uv": [0, 0, 5.5, 11.5], "texture": "#1"},
				"west": {"uv": [0, 0, 1, 11.5], "texture": "#1"},
				"up": {"uv": [0, 0, 5.5, 1], "texture": "#1"},
				"down": {"uv": [0, 0, 5.5, 1], "texture": "#1"}
			}
		},
		{
			"name": "shield17",
			"from": [19.25, 21.25, 6],
			"to": [21.75, 21.75, 7],
			"rotation": {"angle": 0, "axis": "y", "origin": [12.5, 4, 0]},
			"faces": {
				"north": {"uv": [0, 0, 5.5, 11.5], "texture": "#0"},
				"east": {"uv": [0, 0, 1, 11.5], "texture": "#0"},
				"south": {"uv": [0, 0, 5.5, 11.5], "texture": "#0"},
				"west": {"uv": [0, 0, 1, 11.5], "texture": "#0"},
				"up": {"uv": [0, 0, 5.5, 1], "texture": "#0"},
				"down": {"uv": [0, 0, 5.5, 1], "texture": "#0"}
			}
		},
		{
			"name": "shield17",
			"from": [21.75, 21.25, 6],
			"to": [22.25, 21.75, 7],
			"rotation": {"angle": 0, "axis": "y", "origin": [12.5, 4, 0]},
			"faces": {
				"north": {"uv": [0, 0, 5.5, 11.5], "texture": "#1"},
				"east": {"uv": [0, 0, 1, 11.5], "texture": "#1"},
				"south": {"uv": [0, 0, 5.5, 11.5], "texture": "#1"},
				"west": {"uv": [0, 0, 1, 11.5], "texture": "#1"},
				"up": {"uv": [0, 0, 5.5, 1], "texture": "#1"},
				"down": {"uv": [0, 0, 5.5, 1], "texture": "#1"}
			}
		},
		{
			"name": "shield17",
			"from": [15, 4.75, 6],
			"to": [26, 21.25, 7],
			"rotation": {"angle": 0, "axis": "y", "origin": [12.5, 4, 0]},
			"faces": {
				"north": {"uv": [0, 0, 5.5, 11.5], "texture": "#0"},
				"east": {"uv": [0, 0, 1, 11.5], "texture": "#0"},
				"south": {"uv": [0, 0, 5.5, 11.5], "texture": "#0"},
				"west": {"uv": [0, 0, 1, 11.5], "texture": "#0"},
				"up": {"uv": [0, 0, 5.5, 1], "texture": "#0"},
				"down": {"uv": [0, 0, 5.5, 1], "texture": "#0"}
			}
		},
		{
			"name": "shield17",
			"from": [24.75, 21.25, 6],
			"to": [25.25, 21.75, 7],
			"rotation": {"angle": 0, "axis": "y", "origin": [12.5, 4, 0]},
			"faces": {
				"north": {"uv": [0, 0, 5.5, 11.5], "texture": "#1"},
				"east": {"uv": [0, 0, 1, 11.5], "texture": "#1"},
				"south": {"uv": [0, 0, 5.5, 11.5], "texture": "#1"},
				"west": {"uv": [0, 0, 1, 11.5], "texture": "#1"},
				"up": {"uv": [0, 0, 5.5, 1], "texture": "#1"},
				"down": {"uv": [0, 0, 5.5, 1], "texture": "#1"}
			}
		},
		{
			"name": "shield17",
			"from": [25.25, 21.25, 6],
			"to": [26, 21.75, 7],
			"rotation": {"angle": 0, "axis": "y", "origin": [12.5, 4, 0]},
			"faces": {
				"north": {"uv": [0, 0, 5.5, 11.5], "texture": "#0"},
				"east": {"uv": [0, 0, 1, 11.5], "texture": "#0"},
				"south": {"uv": [0, 0, 5.5, 11.5], "texture": "#0"},
				"west": {"uv": [0, 0, 1, 11.5], "texture": "#0"},
				"up": {"uv": [0, 0, 5.5, 1], "texture": "#0"},
				"down": {"uv": [0, 0, 5.5, 1], "texture": "#0"}
			}
		},
		{
			"name": "shield17",
			"from": [22.25, 21.25, 6],
			"to": [24.75, 21.75, 7],
			"rotation": {"angle": 0, "axis": "y", "origin": [12.5, 4, 0]},
			"faces": {
				"north": {"uv": [0, 0, 5.5, 11.5], "texture": "#0"},
				"east": {"uv": [0, 0, 1, 11.5], "texture": "#0"},
				"south": {"uv": [0, 0, 5.5, 11.5], "texture": "#0"},
				"west": {"uv": [0, 0, 1, 11.5], "texture": "#0"},
				"up": {"uv": [0, 0, 5.5, 1], "texture": "#0"},
				"down": {"uv": [0, 0, 5.5, 1], "texture": "#0"}
			}
		},
		{
			"name": "shield17",
			"from": [15, 21.75, 6],
			"to": [26, 22, 7],
			"rotation": {"angle": 0, "axis": "y", "origin": [12.5, 4, 0]},
			"faces": {
				"north": {"uv": [0, 0, 5.5, 11.5], "texture": "#0"},
				"east": {"uv": [0, 0, 1, 11.5], "texture": "#0"},
				"south": {"uv": [0, 0, 5.5, 11.5], "texture": "#0"},
				"west": {"uv": [0, 0, 1, 11.5], "texture": "#0"},
				"up": {"uv": [0, 0, 5.5, 1], "texture": "#0"},
				"down": {"uv": [0, 0, 5.5, 1], "texture": "#0"}
			}
		},
		{
			"name": "shield17",
			"from": [25.25, 4.25, 6],
			"to": [26, 4.75, 7],
			"rotation": {"angle": 0, "axis": "y", "origin": [12.5, 4, 0]},
			"faces": {
				"north": {"uv": [0, 0, 5.5, 11.5], "texture": "#0"},
				"east": {"uv": [0, 0, 1, 11.5], "texture": "#0"},
				"south": {"uv": [0, 0, 5.5, 11.5], "texture": "#0"},
				"west": {"uv": [0, 0, 1, 11.5], "texture": "#0"},
				"up": {"uv": [0, 0, 5.5, 1], "texture": "#0"},
				"down": {"uv": [0, 0, 5.5, 1], "texture": "#0"}
			}
		},
		{
			"name": "shield17",
			"from": [15, 4.25, 6],
			"to": [15.75, 4.75, 7],
			"rotation": {"angle": 0, "axis": "y", "origin": [12.5, 4, 0]},
			"faces": {
				"north": {"uv": [0, 0, 5.5, 11.5], "texture": "#0"},
				"east": {"uv": [0, 0, 1, 11.5], "texture": "#0"},
				"south": {"uv": [0, 0, 5.5, 11.5], "texture": "#0"},
				"west": {"uv": [0, 0, 1, 11.5], "texture": "#0"},
				"up": {"uv": [0, 0, 5.5, 1], "texture": "#0"},
				"down": {"uv": [0, 0, 5.5, 1], "texture": "#0"}
			}
		},
		{
			"name": "shield17",
			"from": [22.25, 4.25, 6],
			"to": [24.75, 4.75, 7],
			"rotation": {"angle": 0, "axis": "y", "origin": [12.5, 4, 0]},
			"faces": {
				"north": {"uv": [0, 0, 5.5, 11.5], "texture": "#0"},
				"east": {"uv": [0, 0, 1, 11.5], "texture": "#0"},
				"south": {"uv": [0, 0, 5.5, 11.5], "texture": "#0"},
				"west": {"uv": [0, 0, 1, 11.5], "texture": "#0"},
				"up": {"uv": [0, 0, 5.5, 1], "texture": "#0"},
				"down": {"uv": [0, 0, 5.5, 1], "texture": "#0"}
			}
		},
		{
			"name": "shield17",
			"from": [19.25, 4.25, 6],
			"to": [21.75, 4.75, 7],
			"rotation": {"angle": 0, "axis": "y", "origin": [12.5, 4, 0]},
			"faces": {
				"north": {"uv": [0, 0, 5.5, 11.5], "texture": "#0"},
				"east": {"uv": [0, 0, 1, 11.5], "texture": "#0"},
				"south": {"uv": [0, 0, 5.5, 11.5], "texture": "#0"},
				"west": {"uv": [0, 0, 1, 11.5], "texture": "#0"},
				"up": {"uv": [0, 0, 5.5, 1], "texture": "#0"},
				"down": {"uv": [0, 0, 5.5, 1], "texture": "#0"}
			}
		},
		{
			"name": "shield17",
			"from": [16.25, 4.25, 6],
			"to": [18.75, 4.75, 7],
			"rotation": {"angle": 0, "axis": "y", "origin": [12.5, 4, 0]},
			"faces": {
				"north": {"uv": [0, 0, 5.5, 11.5], "texture": "#0"},
				"east": {"uv": [0, 0, 1, 11.5], "texture": "#0"},
				"south": {"uv": [0, 0, 5.5, 11.5], "texture": "#0"},
				"west": {"uv": [0, 0, 1, 11.5], "texture": "#0"},
				"up": {"uv": [0, 0, 5.5, 1], "texture": "#0"},
				"down": {"uv": [0, 0, 5.5, 1], "texture": "#0"}
			}
		},
		{
			"name": "shield17",
			"from": [24.75, 4.25, 6],
			"to": [25.25, 4.75, 7],
			"rotation": {"angle": 0, "axis": "y", "origin": [12.5, 4, 0]},
			"faces": {
				"north": {"uv": [0, 0, 5.5, 11.5], "texture": "#1"},
				"east": {"uv": [0, 0, 1, 11.5], "texture": "#1"},
				"south": {"uv": [0, 0, 5.5, 11.5], "texture": "#1"},
				"west": {"uv": [0, 0, 1, 11.5], "texture": "#1"},
				"up": {"uv": [0, 0, 5.5, 1], "texture": "#1"},
				"down": {"uv": [0, 0, 5.5, 1], "texture": "#1"}
			}
		},
		{
			"name": "shield17",
			"from": [21.75, 4.25, 6],
			"to": [22.25, 4.75, 7],
			"rotation": {"angle": 0, "axis": "y", "origin": [12.5, 4, 0]},
			"faces": {
				"north": {"uv": [0, 0, 5.5, 11.5], "texture": "#1"},
				"east": {"uv": [0, 0, 1, 11.5], "texture": "#1"},
				"south": {"uv": [0, 0, 5.5, 11.5], "texture": "#1"},
				"west": {"uv": [0, 0, 1, 11.5], "texture": "#1"},
				"up": {"uv": [0, 0, 5.5, 1], "texture": "#1"},
				"down": {"uv": [0, 0, 5.5, 1], "texture": "#1"}
			}
		},
		{
			"name": "shield17",
			"from": [18.75, 4.25, 6],
			"to": [19.25, 4.75, 7],
			"rotation": {"angle": 0, "axis": "y", "origin": [12.5, 4, 0]},
			"faces": {
				"north": {"uv": [0, 0, 5.5, 11.5], "texture": "#1"},
				"east": {"uv": [0, 0, 1, 11.5], "texture": "#1"},
				"south": {"uv": [0, 0, 5.5, 11.5], "texture": "#1"},
				"west": {"uv": [0, 0, 1, 11.5], "texture": "#1"},
				"up": {"uv": [0, 0, 5.5, 1], "texture": "#1"},
				"down": {"uv": [0, 0, 5.5, 1], "texture": "#1"}
			}
		},
		{
			"name": "shield17",
			"from": [15.75, 4.25, 6],
			"to": [16.25, 4.75, 7],
			"rotation": {"angle": 0, "axis": "y", "origin": [12.5, 4, 0]},
			"faces": {
				"north": {"uv": [0, 0, 5.5, 11.5], "texture": "#1"},
				"east": {"uv": [0, 0, 1, 11.5], "texture": "#1"},
				"south": {"uv": [0, 0, 5.5, 11.5], "texture": "#1"},
				"west": {"uv": [0, 0, 1, 11.5], "texture": "#1"},
				"up": {"uv": [0, 0, 5.5, 1], "texture": "#1"},
				"down": {"uv": [0, 0, 5.5, 1], "texture": "#1"}
			}
		},
		{
			"name": "hoods1_3",
			"from": [18.475, 13.964, 2],
			"to": [19.175, 14.239, 6],
			"rotation": {"angle": -22.5, "axis": "z", "origin": [19.875, 13.975, 6]},
			"faces": {
				"north": {"uv": [0, 0, 0.5, 0.5], "rotation": 90, "texture": "#0"},
				"east": {"uv": [0, 0, 0.5, 1], "rotation": 270, "texture": "#0"},
				"west": {"uv": [0, 0, 0.5, 1], "rotation": 270, "texture": "#0"},
				"up": {"uv": [0, 0, 1, 0.5], "rotation": 270, "texture": "#0"},
				"down": {"uv": [0, 0, 1, 0.5], "rotation": 270, "texture": "#0"}
			}
		},
		{
			"name": "hoods1_2",
			"from": [22.325, 14.495, 2],
			"to": [23.685, 14.755, 6],
			"rotation": {"angle": 0, "axis": "y", "origin": [15, -3.25, 0]},
			"faces": {
				"north": {"uv": [0, 0, 0.5, 0.5], "texture": "#0"},
				"east": {"uv": [0, 0, 1, 0.5], "texture": "#0"},
				"west": {"uv": [0, 0, 1, 0.5], "texture": "#0"},
				"up": {"uv": [0, 0, 1, 0.5], "texture": "#0"},
				"down": {"uv": [0, 0, 1, 0.5], "texture": "#0"}
			}
		},
		{
			"name": "hoods1_1",
			"from": [20.8, 12.425, 5],
			"to": [21.05, 13.25, 6],
			"rotation": {"angle": 0, "axis": "y", "origin": [15, -3.25, 0]},
			"faces": {
				"north": {"uv": [0, 0, 0.5, 1], "texture": "#0"},
				"east": {"uv": [0, 0, 0.5, 1], "texture": "#0"},
				"west": {"uv": [0, 0, 0.5, 1], "texture": "#0"},
				"up": {"uv": [0, 0, 0.5, 0.5], "texture": "#0"},
				"down": {"uv": [0, 0, 0.5, 0.5], "texture": "#0"}
			}
		},
		{
			"name": "hoods1_1",
			"from": [24.95, 12.425, 5],
			"to": [25.2, 13.25, 6],
			"rotation": {"angle": 0, "axis": "y", "origin": [15, -3.25, 0]},
			"faces": {
				"north": {"uv": [0, 0, 0.5, 1], "texture": "#0"},
				"east": {"uv": [0, 0, 0.5, 1], "texture": "#0"},
				"west": {"uv": [0, 0, 0.5, 1], "texture": "#0"},
				"up": {"uv": [0, 0, 0.5, 0.5], "texture": "#0"},
				"down": {"uv": [0, 0, 0.5, 0.5], "texture": "#0"}
			}
		},
		{
			"name": "hoods1_3",
			"from": [21.392, 11.742, 4],
			"to": [21.667, 12.417, 6],
			"rotation": {"angle": -22.5, "axis": "z", "origin": [24.875, 13.975, 6]},
			"faces": {
				"north": {"uv": [0, 0, 0.5, 0.5], "texture": "#0"},
				"east": {"uv": [0, 0, 1, 0.5], "texture": "#0"},
				"west": {"uv": [0, 0, 1, 0.5], "texture": "#0"},
				"up": {"uv": [0, 0, 0.5, 1], "texture": "#0"},
				"down": {"uv": [0, 0, 0.5, 1], "texture": "#0"}
			}
		},
		{
			"name": "hoods1_3",
			"from": [24.625, 13.175, 4],
			"to": [24.9, 13.85, 6],
			"rotation": {"angle": 22.5, "axis": "z", "origin": [24.875, 13.975, 6]},
			"faces": {
				"north": {"uv": [0, 0, 0.5, 0.5], "texture": "#0"},
				"east": {"uv": [0, 0, 1, 0.5], "texture": "#0"},
				"west": {"uv": [0, 0, 1, 0.5], "texture": "#0"},
				"up": {"uv": [0, 0, 0.5, 1], "texture": "#0"},
				"down": {"uv": [0, 0, 0.5, 1], "texture": "#0"}
			}
		},
		{
			"name": "hoods1_3",
			"from": [22.103, 16.322, 4],
			"to": [22.978, 16.597, 6],
			"rotation": {"angle": 45, "axis": "z", "origin": [24.875, 13.975, 6]},
			"faces": {
				"north": {"uv": [0, 0, 0.5, 0.5], "rotation": 90, "texture": "#0"},
				"east": {"uv": [0, 0, 0.5, 1], "rotation": 270, "texture": "#0"},
				"west": {"uv": [0, 0, 0.5, 1], "rotation": 270, "texture": "#0"},
				"up": {"uv": [0, 0, 1, 0.5], "rotation": 270, "texture": "#0"},
				"down": {"uv": [0, 0, 1, 0.5], "rotation": 270, "texture": "#0"}
			}
		},
		{
			"name": "hoods1_3",
			"from": [24.575, 13.85, 4],
			"to": [24.85, 14.725, 6],
			"rotation": {"angle": 45, "axis": "z", "origin": [24.875, 13.975, 6]},
			"faces": {
				"north": {"uv": [0, 0, 0.5, 0.5], "texture": "#0"},
				"east": {"uv": [0, 0, 1, 0.5], "texture": "#0"},
				"west": {"uv": [0, 0, 1, 0.5], "texture": "#0"},
				"up": {"uv": [0, 0, 0.5, 1], "texture": "#0"},
				"down": {"uv": [0, 0, 0.5, 1], "texture": "#0"}
			}
		},
		{
			"name": "hoods1_3",
			"from": [22.119, 15.397, 2],
			"to": [22.819, 15.672, 6],
			"rotation": {"angle": 22.5, "axis": "z", "origin": [24.875, 13.975, 6]},
			"faces": {
				"north": {"uv": [0, 0, 0.5, 0.5], "rotation": 90, "texture": "#0"},
				"east": {"uv": [0, 0, 0.5, 1], "rotation": 270, "texture": "#0"},
				"west": {"uv": [0, 0, 0.5, 1], "rotation": 270, "texture": "#0"},
				"up": {"uv": [0, 0, 1, 0.5], "rotation": 270, "texture": "#0"},
				"down": {"uv": [0, 0, 1, 0.5], "rotation": 270, "texture": "#0"}
			}
		},
		{
			"name": "hoods1_3",
			"from": [23.475, 13.964, 2],
			"to": [24.175, 14.239, 6],
			"rotation": {"angle": -22.5, "axis": "z", "origin": [24.875, 13.975, 6]},
			"faces": {
				"north": {"uv": [0, 0, 0.5, 0.5], "rotation": 90, "texture": "#0"},
				"east": {"uv": [0, 0, 0.5, 1], "rotation": 270, "texture": "#0"},
				"west": {"uv": [0, 0, 0.5, 1], "rotation": 270, "texture": "#0"},
				"up": {"uv": [0, 0, 1, 0.5], "rotation": 270, "texture": "#0"},
				"down": {"uv": [0, 0, 1, 0.5], "rotation": 270, "texture": "#0"}
			}
		},
		{
			"name": "hoods1_3",
			"from": [17.119, 15.397, 2],
			"to": [17.819, 15.672, 6],
			"rotation": {"angle": 22.5, "axis": "z", "origin": [19.875, 13.975, 6]},
			"faces": {
				"north": {"uv": [0, 0, 0.5, 0.5], "rotation": 90, "texture": "#0"},
				"east": {"uv": [0, 0, 0.5, 1], "rotation": 270, "texture": "#0"},
				"west": {"uv": [0, 0, 0.5, 1], "rotation": 270, "texture": "#0"},
				"up": {"uv": [0, 0, 1, 0.5], "rotation": 270, "texture": "#0"},
				"down": {"uv": [0, 0, 1, 0.5], "rotation": 270, "texture": "#0"}
			}
		},
		{
			"name": "hoods1_3",
			"from": [19.575, 13.85, 4],
			"to": [19.85, 14.725, 6],
			"rotation": {"angle": 45, "axis": "z", "origin": [19.875, 13.975, 6]},
			"faces": {
				"north": {"uv": [0, 0, 0.5, 0.5], "texture": "#0"},
				"east": {"uv": [0, 0, 1, 0.5], "texture": "#0"},
				"west": {"uv": [0, 0, 1, 0.5], "texture": "#0"},
				"up": {"uv": [0, 0, 0.5, 1], "texture": "#0"},
				"down": {"uv": [0, 0, 0.5, 1], "texture": "#0"}
			}
		},
		{
			"name": "hoods1_3",
			"from": [17.103, 16.322, 4],
			"to": [17.978, 16.597, 6],
			"rotation": {"angle": 45, "axis": "z", "origin": [19.875, 13.975, 6]},
			"faces": {
				"north": {"uv": [0, 0, 0.5, 0.5], "rotation": 90, "texture": "#0"},
				"east": {"uv": [0, 0, 0.5, 1], "rotation": 270, "texture": "#0"},
				"west": {"uv": [0, 0, 0.5, 1], "rotation": 270, "texture": "#0"},
				"up": {"uv": [0, 0, 1, 0.5], "rotation": 270, "texture": "#0"},
				"down": {"uv": [0, 0, 1, 0.5], "rotation": 270, "texture": "#0"}
			}
		},
		{
			"name": "hoods1_3",
			"from": [19.625, 13.175, 4],
			"to": [19.9, 13.85, 6],
			"rotation": {"angle": 22.5, "axis": "z", "origin": [19.875, 13.975, 6]},
			"faces": {
				"north": {"uv": [0, 0, 0.5, 0.5], "texture": "#0"},
				"east": {"uv": [0, 0, 1, 0.5], "texture": "#0"},
				"west": {"uv": [0, 0, 1, 0.5], "texture": "#0"},
				"up": {"uv": [0, 0, 0.5, 1], "texture": "#0"},
				"down": {"uv": [0, 0, 0.5, 1], "texture": "#0"}
			}
		},
		{
			"name": "hoods1_3",
			"from": [16.392, 11.742, 4],
			"to": [16.667, 12.417, 6],
			"rotation": {"angle": -22.5, "axis": "z", "origin": [19.875, 13.975, 6]},
			"faces": {
				"north": {"uv": [0, 0, 0.5, 0.5], "texture": "#0"},
				"east": {"uv": [0, 0, 1, 0.5], "texture": "#0"},
				"west": {"uv": [0, 0, 1, 0.5], "texture": "#0"},
				"up": {"uv": [0, 0, 0.5, 1], "texture": "#0"},
				"down": {"uv": [0, 0, 0.5, 1], "texture": "#0"}
			}
		},
		{
			"name": "hoods1_1",
			"from": [19.95, 12.425, 5],
			"to": [20.2, 13.25, 6],
			"rotation": {"angle": 0, "axis": "y", "origin": [10, -3.25, 0]},
			"faces": {
				"north": {"uv": [0, 0, 0.5, 1], "texture": "#0"},
				"east": {"uv": [0, 0, 0.5, 1], "texture": "#0"},
				"west": {"uv": [0, 0, 0.5, 1], "texture": "#0"},
				"up": {"uv": [0, 0, 0.5, 0.5], "texture": "#0"},
				"down": {"uv": [0, 0, 0.5, 0.5], "texture": "#0"}
			}
		},
		{
			"name": "hoods1_1",
			"from": [15.8, 12.425, 5],
			"to": [16.05, 13.25, 6],
			"rotation": {"angle": 0, "axis": "y", "origin": [10, -3.25, 0]},
			"faces": {
				"north": {"uv": [0, 0, 0.5, 1], "texture": "#0"},
				"east": {"uv": [0, 0, 0.5, 1], "texture": "#0"},
				"west": {"uv": [0, 0, 0.5, 1], "texture": "#0"},
				"up": {"uv": [0, 0, 0.5, 0.5], "texture": "#0"},
				"down": {"uv": [0, 0, 0.5, 0.5], "texture": "#0"}
			}
		},
		{
			"name": "hoods1_2",
			"from": [17.325, 14.495, 2],
			"to": [18.685, 14.755, 6],
			"rotation": {"angle": 0, "axis": "y", "origin": [10, -3.25, 0]},
			"faces": {
				"north": {"uv": [0, 0, 0.5, 0.5], "texture": "#0"},
				"east": {"uv": [0, 0, 1, 0.5], "texture": "#0"},
				"west": {"uv": [0, 0, 1, 0.5], "texture": "#0"},
				"up": {"uv": [0, 0, 1, 0.5], "texture": "#0"},
				"down": {"uv": [0, 0, 1, 0.5], "texture": "#0"}
			}
		},
		{
			"name": "hoods1_2",
			"from": [23.183, 20.924, 4],
			"to": [23.819, 21.184, 6],
			"rotation": {"angle": 0, "axis": "y", "origin": [23.475, 21.125, 6]},
			"faces": {
				"north": {"uv": [0, 0, 0.5, 0.5], "rotation": 180, "texture": "#0"},
				"east": {"uv": [0, 0, 1, 0.5], "rotation": 180, "texture": "#0"},
				"west": {"uv": [0, 0, 1, 0.5], "rotation": 180, "texture": "#0"},
				"up": {"uv": [0, 0, 1, 0.5], "rotation": 180, "texture": "#0"},
				"down": {"uv": [0, 0, 1, 0.5], "rotation": 180, "texture": "#0"}
			}
		},
		{
			"name": "hoods1_2",
			"from": [24.471, 19.724, 5],
			"to": [24.731, 20.18, 6],
			"rotation": {"angle": 0, "axis": "y", "origin": [23.395, 20.797, 6]},
			"faces": {
				"north": {"uv": [0, 0, 0.5, 0.5], "rotation": 90, "texture": "#0"},
				"east": {"uv": [0, 0, 1, 0.5], "rotation": 270, "texture": "#0"},
				"west": {"uv": [0, 0, 1, 0.5], "rotation": 270, "texture": "#0"},
				"up": {"uv": [0, 0, 1, 0.5], "rotation": 270, "texture": "#0"},
				"down": {"uv": [0, 0, 1, 0.5], "rotation": 270, "texture": "#0"}
			}
		},
		{
			"name": "hoods1_2",
			"from": [22.271, 19.724, 5],
			"to": [22.531, 20.18, 6],
			"rotation": {"angle": 0, "axis": "y", "origin": [23.395, 20.797, 6]},
			"faces": {
				"north": {"uv": [0, 0, 0.5, 0.5], "rotation": 90, "texture": "#0"},
				"east": {"uv": [0, 0, 1, 0.5], "rotation": 270, "texture": "#0"},
				"west": {"uv": [0, 0, 1, 0.5], "rotation": 270, "texture": "#0"},
				"up": {"uv": [0, 0, 1, 0.5], "rotation": 270, "texture": "#0"},
				"down": {"uv": [0, 0, 1, 0.5], "rotation": 270, "texture": "#0"}
			}
		},
		{
			"name": "hoods1_2",
			"from": [24.133, 19.716, 5],
			"to": [24.393, 20.324, 6],
			"rotation": {"angle": 22.5, "axis": "z", "origin": [23.395, 20.797, 6]},
			"faces": {
				"north": {"uv": [0, 0, 0.5, 0.5], "rotation": 90, "texture": "#0"},
				"east": {"uv": [0, 0, 1, 0.5], "rotation": 270, "texture": "#0"},
				"west": {"uv": [0, 0, 1, 0.5], "rotation": 270, "texture": "#0"},
				"up": {"uv": [0, 0, 1, 0.5], "rotation": 270, "texture": "#0"},
				"down": {"uv": [0, 0, 1, 0.5], "rotation": 270, "texture": "#0"}
			}
		},
		{
			"name": "hoods1_2",
			"from": [22.593, 19.796, 5],
			"to": [22.853, 20.404, 6],
			"rotation": {"angle": -22.5, "axis": "z", "origin": [23.395, 20.797, 6]},
			"faces": {
				"north": {"uv": [0, 0, 0.5, 0.5], "rotation": 90, "texture": "#0"},
				"east": {"uv": [0, 0, 1, 0.5], "rotation": 270, "texture": "#0"},
				"west": {"uv": [0, 0, 1, 0.5], "rotation": 270, "texture": "#0"},
				"up": {"uv": [0, 0, 1, 0.5], "rotation": 270, "texture": "#0"},
				"down": {"uv": [0, 0, 1, 0.5], "rotation": 270, "texture": "#0"}
			}
		},
		{
			"name": "hoods1_2",
			"from": [23.732, 20.113, 5],
			"to": [23.992, 20.473, 6],
			"rotation": {"angle": 45, "axis": "z", "origin": [23.491, 21.037, 6]},
			"faces": {
				"north": {"uv": [0, 0, 0.5, 0.5], "rotation": 90, "texture": "#0"},
				"east": {"uv": [0, 0, 1, 0.5], "rotation": 270, "texture": "#0"},
				"west": {"uv": [0, 0, 1, 0.5], "rotation": 270, "texture": "#0"},
				"up": {"uv": [0, 0, 1, 0.5], "rotation": 270, "texture": "#0"},
				"down": {"uv": [0, 0, 1, 0.5], "rotation": 270, "texture": "#0"}
			}
		},
		{
			"name": "hoods1_2",
			"from": [22.591, 21.272, 5],
			"to": [22.951, 21.532, 6],
			"rotation": {"angle": 45, "axis": "z", "origin": [23.491, 21.037, 6]},
			"faces": {
				"north": {"uv": [0, 0, 0.5, 0.5], "texture": "#0"},
				"east": {"uv": [0, 0, 1, 0.5], "texture": "#0"},
				"west": {"uv": [0, 0, 1, 0.5], "texture": "#0"},
				"up": {"uv": [0, 0, 1, 0.5], "texture": "#0"},
				"down": {"uv": [0, 0, 1, 0.5], "texture": "#0"}
			}
		},
		{
			"name": "hoods1_2",
			"from": [23.741, 21.035, 4],
			"to": [24.205, 21.295, 6],
			"rotation": {"angle": -22.5, "axis": "z", "origin": [23.491, 21.037, 6]},
			"faces": {
				"north": {"uv": [0, 0, 0.5, 0.5], "rotation": 180, "texture": "#0"},
				"east": {"uv": [0, 0, 1, 0.5], "rotation": 180, "texture": "#0"},
				"west": {"uv": [0, 0, 1, 0.5], "rotation": 180, "texture": "#0"},
				"up": {"uv": [0, 0, 1, 0.5], "rotation": 180, "texture": "#0"},
				"down": {"uv": [0, 0, 1, 0.5], "rotation": 180, "texture": "#0"}
			}
		},
		{
			"name": "hoods1_2",
			"from": [22.801, 21.027, 4],
			"to": [23.265, 21.287, 6],
			"rotation": {"angle": 22.5, "axis": "z", "origin": [23.491, 21.037, 6]},
			"faces": {
				"north": {"uv": [0, 0, 0.5, 0.5], "texture": "#0"},
				"east": {"uv": [0, 0, 1, 0.5], "texture": "#0"},
				"west": {"uv": [0, 0, 1, 0.5], "texture": "#0"},
				"up": {"uv": [0, 0, 1, 0.5], "texture": "#0"},
				"down": {"uv": [0, 0, 1, 0.5], "texture": "#0"}
			}
		},
		{
			"name": "hoods1_2",
			"from": [23.183, 6.924, 4],
			"to": [23.819, 7.184, 6],
			"rotation": {"angle": 0, "axis": "y", "origin": [23.475, 7.125, 6]},
			"faces": {
				"north": {"uv": [0, 0, 0.5, 0.5], "rotation": 180, "texture": "#0"},
				"east": {"uv": [0, 0, 1, 0.5], "rotation": 180, "texture": "#0"},
				"west": {"uv": [0, 0, 1, 0.5], "rotation": 180, "texture": "#0"},
				"up": {"uv": [0, 0, 1, 0.5], "rotation": 180, "texture": "#0"},
				"down": {"uv": [0, 0, 1, 0.5], "rotation": 180, "texture": "#0"}
			}
		},
		{
			"name": "hoods1_2",
			"from": [24.471, 5.724, 5],
			"to": [24.731, 6.18, 6],
			"rotation": {"angle": 0, "axis": "y", "origin": [23.395, 6.797, 6]},
			"faces": {
				"north": {"uv": [0, 0, 0.5, 0.5], "rotation": 90, "texture": "#0"},
				"east": {"uv": [0, 0, 1, 0.5], "rotation": 270, "texture": "#0"},
				"west": {"uv": [0, 0, 1, 0.5], "rotation": 270, "texture": "#0"},
				"up": {"uv": [0, 0, 1, 0.5], "rotation": 270, "texture": "#0"},
				"down": {"uv": [0, 0, 1, 0.5], "rotation": 270, "texture": "#0"}
			}
		},
		{
			"name": "hoods1_2",
			"from": [22.271, 5.724, 5],
			"to": [22.531, 6.18, 6],
			"rotation": {"angle": 0, "axis": "y", "origin": [23.395, 6.797, 6]},
			"faces": {
				"north": {"uv": [0, 0, 0.5, 0.5], "rotation": 90, "texture": "#0"},
				"east": {"uv": [0, 0, 1, 0.5], "rotation": 270, "texture": "#0"},
				"west": {"uv": [0, 0, 1, 0.5], "rotation": 270, "texture": "#0"},
				"up": {"uv": [0, 0, 1, 0.5], "rotation": 270, "texture": "#0"},
				"down": {"uv": [0, 0, 1, 0.5], "rotation": 270, "texture": "#0"}
			}
		},
		{
			"name": "hoods1_2",
			"from": [24.133, 5.716, 5],
			"to": [24.393, 6.324, 6],
			"rotation": {"angle": 22.5, "axis": "z", "origin": [23.395, 6.797, 6]},
			"faces": {
				"north": {"uv": [0, 0, 0.5, 0.5], "rotation": 90, "texture": "#0"},
				"east": {"uv": [0, 0, 1, 0.5], "rotation": 270, "texture": "#0"},
				"west": {"uv": [0, 0, 1, 0.5], "rotation": 270, "texture": "#0"},
				"up": {"uv": [0, 0, 1, 0.5], "rotation": 270, "texture": "#0"},
				"down": {"uv": [0, 0, 1, 0.5], "rotation": 270, "texture": "#0"}
			}
		},
		{
			"name": "hoods1_2",
			"from": [22.593, 5.796, 5],
			"to": [22.853, 6.404, 6],
			"rotation": {"angle": -22.5, "axis": "z", "origin": [23.395, 6.797, 6]},
			"faces": {
				"north": {"uv": [0, 0, 0.5, 0.5], "rotation": 90, "texture": "#0"},
				"east": {"uv": [0, 0, 1, 0.5], "rotation": 270, "texture": "#0"},
				"west": {"uv": [0, 0, 1, 0.5], "rotation": 270, "texture": "#0"},
				"up": {"uv": [0, 0, 1, 0.5], "rotation": 270, "texture": "#0"},
				"down": {"uv": [0, 0, 1, 0.5], "rotation": 270, "texture": "#0"}
			}
		},
		{
			"name": "hoods1_2",
			"from": [23.732, 6.113, 5],
			"to": [23.992, 6.473, 6],
			"rotation": {"angle": 45, "axis": "z", "origin": [23.491, 7.037, 6]},
			"faces": {
				"north": {"uv": [0, 0, 0.5, 0.5], "rotation": 90, "texture": "#0"},
				"east": {"uv": [0, 0, 1, 0.5], "rotation": 270, "texture": "#0"},
				"west": {"uv": [0, 0, 1, 0.5], "rotation": 270, "texture": "#0"},
				"up": {"uv": [0, 0, 1, 0.5], "rotation": 270, "texture": "#0"},
				"down": {"uv": [0, 0, 1, 0.5], "rotation": 270, "texture": "#0"}
			}
		},
		{
			"name": "hoods1_2",
			"from": [22.591, 7.272, 5],
			"to": [22.951, 7.532, 6],
			"rotation": {"angle": 45, "axis": "z", "origin": [23.491, 7.037, 6]},
			"faces": {
				"north": {"uv": [0, 0, 0.5, 0.5], "texture": "#0"},
				"east": {"uv": [0, 0, 1, 0.5], "texture": "#0"},
				"west": {"uv": [0, 0, 1, 0.5], "texture": "#0"},
				"up": {"uv": [0, 0, 1, 0.5], "texture": "#0"},
				"down": {"uv": [0, 0, 1, 0.5], "texture": "#0"}
			}
		},
		{
			"name": "hoods1_2",
			"from": [23.741, 7.035, 4],
			"to": [24.205, 7.295, 6],
			"rotation": {"angle": -22.5, "axis": "z", "origin": [23.491, 7.037, 6]},
			"faces": {
				"north": {"uv": [0, 0, 0.5, 0.5], "rotation": 180, "texture": "#0"},
				"east": {"uv": [0, 0, 1, 0.5], "rotation": 180, "texture": "#0"},
				"west": {"uv": [0, 0, 1, 0.5], "rotation": 180, "texture": "#0"},
				"up": {"uv": [0, 0, 1, 0.5], "rotation": 180, "texture": "#0"},
				"down": {"uv": [0, 0, 1, 0.5], "rotation": 180, "texture": "#0"}
			}
		},
		{
			"name": "hoods1_2",
			"from": [22.801, 7.027, 4],
			"to": [23.265, 7.287, 6],
			"rotation": {"angle": 22.5, "axis": "z", "origin": [23.491, 7.037, 6]},
			"faces": {
				"north": {"uv": [0, 0, 0.5, 0.5], "texture": "#0"},
				"east": {"uv": [0, 0, 1, 0.5], "texture": "#0"},
				"west": {"uv": [0, 0, 1, 0.5], "texture": "#0"},
				"up": {"uv": [0, 0, 1, 0.5], "texture": "#0"},
				"down": {"uv": [0, 0, 1, 0.5], "texture": "#0"}
			}
		}
	],
	"groups": [
		{
			"name": "ks",
			"origin": [-16, 6, -34],
			"color": 0,
			"children": [
				{
					"name": "lamps",
					"origin": [-4, 19, -30],
					"color": 0,
					"children": [0, 1, 2, 3]
				},
				{
					"name": "shield",
					"origin": [-14, 16, -28],
					"color": 0,
					"children": [4, 5, 6, 7, 8, 9, 10, 11, 12, 13, 14, 15, 16, 17, 18, 19, 20, 21, 22, 23, 24, 25]
				},
				{
					"name": "hood1",
					"origin": [0, 0, 0],
					"color": 0,
					"children": [26, 27, 28, 29, 30, 31, 32, 33, 34, 35, 36, 37, 38, 39, 40, 41, 42, 43]
				},
				{
					"name": "hood9",
					"origin": [0, 0, 0],
					"color": 0,
					"children": [44, 45, 46, 47, 48, 49, 50, 51, 52]
				},
				{
					"name": "hood9",
					"origin": [0, 0, 0],
					"color": 0,
					"children": [53, 54, 55, 56, 57, 58, 59, 60, 61]
				}
			]
		}
	]
}