{
	"credit": "Made with Blockbench by Mc_Jeronimo",
	"texture_size": [32, 32],
	"textures": {
		"0": "opensignals:blocks/projekt675signale/default/shield_black",
		"1": "opensignals:blocks/projekt675signale/default/shield_gray",
		"particle": "opensignals:blocks/projekt675signale/default/shield_black",
		"lamp_rednorth": "opensignals:blocks/projekt675signale/lamps/lamp_dark",
		"lamp_greennorth": "opensignals:blocks/projekt675signale/lamps/lamp_dark",
		"lamp_yellownorth": "opensignals:blocks/projekt675signale/lamps/lamp_dark",
		"lamp_white_klnorth": "opensignals:blocks/projekt675signale/lamps/lamp_dark",
		"lamp_white_sh_zs1north": "opensignals:blocks/projekt675signale/lamps/lamp_dark",
		"lamp_white_shnorth": "opensignals:blocks/projekt675signale/lamps/lamp_dark",
		"lamp_white_zs7north": "opensignals:blocks/projekt675signale/lamps/lamp_dark"
	},
	"elements": [
		{
			"name": "lamp_red",
			"from": [18.5, 17.75, 5.9],
			"to": [22.5, 21.75, 5.9],
			"rotation": {"angle": 0, "axis": "y", "origin": [7.5, 4, 0]},
			"faces": {
				"north": {"uv": [0, 0, 4.3125, 4.3125], "texture": "#lamp_rednorth"}
			}
		},
		{
			"name": "lamp_green",
			"from": [21, 12.75, 5.9],
			"to": [25, 16.75, 5.9],
			"rotation": {"angle": 0, "axis": "y", "origin": [7.5, 4, 0]},
			"faces": {
				"north": {"uv": [0, 0, 4.3125, 4.3125], "texture": "#lamp_greennorth"}
			}
		},
		{
			"name": "lamp_yellow",
			"from": [16, 12.75, 5.9],
			"to": [20, 16.75, 5.9],
			"rotation": {"angle": 0, "axis": "y", "origin": [7.5, 4, 0]},
			"faces": {
				"north": {"uv": [0, 0, 4.3125, 4.3125], "texture": "#lamp_yellownorth"}
			}
		},
		{
			"name": "lamp_white_kennlicht",
			"from": [22.5, 21.9, 5.9],
			"to": [24.5, 23.9, 5.9],
			"rotation": {"angle": 0, "axis": "y", "origin": [7.5, 3.9, 0]},
			"faces": {
				"north": {"uv": [0, 0, 4.3125, 4.3125], "texture": "#lamp_white_klnorth"}
			}
		},
		{
			"name": "lamp_white_sh_zs1",
			"from": [19.5, 9.4, 5.9],
			"to": [21.5, 11.4, 5.9],
			"rotation": {"angle": 0, "axis": "y", "origin": [7.5, 4.4, 0]},
			"faces": {
				"north": {"uv": [0, 0, 4.3125, 4.3125], "texture": "#lamp_white_sh_zs1north"}
			}
		},
		{
			"name": "lamp_white_sh",
			"from": [22.5, 5.4, 5.9],
			"to": [24.5, 7.4, 5.9],
			"rotation": {"angle": 0, "axis": "y", "origin": [7.5, 4.4, 0]},
			"faces": {
				"north": {"uv": [0, 0, 4.3125, 4.3125], "texture": "#lamp_white_shnorth"}
			}
		},
		{
			"name": "lamp_white_zs7",
			"from": [22.5, 9.4, 5.9],
			"to": [24.5, 11.4, 5.9],
			"rotation": {"angle": 0, "axis": "y", "origin": [7.5, 4.4, 0]},
			"faces": {
				"north": {"uv": [0, 0, 4.3125, 4.3125], "texture": "#lamp_white_zs7north"}
			}
		},
		{
			"name": "lamp_white_zs7",
			"from": [19.5, 5.4, 5.9],
			"to": [21.5, 7.4, 5.9],
			"rotation": {"angle": 0, "axis": "y", "origin": [7.5, 4.4, 0]},
			"faces": {
				"north": {"uv": [0, 0, 4.3125, 4.3125], "texture": "#lamp_white_zs7north"}
			}
		},
		{
			"name": "lamp_white_zs7",
			"from": [16.5, 9.4, 5.9],
			"to": [18.5, 11.4, 5.9],
			"rotation": {"angle": 0, "axis": "y", "origin": [7.5, 4.4, 0]},
			"faces": {
				"north": {"uv": [0, 0, 4.3125, 4.3125], "texture": "#lamp_white_zs7north"}
			}
		},
		{
			"name": "hoods1_3",
			"from": [20.975, 21.214, 2],
			"to": [21.675, 21.489, 6],
			"rotation": {"angle": -22.5, "axis": "z", "origin": [22.375, 21.225, 6]},
			"faces": {
				"north": {"uv": [0, 0, 0.5, 0.5], "rotation": 90, "texture": "#0"},
				"east": {"uv": [0, 0, 0.5, 1], "rotation": 270, "texture": "#0"},
				"west": {"uv": [0, 0, 0.5, 1], "rotation": 270, "texture": "#0"},
				"up": {"uv": [0, 0, 1, 0.5], "rotation": 270, "texture": "#0"},
				"down": {"uv": [0, 0, 1, 0.5], "rotation": 270, "texture": "#0"}
			}
		},
		{
			"name": "hoods1_3",
			"from": [19.619, 22.647, 2],
			"to": [20.319, 22.922, 6],
			"rotation": {"angle": 22.5, "axis": "z", "origin": [22.375, 21.225, 6]},
			"faces": {
				"north": {"uv": [0, 0, 0.5, 0.5], "rotation": 90, "texture": "#0"},
				"east": {"uv": [0, 0, 0.5, 1], "rotation": 270, "texture": "#0"},
				"west": {"uv": [0, 0, 0.5, 1], "rotation": 270, "texture": "#0"},
				"up": {"uv": [0, 0, 1, 0.5], "rotation": 270, "texture": "#0"},
				"down": {"uv": [0, 0, 1, 0.5], "rotation": 270, "texture": "#0"}
			}
		},
		{
			"name": "hoods1_3",
			"from": [22.075, 21.1, 4],
			"to": [22.35, 21.975, 6],
			"rotation": {"angle": 45, "axis": "z", "origin": [22.375, 21.225, 6]},
			"faces": {
				"north": {"uv": [0, 0, 0.5, 0.5], "texture": "#0"},
				"east": {"uv": [0, 0, 1, 0.5], "texture": "#0"},
				"west": {"uv": [0, 0, 1, 0.5], "texture": "#0"},
				"up": {"uv": [0, 0, 0.5, 1], "texture": "#0"},
				"down": {"uv": [0, 0, 0.5, 1], "texture": "#0"}
			}
		},
		{
			"name": "hoods1_3",
			"from": [19.603, 23.572, 4],
			"to": [20.478, 23.847, 6],
			"rotation": {"angle": 45, "axis": "z", "origin": [22.375, 21.225, 6]},
			"faces": {
				"north": {"uv": [0, 0, 0.5, 0.5], "rotation": 90, "texture": "#0"},
				"east": {"uv": [0, 0, 0.5, 1], "rotation": 270, "texture": "#0"},
				"west": {"uv": [0, 0, 0.5, 1], "rotation": 270, "texture": "#0"},
				"up": {"uv": [0, 0, 1, 0.5], "rotation": 270, "texture": "#0"},
				"down": {"uv": [0, 0, 1, 0.5], "rotation": 270, "texture": "#0"}
			}
		},
		{
			"name": "hoods1_3",
			"from": [22.125, 20.425, 4],
			"to": [22.4, 21.1, 6],
			"rotation": {"angle": 22.5, "axis": "z", "origin": [22.375, 21.225, 6]},
			"faces": {
				"north": {"uv": [0, 0, 0.5, 0.5], "texture": "#0"},
				"east": {"uv": [0, 0, 1, 0.5], "texture": "#0"},
				"west": {"uv": [0, 0, 1, 0.5], "texture": "#0"},
				"up": {"uv": [0, 0, 0.5, 1], "texture": "#0"},
				"down": {"uv": [0, 0, 0.5, 1], "texture": "#0"}
			}
		},
		{
			"name": "hoods1_3",
			"from": [18.892, 18.992, 4],
			"to": [19.167, 19.667, 6],
			"rotation": {"angle": -22.5, "axis": "z", "origin": [22.375, 21.225, 6]},
			"faces": {
				"north": {"uv": [0, 0, 0.5, 0.5], "texture": "#0"},
				"east": {"uv": [0, 0, 1, 0.5], "texture": "#0"},
				"west": {"uv": [0, 0, 1, 0.5], "texture": "#0"},
				"up": {"uv": [0, 0, 0.5, 1], "texture": "#0"},
				"down": {"uv": [0, 0, 0.5, 1], "texture": "#0"}
			}
		},
		{
			"name": "hoods1_1",
			"from": [22.45, 19.675, 5],
			"to": [22.7, 20.5, 6],
			"rotation": {"angle": 0, "axis": "y", "origin": [12.5, 4, 0]},
			"faces": {
				"north": {"uv": [0, 0, 0.5, 1], "texture": "#0"},
				"east": {"uv": [0, 0, 0.5, 1], "texture": "#0"},
				"west": {"uv": [0, 0, 0.5, 1], "texture": "#0"},
				"up": {"uv": [0, 0, 0.5, 0.5], "texture": "#0"},
				"down": {"uv": [0, 0, 0.5, 0.5], "texture": "#0"}
			}
		},
		{
			"name": "hoods1_1",
			"from": [18.3, 19.675, 5],
			"to": [18.55, 20.5, 6],
			"rotation": {"angle": 0, "axis": "y", "origin": [12.5, 4, 0]},
			"faces": {
				"north": {"uv": [0, 0, 0.5, 1], "texture": "#0"},
				"east": {"uv": [0, 0, 0.5, 1], "texture": "#0"},
				"west": {"uv": [0, 0, 0.5, 1], "texture": "#0"},
				"up": {"uv": [0, 0, 0.5, 0.5], "texture": "#0"},
				"down": {"uv": [0, 0, 0.5, 0.5], "texture": "#0"}
			}
		},
		{
			"name": "hoods1_2",
			"from": [19.825, 21.745, 2],
			"to": [21.185, 22.005, 6],
			"rotation": {"angle": 0, "axis": "y", "origin": [12.5, 4, 0]},
			"faces": {
				"north": {"uv": [0, 0, 0.5, 0.5], "texture": "#0"},
				"east": {"uv": [0, 0, 1, 0.5], "texture": "#0"},
				"west": {"uv": [0, 0, 1, 0.5], "texture": "#0"},
				"up": {"uv": [0, 0, 1, 0.5], "texture": "#0"},
				"down": {"uv": [0, 0, 1, 0.5], "texture": "#0"}
			}
		},
		{
			"name": "hoods1_3",
			"from": [18.475, 16.214, 2],
			"to": [19.175, 16.489, 6],
			"rotation": {"angle": -22.5, "axis": "z", "origin": [19.875, 16.225, 6]},
			"faces": {
				"north": {"uv": [0, 0, 0.5, 0.5], "rotation": 90, "texture": "#0"},
				"east": {"uv": [0, 0, 0.5, 1], "rotation": 270, "texture": "#0"},
				"west": {"uv": [0, 0, 0.5, 1], "rotation": 270, "texture": "#0"},
				"up": {"uv": [0, 0, 1, 0.5], "rotation": 270, "texture": "#0"},
				"down": {"uv": [0, 0, 1, 0.5], "rotation": 270, "texture": "#0"}
			}
		},
		{
			"name": "hoods1_3",
			"from": [17.119, 17.647, 2],
			"to": [17.819, 17.922, 6],
			"rotation": {"angle": 22.5, "axis": "z", "origin": [19.875, 16.225, 6]},
			"faces": {
				"north": {"uv": [0, 0, 0.5, 0.5], "rotation": 90, "texture": "#0"},
				"east": {"uv": [0, 0, 0.5, 1], "rotation": 270, "texture": "#0"},
				"west": {"uv": [0, 0, 0.5, 1], "rotation": 270, "texture": "#0"},
				"up": {"uv": [0, 0, 1, 0.5], "rotation": 270, "texture": "#0"},
				"down": {"uv": [0, 0, 1, 0.5], "rotation": 270, "texture": "#0"}
			}
		},
		{
			"name": "hoods1_3",
			"from": [19.575, 16.1, 4],
			"to": [19.85, 16.975, 6],
			"rotation": {"angle": 45, "axis": "z", "origin": [19.875, 16.225, 6]},
			"faces": {
				"north": {"uv": [0, 0, 0.5, 0.5], "texture": "#0"},
				"east": {"uv": [0, 0, 1, 0.5], "texture": "#0"},
				"west": {"uv": [0, 0, 1, 0.5], "texture": "#0"},
				"up": {"uv": [0, 0, 0.5, 1], "texture": "#0"},
				"down": {"uv": [0, 0, 0.5, 1], "texture": "#0"}
			}
		},
		{
			"name": "hoods1_3",
			"from": [17.103, 18.572, 4],
			"to": [17.978, 18.847, 6],
			"rotation": {"angle": 45, "axis": "z", "origin": [19.875, 16.225, 6]},
			"faces": {
				"north": {"uv": [0, 0, 0.5, 0.5], "rotation": 90, "texture": "#0"},
				"east": {"uv": [0, 0, 0.5, 1], "rotation": 270, "texture": "#0"},
				"west": {"uv": [0, 0, 0.5, 1], "rotation": 270, "texture": "#0"},
				"up": {"uv": [0, 0, 1, 0.5], "rotation": 270, "texture": "#0"},
				"down": {"uv": [0, 0, 1, 0.5], "rotation": 270, "texture": "#0"}
			}
		},
		{
			"name": "hoods1_3",
			"from": [19.625, 15.425, 4],
			"to": [19.9, 16.1, 6],
			"rotation": {"angle": 22.5, "axis": "z", "origin": [19.875, 16.225, 6]},
			"faces": {
				"north": {"uv": [0, 0, 0.5, 0.5], "texture": "#0"},
				"east": {"uv": [0, 0, 1, 0.5], "texture": "#0"},
				"west": {"uv": [0, 0, 1, 0.5], "texture": "#0"},
				"up": {"uv": [0, 0, 0.5, 1], "texture": "#0"},
				"down": {"uv": [0, 0, 0.5, 1], "texture": "#0"}
			}
		},
		{
			"name": "hoods1_3",
			"from": [16.392, 13.992, 4],
			"to": [16.667, 14.667, 6],
			"rotation": {"angle": -22.5, "axis": "z", "origin": [19.875, 16.225, 6]},
			"faces": {
				"north": {"uv": [0, 0, 0.5, 0.5], "texture": "#0"},
				"east": {"uv": [0, 0, 1, 0.5], "texture": "#0"},
				"west": {"uv": [0, 0, 1, 0.5], "texture": "#0"},
				"up": {"uv": [0, 0, 0.5, 1], "texture": "#0"},
				"down": {"uv": [0, 0, 0.5, 1], "texture": "#0"}
			}
		},
		{
			"name": "hoods1_1",
			"from": [19.95, 14.675, 5],
			"to": [20.2, 15.5, 6],
			"rotation": {"angle": 0, "axis": "y", "origin": [10, -1, 0]},
			"faces": {
				"north": {"uv": [0, 0, 0.5, 1], "texture": "#0"},
				"east": {"uv": [0, 0, 0.5, 1], "texture": "#0"},
				"west": {"uv": [0, 0, 0.5, 1], "texture": "#0"},
				"up": {"uv": [0, 0, 0.5, 0.5], "texture": "#0"},
				"down": {"uv": [0, 0, 0.5, 0.5], "texture": "#0"}
			}
		},
		{
			"name": "hoods1_1",
			"from": [15.8, 14.675, 5],
			"to": [16.05, 15.5, 6],
			"rotation": {"angle": 0, "axis": "y", "origin": [10, -1, 0]},
			"faces": {
				"north": {"uv": [0, 0, 0.5, 1], "texture": "#0"},
				"east": {"uv": [0, 0, 0.5, 1], "texture": "#0"},
				"west": {"uv": [0, 0, 0.5, 1], "texture": "#0"},
				"up": {"uv": [0, 0, 0.5, 0.5], "texture": "#0"},
				"down": {"uv": [0, 0, 0.5, 0.5], "texture": "#0"}
			}
		},
		{
			"name": "hoods1_2",
			"from": [17.325, 16.745, 2],
			"to": [18.685, 17.005, 6],
			"rotation": {"angle": 0, "axis": "y", "origin": [10, -1, 0]},
			"faces": {
				"north": {"uv": [0, 0, 0.5, 0.5], "texture": "#0"},
				"east": {"uv": [0, 0, 1, 0.5], "texture": "#0"},
				"west": {"uv": [0, 0, 1, 0.5], "texture": "#0"},
				"up": {"uv": [0, 0, 1, 0.5], "texture": "#0"},
				"down": {"uv": [0, 0, 1, 0.5], "texture": "#0"}
			}
		},
		{
			"name": "hoods1_3",
			"from": [23.475, 16.214, 2],
			"to": [24.175, 16.489, 6],
			"rotation": {"angle": -22.5, "axis": "z", "origin": [24.875, 16.225, 6]},
			"faces": {
				"north": {"uv": [0, 0, 0.5, 0.5], "rotation": 90, "texture": "#0"},
				"east": {"uv": [0, 0, 0.5, 1], "rotation": 270, "texture": "#0"},
				"west": {"uv": [0, 0, 0.5, 1], "rotation": 270, "texture": "#0"},
				"up": {"uv": [0, 0, 1, 0.5], "rotation": 270, "texture": "#0"},
				"down": {"uv": [0, 0, 1, 0.5], "rotation": 270, "texture": "#0"}
			}
		},
		{
			"name": "hoods1_3",
			"from": [22.119, 17.647, 2],
			"to": [22.819, 17.922, 6],
			"rotation": {"angle": 22.5, "axis": "z", "origin": [24.875, 16.225, 6]},
			"faces": {
				"north": {"uv": [0, 0, 0.5, 0.5], "rotation": 90, "texture": "#0"},
				"east": {"uv": [0, 0, 0.5, 1], "rotation": 270, "texture": "#0"},
				"west": {"uv": [0, 0, 0.5, 1], "rotation": 270, "texture": "#0"},
				"up": {"uv": [0, 0, 1, 0.5], "rotation": 270, "texture": "#0"},
				"down": {"uv": [0, 0, 1, 0.5], "rotation": 270, "texture": "#0"}
			}
		},
		{
			"name": "hoods1_3",
			"from": [24.575, 16.1, 4],
			"to": [24.85, 16.975, 6],
			"rotation": {"angle": 45, "axis": "z", "origin": [24.875, 16.225, 6]},
			"faces": {
				"north": {"uv": [0, 0, 0.5, 0.5], "texture": "#0"},
				"east": {"uv": [0, 0, 1, 0.5], "texture": "#0"},
				"west": {"uv": [0, 0, 1, 0.5], "texture": "#0"},
				"up": {"uv": [0, 0, 0.5, 1], "texture": "#0"},
				"down": {"uv": [0, 0, 0.5, 1], "texture": "#0"}
			}
		},
		{
			"name": "hoods1_3",
			"from": [22.103, 18.572, 4],
			"to": [22.978, 18.847, 6],
			"rotation": {"angle": 45, "axis": "z", "origin": [24.875, 16.225, 6]},
			"faces": {
				"north": {"uv": [0, 0, 0.5, 0.5], "rotation": 90, "texture": "#0"},
				"east": {"uv": [0, 0, 0.5, 1], "rotation": 270, "texture": "#0"},
				"west": {"uv": [0, 0, 0.5, 1], "rotation": 270, "texture": "#0"},
				"up": {"uv": [0, 0, 1, 0.5], "rotation": 270, "texture": "#0"},
				"down": {"uv": [0, 0, 1, 0.5], "rotation": 270, "texture": "#0"}
			}
		},
		{
			"name": "hoods1_3",
			"from": [24.625, 15.425, 4],
			"to": [24.9, 16.1, 6],
			"rotation": {"angle": 22.5, "axis": "z", "origin": [24.875, 16.225, 6]},
			"faces": {
				"north": {"uv": [0, 0, 0.5, 0.5], "texture": "#0"},
				"east": {"uv": [0, 0, 1, 0.5], "texture": "#0"},
				"west": {"uv": [0, 0, 1, 0.5], "texture": "#0"},
				"up": {"uv": [0, 0, 0.5, 1], "texture": "#0"},
				"down": {"uv": [0, 0, 0.5, 1], "texture": "#0"}
			}
		},
		{
			"name": "hoods1_3",
			"from": [21.392, 13.992, 4],
			"to": [21.667, 14.667, 6],
			"rotation": {"angle": -22.5, "axis": "z", "origin": [24.875, 16.225, 6]},
			"faces": {
				"north": {"uv": [0, 0, 0.5, 0.5], "texture": "#0"},
				"east": {"uv": [0, 0, 1, 0.5], "texture": "#0"},
				"west": {"uv": [0, 0, 1, 0.5], "texture": "#0"},
				"up": {"uv": [0, 0, 0.5, 1], "texture": "#0"},
				"down": {"uv": [0, 0, 0.5, 1], "texture": "#0"}
			}
		},
		{
			"name": "hoods1_1",
			"from": [24.95, 14.675, 5],
			"to": [25.2, 15.5, 6],
			"rotation": {"angle": 0, "axis": "y", "origin": [15, -1, 0]},
			"faces": {
				"north": {"uv": [0, 0, 0.5, 1], "texture": "#0"},
				"east": {"uv": [0, 0, 0.5, 1], "texture": "#0"},
				"west": {"uv": [0, 0, 0.5, 1], "texture": "#0"},
				"up": {"uv": [0, 0, 0.5, 0.5], "texture": "#0"},
				"down": {"uv": [0, 0, 0.5, 0.5], "texture": "#0"}
			}
		},
		{
			"name": "hoods1_1",
			"from": [20.8, 14.675, 5],
			"to": [21.05, 15.5, 6],
			"rotation": {"angle": 0, "axis": "y", "origin": [15, -1, 0]},
			"faces": {
				"north": {"uv": [0, 0, 0.5, 1], "texture": "#0"},
				"east": {"uv": [0, 0, 0.5, 1], "texture": "#0"},
				"west": {"uv": [0, 0, 0.5, 1], "texture": "#0"},
				"up": {"uv": [0, 0, 0.5, 0.5], "texture": "#0"},
				"down": {"uv": [0, 0, 0.5, 0.5], "texture": "#0"}
			}
		},
		{
			"name": "hoods1_2",
			"from": [22.325, 16.745, 2],
			"to": [23.685, 17.005, 6],
			"rotation": {"angle": 0, "axis": "y", "origin": [15, -1, 0]},
			"faces": {
				"north": {"uv": [0, 0, 0.5, 0.5], "texture": "#0"},
				"east": {"uv": [0, 0, 1, 0.5], "texture": "#0"},
				"west": {"uv": [0, 0, 1, 0.5], "texture": "#0"},
				"up": {"uv": [0, 0, 1, 0.5], "texture": "#0"},
				"down": {"uv": [0, 0, 1, 0.5], "texture": "#0"}
			}
		},
		{
			"name": "hoods1_2",
			"from": [20.183, 11.424, 4],
			"to": [20.819, 11.684, 6],
			"rotation": {"angle": 0, "axis": "z", "origin": [20.475, 11.625, 6]},
			"faces": {
				"north": {"uv": [0, 0, 0.5, 0.5], "rotation": 180, "texture": "#0"},
				"east": {"uv": [0, 0, 1, 0.5], "rotation": 180, "texture": "#0"},
				"west": {"uv": [0, 0, 1, 0.5], "rotation": 180, "texture": "#0"},
				"up": {"uv": [0, 0, 1, 0.5], "rotation": 180, "texture": "#0"},
				"down": {"uv": [0, 0, 1, 0.5], "rotation": 180, "texture": "#0"}
			}
		},
		{
			"name": "hoods1_2",
			"from": [19.801, 11.527, 4],
			"to": [20.265, 11.787, 6],
			"rotation": {"angle": 22.5, "axis": "z", "origin": [20.491, 11.537, 6]},
			"faces": {
				"north": {"uv": [0, 0, 0.5, 0.5], "texture": "#0"},
				"east": {"uv": [0, 0, 1, 0.5], "texture": "#0"},
				"west": {"uv": [0, 0, 1, 0.5], "texture": "#0"},
				"up": {"uv": [0, 0, 1, 0.5], "texture": "#0"},
				"down": {"uv": [0, 0, 1, 0.5], "texture": "#0"}
			}
		},
		{
			"name": "hoods1_2",
			"from": [20.741, 11.535, 4],
			"to": [21.205, 11.795, 6],
			"rotation": {"angle": -22.5, "axis": "z", "origin": [20.491, 11.537, 6]},
			"faces": {
				"north": {"uv": [0, 0, 0.5, 0.5], "rotation": 180, "texture": "#0"},
				"east": {"uv": [0, 0, 1, 0.5], "rotation": 180, "texture": "#0"},
				"west": {"uv": [0, 0, 1, 0.5], "rotation": 180, "texture": "#0"},
				"up": {"uv": [0, 0, 1, 0.5], "rotation": 180, "texture": "#0"},
				"down": {"uv": [0, 0, 1, 0.5], "rotation": 180, "texture": "#0"}
			}
		},
		{
			"name": "hoods1_2",
			"from": [19.591, 11.772, 5],
			"to": [19.951, 12.032, 6],
			"rotation": {"angle": 45, "axis": "z", "origin": [20.491, 11.537, 6]},
			"faces": {
				"north": {"uv": [0, 0, 0.5, 0.5], "texture": "#0"},
				"east": {"uv": [0, 0, 1, 0.5], "texture": "#0"},
				"west": {"uv": [0, 0, 1, 0.5], "texture": "#0"},
				"up": {"uv": [0, 0, 1, 0.5], "texture": "#0"},
				"down": {"uv": [0, 0, 1, 0.5], "texture": "#0"}
			}
		},
		{
			"name": "hoods1_2",
			"from": [20.732, 10.613, 5],
			"to": [20.992, 10.973, 6],
			"rotation": {"angle": 45, "axis": "z", "origin": [20.491, 11.537, 6]},
			"faces": {
				"north": {"uv": [0, 0, 0.5, 0.5], "rotation": 90, "texture": "#0"},
				"east": {"uv": [0, 0, 1, 0.5], "rotation": 270, "texture": "#0"},
				"west": {"uv": [0, 0, 1, 0.5], "rotation": 270, "texture": "#0"},
				"up": {"uv": [0, 0, 1, 0.5], "rotation": 270, "texture": "#0"},
				"down": {"uv": [0, 0, 1, 0.5], "rotation": 270, "texture": "#0"}
			}
		},
		{
			"name": "hoods1_2",
			"from": [19.593, 10.296, 5],
			"to": [19.853, 10.904, 6],
			"rotation": {"angle": -22.5, "axis": "z", "origin": [20.395, 11.297, 6]},
			"faces": {
				"north": {"uv": [0, 0, 0.5, 0.5], "rotation": 90, "texture": "#0"},
				"east": {"uv": [0, 0, 1, 0.5], "rotation": 270, "texture": "#0"},
				"west": {"uv": [0, 0, 1, 0.5], "rotation": 270, "texture": "#0"},
				"up": {"uv": [0, 0, 1, 0.5], "rotation": 270, "texture": "#0"},
				"down": {"uv": [0, 0, 1, 0.5], "rotation": 270, "texture": "#0"}
			}
		},
		{
			"name": "hoods1_2",
			"from": [21.133, 10.216, 5],
			"to": [21.393, 10.824, 6],
			"rotation": {"angle": 22.5, "axis": "z", "origin": [20.395, 11.297, 6]},
			"faces": {
				"north": {"uv": [0, 0, 0.5, 0.5], "rotation": 90, "texture": "#0"},
				"east": {"uv": [0, 0, 1, 0.5], "rotation": 270, "texture": "#0"},
				"west": {"uv": [0, 0, 1, 0.5], "rotation": 270, "texture": "#0"},
				"up": {"uv": [0, 0, 1, 0.5], "rotation": 270, "texture": "#0"},
				"down": {"uv": [0, 0, 1, 0.5], "rotation": 270, "texture": "#0"}
			}
		},
		{
			"name": "hoods1_2",
			"from": [19.271, 10.224, 5],
			"to": [19.531, 10.68, 6],
			"rotation": {"angle": 0, "axis": "z", "origin": [20.395, 11.297, 6]},
			"faces": {
				"north": {"uv": [0, 0, 0.5, 0.5], "rotation": 90, "texture": "#0"},
				"east": {"uv": [0, 0, 1, 0.5], "rotation": 270, "texture": "#0"},
				"west": {"uv": [0, 0, 1, 0.5], "rotation": 270, "texture": "#0"},
				"up": {"uv": [0, 0, 1, 0.5], "rotation": 270, "texture": "#0"},
				"down": {"uv": [0, 0, 1, 0.5], "rotation": 270, "texture": "#0"}
			}
		},
		{
			"name": "hoods1_2",
			"from": [21.471, 10.224, 5],
			"to": [21.731, 10.68, 6],
			"rotation": {"angle": 0, "axis": "y", "origin": [20.395, 11.297, 6]},
			"faces": {
				"north": {"uv": [0, 0, 0.5, 0.5], "rotation": 90, "texture": "#0"},
				"east": {"uv": [0, 0, 1, 0.5], "rotation": 270, "texture": "#0"},
				"west": {"uv": [0, 0, 1, 0.5], "rotation": 270, "texture": "#0"},
				"up": {"uv": [0, 0, 1, 0.5], "rotation": 270, "texture": "#0"},
				"down": {"uv": [0, 0, 1, 0.5], "rotation": 270, "texture": "#0"}
			}
		},
		{
			"name": "hoods1_2",
			"from": [17.183, 11.424, 4],
			"to": [17.819, 11.684, 6],
			"rotation": {"angle": 0, "axis": "y", "origin": [17.475, 11.625, 6]},
			"faces": {
				"north": {"uv": [0, 0, 0.5, 0.5], "rotation": 180, "texture": "#0"},
				"east": {"uv": [0, 0, 1, 0.5], "rotation": 180, "texture": "#0"},
				"west": {"uv": [0, 0, 1, 0.5], "rotation": 180, "texture": "#0"},
				"up": {"uv": [0, 0, 1, 0.5], "rotation": 180, "texture": "#0"},
				"down": {"uv": [0, 0, 1, 0.5], "rotation": 180, "texture": "#0"}
			}
		},
		{
			"name": "hoods1_2",
			"from": [16.801, 11.527, 4],
			"to": [17.265, 11.787, 6],
			"rotation": {"angle": 22.5, "axis": "z", "origin": [17.491, 11.537, 6]},
			"faces": {
				"north": {"uv": [0, 0, 0.5, 0.5], "texture": "#0"},
				"east": {"uv": [0, 0, 1, 0.5], "texture": "#0"},
				"west": {"uv": [0, 0, 1, 0.5], "texture": "#0"},
				"up": {"uv": [0, 0, 1, 0.5], "texture": "#0"},
				"down": {"uv": [0, 0, 1, 0.5], "texture": "#0"}
			}
		},
		{
			"name": "hoods1_2",
			"from": [17.741, 11.535, 4],
			"to": [18.205, 11.795, 6],
			"rotation": {"angle": -22.5, "axis": "z", "origin": [17.491, 11.537, 6]},
			"faces": {
				"north": {"uv": [0, 0, 0.5, 0.5], "rotation": 180, "texture": "#0"},
				"east": {"uv": [0, 0, 1, 0.5], "rotation": 180, "texture": "#0"},
				"west": {"uv": [0, 0, 1, 0.5], "rotation": 180, "texture": "#0"},
				"up": {"uv": [0, 0, 1, 0.5], "rotation": 180, "texture": "#0"},
				"down": {"uv": [0, 0, 1, 0.5], "rotation": 180, "texture": "#0"}
			}
		},
		{
			"name": "hoods1_2",
			"from": [16.591, 11.772, 5],
			"to": [16.951, 12.032, 6],
			"rotation": {"angle": 45, "axis": "z", "origin": [17.491, 11.537, 6]},
			"faces": {
				"north": {"uv": [0, 0, 0.5, 0.5], "texture": "#0"},
				"east": {"uv": [0, 0, 1, 0.5], "texture": "#0"},
				"west": {"uv": [0, 0, 1, 0.5], "texture": "#0"},
				"up": {"uv": [0, 0, 1, 0.5], "texture": "#0"},
				"down": {"uv": [0, 0, 1, 0.5], "texture": "#0"}
			}
		},
		{
			"name": "hoods1_2",
			"from": [17.732, 10.613, 5],
			"to": [17.992, 10.973, 6],
			"rotation": {"angle": 45, "axis": "z", "origin": [17.491, 11.537, 6]},
			"faces": {
				"north": {"uv": [0, 0, 0.5, 0.5], "rotation": 90, "texture": "#0"},
				"east": {"uv": [0, 0, 1, 0.5], "rotation": 270, "texture": "#0"},
				"west": {"uv": [0, 0, 1, 0.5], "rotation": 270, "texture": "#0"},
				"up": {"uv": [0, 0, 1, 0.5], "rotation": 270, "texture": "#0"},
				"down": {"uv": [0, 0, 1, 0.5], "rotation": 270, "texture": "#0"}
			}
		},
		{
			"name": "hoods1_2",
			"from": [16.593, 10.296, 5],
			"to": [16.853, 10.904, 6],
			"rotation": {"angle": -22.5, "axis": "z", "origin": [17.395, 11.297, 6]},
			"faces": {
				"north": {"uv": [0, 0, 0.5, 0.5], "rotation": 90, "texture": "#0"},
				"east": {"uv": [0, 0, 1, 0.5], "rotation": 270, "texture": "#0"},
				"west": {"uv": [0, 0, 1, 0.5], "rotation": 270, "texture": "#0"},
				"up": {"uv": [0, 0, 1, 0.5], "rotation": 270, "texture": "#0"},
				"down": {"uv": [0, 0, 1, 0.5], "rotation": 270, "texture": "#0"}
			}
		},
		{
			"name": "hoods1_2",
			"from": [18.133, 10.216, 5],
			"to": [18.393, 10.824, 6],
			"rotation": {"angle": 22.5, "axis": "z", "origin": [17.395, 11.297, 6]},
			"faces": {
				"north": {"uv": [0, 0, 0.5, 0.5], "rotation": 90, "texture": "#0"},
				"east": {"uv": [0, 0, 1, 0.5], "rotation": 270, "texture": "#0"},
				"west": {"uv": [0, 0, 1, 0.5], "rotation": 270, "texture": "#0"},
				"up": {"uv": [0, 0, 1, 0.5], "rotation": 270, "texture": "#0"},
				"down": {"uv": [0, 0, 1, 0.5], "rotation": 270, "texture": "#0"}
			}
		},
		{
			"name": "hoods1_2",
			"from": [16.271, 10.224, 5],
			"to": [16.531, 10.68, 6],
			"rotation": {"angle": 0, "axis": "y", "origin": [17.395, 11.297, 6]},
			"faces": {
				"north": {"uv": [0, 0, 0.5, 0.5], "rotation": 90, "texture": "#0"},
				"east": {"uv": [0, 0, 1, 0.5], "rotation": 270, "texture": "#0"},
				"west": {"uv": [0, 0, 1, 0.5], "rotation": 270, "texture": "#0"},
				"up": {"uv": [0, 0, 1, 0.5], "rotation": 270, "texture": "#0"},
				"down": {"uv": [0, 0, 1, 0.5], "rotation": 270, "texture": "#0"}
			}
		},
		{
			"name": "hoods1_2",
			"from": [18.471, 10.224, 5],
			"to": [18.731, 10.68, 6],
			"rotation": {"angle": 0, "axis": "y", "origin": [17.395, 11.297, 6]},
			"faces": {
				"north": {"uv": [0, 0, 0.5, 0.5], "rotation": 90, "texture": "#0"},
				"east": {"uv": [0, 0, 1, 0.5], "rotation": 270, "texture": "#0"},
				"west": {"uv": [0, 0, 1, 0.5], "rotation": 270, "texture": "#0"},
				"up": {"uv": [0, 0, 1, 0.5], "rotation": 270, "texture": "#0"},
				"down": {"uv": [0, 0, 1, 0.5], "rotation": 270, "texture": "#0"}
			}
		},
		{
			"name": "hoods1_2",
			"from": [23.183, 11.424, 4],
			"to": [23.819, 11.684, 6],
			"rotation": {"angle": 0, "axis": "y", "origin": [23.475, 11.625, 6]},
			"faces": {
				"north": {"uv": [0, 0, 0.5, 0.5], "rotation": 180, "texture": "#0"},
				"east": {"uv": [0, 0, 1, 0.5], "rotation": 180, "texture": "#0"},
				"west": {"uv": [0, 0, 1, 0.5], "rotation": 180, "texture": "#0"},
				"up": {"uv": [0, 0, 1, 0.5], "rotation": 180, "texture": "#0"},
				"down": {"uv": [0, 0, 1, 0.5], "rotation": 180, "texture": "#0"}
			}
		},
		{
			"name": "hoods1_2",
			"from": [22.801, 11.527, 4],
			"to": [23.265, 11.787, 6],
			"rotation": {"angle": 22.5, "axis": "z", "origin": [23.491, 11.537, 6]},
			"faces": {
				"north": {"uv": [0, 0, 0.5, 0.5], "texture": "#0"},
				"east": {"uv": [0, 0, 1, 0.5], "texture": "#0"},
				"west": {"uv": [0, 0, 1, 0.5], "texture": "#0"},
				"up": {"uv": [0, 0, 1, 0.5], "texture": "#0"},
				"down": {"uv": [0, 0, 1, 0.5], "texture": "#0"}
			}
		},
		{
			"name": "hoods1_2",
			"from": [23.741, 11.535, 4],
			"to": [24.205, 11.795, 6],
			"rotation": {"angle": -22.5, "axis": "z", "origin": [23.491, 11.537, 6]},
			"faces": {
				"north": {"uv": [0, 0, 0.5, 0.5], "rotation": 180, "texture": "#0"},
				"east": {"uv": [0, 0, 1, 0.5], "rotation": 180, "texture": "#0"},
				"west": {"uv": [0, 0, 1, 0.5], "rotation": 180, "texture": "#0"},
				"up": {"uv": [0, 0, 1, 0.5], "rotation": 180, "texture": "#0"},
				"down": {"uv": [0, 0, 1, 0.5], "rotation": 180, "texture": "#0"}
			}
		},
		{
			"name": "hoods1_2",
			"from": [22.591, 11.772, 5],
			"to": [22.951, 12.032, 6],
			"rotation": {"angle": 45, "axis": "z", "origin": [23.491, 11.537, 6]},
			"faces": {
				"north": {"uv": [0, 0, 0.5, 0.5], "texture": "#0"},
				"east": {"uv": [0, 0, 1, 0.5], "texture": "#0"},
				"west": {"uv": [0, 0, 1, 0.5], "texture": "#0"},
				"up": {"uv": [0, 0, 1, 0.5], "texture": "#0"},
				"down": {"uv": [0, 0, 1, 0.5], "texture": "#0"}
			}
		},
		{
			"name": "hoods1_2",
			"from": [23.732, 10.613, 5],
			"to": [23.992, 10.973, 6],
			"rotation": {"angle": 45, "axis": "z", "origin": [23.491, 11.537, 6]},
			"faces": {
				"north": {"uv": [0, 0, 0.5, 0.5], "rotation": 90, "texture": "#0"},
				"east": {"uv": [0, 0, 1, 0.5], "rotation": 270, "texture": "#0"},
				"west": {"uv": [0, 0, 1, 0.5], "rotation": 270, "texture": "#0"},
				"up": {"uv": [0, 0, 1, 0.5], "rotation": 270, "texture": "#0"},
				"down": {"uv": [0, 0, 1, 0.5], "rotation": 270, "texture": "#0"}
			}
		},
		{
			"name": "hoods1_2",
			"from": [22.593, 10.296, 5],
			"to": [22.853, 10.904, 6],
			"rotation": {"angle": -22.5, "axis": "z", "origin": [23.395, 11.297, 6]},
			"faces": {
				"north": {"uv": [0, 0, 0.5, 0.5], "rotation": 90, "texture": "#0"},
				"east": {"uv": [0, 0, 1, 0.5], "rotation": 270, "texture": "#0"},
				"west": {"uv": [0, 0, 1, 0.5], "rotation": 270, "texture": "#0"},
				"up": {"uv": [0, 0, 1, 0.5], "rotation": 270, "texture": "#0"},
				"down": {"uv": [0, 0, 1, 0.5], "rotation": 270, "texture": "#0"}
			}
		},
		{
			"name": "hoods1_2",
			"from": [24.133, 10.216, 5],
			"to": [24.393, 10.824, 6],
			"rotation": {"angle": 22.5, "axis": "z", "origin": [23.395, 11.297, 6]},
			"faces": {
				"north": {"uv": [0, 0, 0.5, 0.5], "rotation": 90, "texture": "#0"},
				"east": {"uv": [0, 0, 1, 0.5], "rotation": 270, "texture": "#0"},
				"west": {"uv": [0, 0, 1, 0.5], "rotation": 270, "texture": "#0"},
				"up": {"uv": [0, 0, 1, 0.5], "rotation": 270, "texture": "#0"},
				"down": {"uv": [0, 0, 1, 0.5], "rotation": 270, "texture": "#0"}
			}
		},
		{
			"name": "hoods1_2",
			"from": [22.271, 10.224, 5],
			"to": [22.531, 10.68, 6],
			"rotation": {"angle": 0, "axis": "y", "origin": [23.395, 11.297, 6]},
			"faces": {
				"north": {"uv": [0, 0, 0.5, 0.5], "rotation": 90, "texture": "#0"},
				"east": {"uv": [0, 0, 1, 0.5], "rotation": 270, "texture": "#0"},
				"west": {"uv": [0, 0, 1, 0.5], "rotation": 270, "texture": "#0"},
				"up": {"uv": [0, 0, 1, 0.5], "rotation": 270, "texture": "#0"},
				"down": {"uv": [0, 0, 1, 0.5], "rotation": 270, "texture": "#0"}
			}
		},
		{
			"name": "hoods1_2",
			"from": [24.471, 10.224, 5],
			"to": [24.731, 10.68, 6],
			"rotation": {"angle": 0, "axis": "y", "origin": [23.395, 11.297, 6]},
			"faces": {
				"north": {"uv": [0, 0, 0.5, 0.5], "rotation": 90, "texture": "#0"},
				"east": {"uv": [0, 0, 1, 0.5], "rotation": 270, "texture": "#0"},
				"west": {"uv": [0, 0, 1, 0.5], "rotation": 270, "texture": "#0"},
				"up": {"uv": [0, 0, 1, 0.5], "rotation": 270, "texture": "#0"},
				"down": {"uv": [0, 0, 1, 0.5], "rotation": 270, "texture": "#0"}
			}
		},
		{
			"name": "hoods1_2",
			"from": [23.183, 7.424, 4],
			"to": [23.819, 7.684, 6],
			"rotation": {"angle": 0, "axis": "y", "origin": [23.475, 7.625, 6]},
			"faces": {
				"north": {"uv": [0, 0, 0.5, 0.5], "rotation": 180, "texture": "#0"},
				"east": {"uv": [0, 0, 1, 0.5], "rotation": 180, "texture": "#0"},
				"west": {"uv": [0, 0, 1, 0.5], "rotation": 180, "texture": "#0"},
				"up": {"uv": [0, 0, 1, 0.5], "rotation": 180, "texture": "#0"},
				"down": {"uv": [0, 0, 1, 0.5], "rotation": 180, "texture": "#0"}
			}
		},
		{
			"name": "hoods1_2",
			"from": [22.801, 7.527, 4],
			"to": [23.265, 7.787, 6],
			"rotation": {"angle": 22.5, "axis": "z", "origin": [23.491, 7.537, 6]},
			"faces": {
				"north": {"uv": [0, 0, 0.5, 0.5], "texture": "#0"},
				"east": {"uv": [0, 0, 1, 0.5], "texture": "#0"},
				"west": {"uv": [0, 0, 1, 0.5], "texture": "#0"},
				"up": {"uv": [0, 0, 1, 0.5], "texture": "#0"},
				"down": {"uv": [0, 0, 1, 0.5], "texture": "#0"}
			}
		},
		{
			"name": "hoods1_2",
			"from": [23.741, 7.535, 4],
			"to": [24.205, 7.795, 6],
			"rotation": {"angle": -22.5, "axis": "z", "origin": [23.491, 7.537, 6]},
			"faces": {
				"north": {"uv": [0, 0, 0.5, 0.5], "rotation": 180, "texture": "#0"},
				"east": {"uv": [0, 0, 1, 0.5], "rotation": 180, "texture": "#0"},
				"west": {"uv": [0, 0, 1, 0.5], "rotation": 180, "texture": "#0"},
				"up": {"uv": [0, 0, 1, 0.5], "rotation": 180, "texture": "#0"},
				"down": {"uv": [0, 0, 1, 0.5], "rotation": 180, "texture": "#0"}
			}
		},
		{
			"name": "hoods1_2",
			"from": [22.591, 7.772, 5],
			"to": [22.951, 8.032, 6],
			"rotation": {"angle": 45, "axis": "z", "origin": [23.491, 7.537, 6]},
			"faces": {
				"north": {"uv": [0, 0, 0.5, 0.5], "texture": "#0"},
				"east": {"uv": [0, 0, 1, 0.5], "texture": "#0"},
				"west": {"uv": [0, 0, 1, 0.5], "texture": "#0"},
				"up": {"uv": [0, 0, 1, 0.5], "texture": "#0"},
				"down": {"uv": [0, 0, 1, 0.5], "texture": "#0"}
			}
		},
		{
			"name": "hoods1_2",
			"from": [23.732, 6.613, 5],
			"to": [23.992, 6.973, 6],
			"rotation": {"angle": 45, "axis": "z", "origin": [23.491, 7.537, 6]},
			"faces": {
				"north": {"uv": [0, 0, 0.5, 0.5], "rotation": 90, "texture": "#0"},
				"east": {"uv": [0, 0, 1, 0.5], "rotation": 270, "texture": "#0"},
				"west": {"uv": [0, 0, 1, 0.5], "rotation": 270, "texture": "#0"},
				"up": {"uv": [0, 0, 1, 0.5], "rotation": 270, "texture": "#0"},
				"down": {"uv": [0, 0, 1, 0.5], "rotation": 270, "texture": "#0"}
			}
		},
		{
			"name": "hoods1_2",
			"from": [22.593, 6.296, 5],
			"to": [22.853, 6.904, 6],
			"rotation": {"angle": -22.5, "axis": "z", "origin": [23.395, 7.297, 6]},
			"faces": {
				"north": {"uv": [0, 0, 0.5, 0.5], "rotation": 90, "texture": "#0"},
				"east": {"uv": [0, 0, 1, 0.5], "rotation": 270, "texture": "#0"},
				"west": {"uv": [0, 0, 1, 0.5], "rotation": 270, "texture": "#0"},
				"up": {"uv": [0, 0, 1, 0.5], "rotation": 270, "texture": "#0"},
				"down": {"uv": [0, 0, 1, 0.5], "rotation": 270, "texture": "#0"}
			}
		},
		{
			"name": "hoods1_2",
			"from": [24.133, 6.216, 5],
			"to": [24.393, 6.824, 6],
			"rotation": {"angle": 22.5, "axis": "z", "origin": [23.395, 7.297, 6]},
			"faces": {
				"north": {"uv": [0, 0, 0.5, 0.5], "rotation": 90, "texture": "#0"},
				"east": {"uv": [0, 0, 1, 0.5], "rotation": 270, "texture": "#0"},
				"west": {"uv": [0, 0, 1, 0.5], "rotation": 270, "texture": "#0"},
				"up": {"uv": [0, 0, 1, 0.5], "rotation": 270, "texture": "#0"},
				"down": {"uv": [0, 0, 1, 0.5], "rotation": 270, "texture": "#0"}
			}
		},
		{
			"name": "hoods1_2",
			"from": [22.271, 6.224, 5],
			"to": [22.531, 6.68, 6],
			"rotation": {"angle": 0, "axis": "y", "origin": [23.395, 7.297, 6]},
			"faces": {
				"north": {"uv": [0, 0, 0.5, 0.5], "rotation": 90, "texture": "#0"},
				"east": {"uv": [0, 0, 1, 0.5], "rotation": 270, "texture": "#0"},
				"west": {"uv": [0, 0, 1, 0.5], "rotation": 270, "texture": "#0"},
				"up": {"uv": [0, 0, 1, 0.5], "rotation": 270, "texture": "#0"},
				"down": {"uv": [0, 0, 1, 0.5], "rotation": 270, "texture": "#0"}
			}
		},
		{
			"name": "hoods1_2",
			"from": [24.471, 6.224, 5],
			"to": [24.731, 6.68, 6],
			"rotation": {"angle": 0, "axis": "y", "origin": [23.395, 7.297, 6]},
			"faces": {
				"north": {"uv": [0, 0, 0.5, 0.5], "rotation": 90, "texture": "#0"},
				"east": {"uv": [0, 0, 1, 0.5], "rotation": 270, "texture": "#0"},
				"west": {"uv": [0, 0, 1, 0.5], "rotation": 270, "texture": "#0"},
				"up": {"uv": [0, 0, 1, 0.5], "rotation": 270, "texture": "#0"},
				"down": {"uv": [0, 0, 1, 0.5], "rotation": 270, "texture": "#0"}
			}
		},
		{
			"name": "hoods1_2",
			"from": [20.183, 7.424, 4],
			"to": [20.819, 7.684, 6],
			"rotation": {"angle": 0, "axis": "y", "origin": [20.475, 7.625, 6]},
			"faces": {
				"north": {"uv": [0, 0, 0.5, 0.5], "rotation": 180, "texture": "#0"},
				"east": {"uv": [0, 0, 1, 0.5], "rotation": 180, "texture": "#0"},
				"west": {"uv": [0, 0, 1, 0.5], "rotation": 180, "texture": "#0"},
				"up": {"uv": [0, 0, 1, 0.5], "rotation": 180, "texture": "#0"},
				"down": {"uv": [0, 0, 1, 0.5], "rotation": 180, "texture": "#0"}
			}
		},
		{
			"name": "hoods1_2",
			"from": [19.801, 7.527, 4],
			"to": [20.265, 7.787, 6],
			"rotation": {"angle": 22.5, "axis": "z", "origin": [20.491, 7.537, 6]},
			"faces": {
				"north": {"uv": [0, 0, 0.5, 0.5], "texture": "#0"},
				"east": {"uv": [0, 0, 1, 0.5], "texture": "#0"},
				"west": {"uv": [0, 0, 1, 0.5], "texture": "#0"},
				"up": {"uv": [0, 0, 1, 0.5], "texture": "#0"},
				"down": {"uv": [0, 0, 1, 0.5], "texture": "#0"}
			}
		},
		{
			"name": "hoods1_2",
			"from": [20.741, 7.535, 4],
			"to": [21.205, 7.795, 6],
			"rotation": {"angle": -22.5, "axis": "z", "origin": [20.491, 7.537, 6]},
			"faces": {
				"north": {"uv": [0, 0, 0.5, 0.5], "rotation": 180, "texture": "#0"},
				"east": {"uv": [0, 0, 1, 0.5], "rotation": 180, "texture": "#0"},
				"west": {"uv": [0, 0, 1, 0.5], "rotation": 180, "texture": "#0"},
				"up": {"uv": [0, 0, 1, 0.5], "rotation": 180, "texture": "#0"},
				"down": {"uv": [0, 0, 1, 0.5], "rotation": 180, "texture": "#0"}
			}
		},
		{
			"name": "hoods1_2",
			"from": [19.591, 7.772, 5],
			"to": [19.951, 8.032, 6],
			"rotation": {"angle": 45, "axis": "z", "origin": [20.491, 7.537, 6]},
			"faces": {
				"north": {"uv": [0, 0, 0.5, 0.5], "texture": "#0"},
				"east": {"uv": [0, 0, 1, 0.5], "texture": "#0"},
				"west": {"uv": [0, 0, 1, 0.5], "texture": "#0"},
				"up": {"uv": [0, 0, 1, 0.5], "texture": "#0"},
				"down": {"uv": [0, 0, 1, 0.5], "texture": "#0"}
			}
		},
		{
			"name": "hoods1_2",
			"from": [20.732, 6.613, 5],
			"to": [20.992, 6.973, 6],
			"rotation": {"angle": 45, "axis": "z", "origin": [20.491, 7.537, 6]},
			"faces": {
				"north": {"uv": [0, 0, 0.5, 0.5], "rotation": 90, "texture": "#0"},
				"east": {"uv": [0, 0, 1, 0.5], "rotation": 270, "texture": "#0"},
				"west": {"uv": [0, 0, 1, 0.5], "rotation": 270, "texture": "#0"},
				"up": {"uv": [0, 0, 1, 0.5], "rotation": 270, "texture": "#0"},
				"down": {"uv": [0, 0, 1, 0.5], "rotation": 270, "texture": "#0"}
			}
		},
		{
			"name": "hoods1_2",
			"from": [19.593, 6.296, 5],
			"to": [19.853, 6.904, 6],
			"rotation": {"angle": -22.5, "axis": "z", "origin": [20.395, 7.297, 6]},
			"faces": {
				"north": {"uv": [0, 0, 0.5, 0.5], "rotation": 90, "texture": "#0"},
				"east": {"uv": [0, 0, 1, 0.5], "rotation": 270, "texture": "#0"},
				"west": {"uv": [0, 0, 1, 0.5], "rotation": 270, "texture": "#0"},
				"up": {"uv": [0, 0, 1, 0.5], "rotation": 270, "texture": "#0"},
				"down": {"uv": [0, 0, 1, 0.5], "rotation": 270, "texture": "#0"}
			}
		},
		{
			"name": "hoods1_2",
			"from": [21.133, 6.216, 5],
			"to": [21.393, 6.824, 6],
			"rotation": {"angle": 22.5, "axis": "z", "origin": [20.395, 7.297, 6]},
			"faces": {
				"north": {"uv": [0, 0, 0.5, 0.5], "rotation": 90, "texture": "#0"},
				"east": {"uv": [0, 0, 1, 0.5], "rotation": 270, "texture": "#0"},
				"west": {"uv": [0, 0, 1, 0.5], "rotation": 270, "texture": "#0"},
				"up": {"uv": [0, 0, 1, 0.5], "rotation": 270, "texture": "#0"},
				"down": {"uv": [0, 0, 1, 0.5], "rotation": 270, "texture": "#0"}
			}
		},
		{
			"name": "hoods1_2",
			"from": [19.271, 6.224, 5],
			"to": [19.531, 6.68, 6],
			"rotation": {"angle": 0, "axis": "y", "origin": [20.395, 7.297, 6]},
			"faces": {
				"north": {"uv": [0, 0, 0.5, 0.5], "rotation": 90, "texture": "#0"},
				"east": {"uv": [0, 0, 1, 0.5], "rotation": 270, "texture": "#0"},
				"west": {"uv": [0, 0, 1, 0.5], "rotation": 270, "texture": "#0"},
				"up": {"uv": [0, 0, 1, 0.5], "rotation": 270, "texture": "#0"},
				"down": {"uv": [0, 0, 1, 0.5], "rotation": 270, "texture": "#0"}
			}
		},
		{
			"name": "hoods1_2",
			"from": [21.471, 6.224, 5],
			"to": [21.731, 6.68, 6],
			"rotation": {"angle": 0, "axis": "y", "origin": [20.395, 7.297, 6]},
			"faces": {
				"north": {"uv": [0, 0, 0.5, 0.5], "rotation": 90, "texture": "#0"},
				"east": {"uv": [0, 0, 1, 0.5], "rotation": 270, "texture": "#0"},
				"west": {"uv": [0, 0, 1, 0.5], "rotation": 270, "texture": "#0"},
				"up": {"uv": [0, 0, 1, 0.5], "rotation": 270, "texture": "#0"},
				"down": {"uv": [0, 0, 1, 0.5], "rotation": 270, "texture": "#0"}
			}
		},
		{
			"name": "hoods1_2",
			"from": [23.183, 23.924, 4],
			"to": [23.819, 24.184, 6],
			"rotation": {"angle": 0, "axis": "y", "origin": [23.475, 24.125, 6]},
			"faces": {
				"north": {"uv": [0, 0, 0.5, 0.5], "rotation": 180, "texture": "#0"},
				"east": {"uv": [0, 0, 1, 0.5], "rotation": 180, "texture": "#0"},
				"west": {"uv": [0, 0, 1, 0.5], "rotation": 180, "texture": "#0"},
				"up": {"uv": [0, 0, 1, 0.5], "rotation": 180, "texture": "#0"},
				"down": {"uv": [0, 0, 1, 0.5], "rotation": 180, "texture": "#0"}
			}
		},
		{
			"name": "hoods1_2",
			"from": [22.801, 24.027, 4],
			"to": [23.265, 24.287, 6],
			"rotation": {"angle": 22.5, "axis": "z", "origin": [23.491, 24.037, 6]},
			"faces": {
				"north": {"uv": [0, 0, 0.5, 0.5], "texture": "#0"},
				"east": {"uv": [0, 0, 1, 0.5], "texture": "#0"},
				"west": {"uv": [0, 0, 1, 0.5], "texture": "#0"},
				"up": {"uv": [0, 0, 1, 0.5], "texture": "#0"},
				"down": {"uv": [0, 0, 1, 0.5], "texture": "#0"}
			}
		},
		{
			"name": "hoods1_2",
			"from": [23.741, 24.035, 4],
			"to": [24.205, 24.295, 6],
			"rotation": {"angle": -22.5, "axis": "z", "origin": [23.491, 24.037, 6]},
			"faces": {
				"north": {"uv": [0, 0, 0.5, 0.5], "rotation": 180, "texture": "#0"},
				"east": {"uv": [0, 0, 1, 0.5], "rotation": 180, "texture": "#0"},
				"west": {"uv": [0, 0, 1, 0.5], "rotation": 180, "texture": "#0"},
				"up": {"uv": [0, 0, 1, 0.5], "rotation": 180, "texture": "#0"},
				"down": {"uv": [0, 0, 1, 0.5], "rotation": 180, "texture": "#0"}
			}
		},
		{
			"name": "hoods1_2",
			"from": [22.591, 24.272, 5],
			"to": [22.951, 24.532, 6],
			"rotation": {"angle": 45, "axis": "z", "origin": [23.491, 24.037, 6]},
			"faces": {
				"north": {"uv": [0, 0, 0.5, 0.5], "texture": "#0"},
				"east": {"uv": [0, 0, 1, 0.5], "texture": "#0"},
				"west": {"uv": [0, 0, 1, 0.5], "texture": "#0"},
				"up": {"uv": [0, 0, 1, 0.5], "texture": "#0"},
				"down": {"uv": [0, 0, 1, 0.5], "texture": "#0"}
			}
		},
		{
			"name": "hoods1_2",
			"from": [23.732, 23.113, 5],
			"to": [23.992, 23.473, 6],
			"rotation": {"angle": 45, "axis": "z", "origin": [23.491, 24.037, 6]},
			"faces": {
				"north": {"uv": [0, 0, 0.5, 0.5], "rotation": 90, "texture": "#0"},
				"east": {"uv": [0, 0, 1, 0.5], "rotation": 270, "texture": "#0"},
				"west": {"uv": [0, 0, 1, 0.5], "rotation": 270, "texture": "#0"},
				"up": {"uv": [0, 0, 1, 0.5], "rotation": 270, "texture": "#0"},
				"down": {"uv": [0, 0, 1, 0.5], "rotation": 270, "texture": "#0"}
			}
		},
		{
			"name": "hoods1_2",
			"from": [22.593, 22.796, 5],
			"to": [22.853, 23.404, 6],
			"rotation": {"angle": -22.5, "axis": "z", "origin": [23.395, 23.797, 6]},
			"faces": {
				"north": {"uv": [0, 0, 0.5, 0.5], "rotation": 90, "texture": "#0"},
				"east": {"uv": [0, 0, 1, 0.5], "rotation": 270, "texture": "#0"},
				"west": {"uv": [0, 0, 1, 0.5], "rotation": 270, "texture": "#0"},
				"up": {"uv": [0, 0, 1, 0.5], "rotation": 270, "texture": "#0"},
				"down": {"uv": [0, 0, 1, 0.5], "rotation": 270, "texture": "#0"}
			}
		},
		{
			"name": "hoods1_2",
			"from": [24.133, 22.716, 5],
			"to": [24.393, 23.324, 6],
			"rotation": {"angle": 22.5, "axis": "z", "origin": [23.395, 23.797, 6]},
			"faces": {
				"north": {"uv": [0, 0, 0.5, 0.5], "rotation": 90, "texture": "#0"},
				"east": {"uv": [0, 0, 1, 0.5], "rotation": 270, "texture": "#0"},
				"west": {"uv": [0, 0, 1, 0.5], "rotation": 270, "texture": "#0"},
				"up": {"uv": [0, 0, 1, 0.5], "rotation": 270, "texture": "#0"},
				"down": {"uv": [0, 0, 1, 0.5], "rotation": 270, "texture": "#0"}
			}
		},
		{
			"name": "hoods1_2",
			"from": [22.271, 22.724, 5],
			"to": [22.531, 23.18, 6],
			"rotation": {"angle": 0, "axis": "y", "origin": [23.395, 23.797, 6]},
			"faces": {
				"north": {"uv": [0, 0, 0.5, 0.5], "rotation": 90, "texture": "#0"},
				"east": {"uv": [0, 0, 1, 0.5], "rotation": 270, "texture": "#0"},
				"west": {"uv": [0, 0, 1, 0.5], "rotation": 270, "texture": "#0"},
				"up": {"uv": [0, 0, 1, 0.5], "rotation": 270, "texture": "#0"},
				"down": {"uv": [0, 0, 1, 0.5], "rotation": 270, "texture": "#0"}
			}
		},
		{
			"name": "hoods1_2",
			"from": [24.471, 22.724, 5],
			"to": [24.731, 23.18, 6],
			"rotation": {"angle": 0, "axis": "y", "origin": [23.395, 23.797, 6]},
			"faces": {
				"north": {"uv": [0, 0, 0.5, 0.5], "rotation": 90, "texture": "#0"},
				"east": {"uv": [0, 0, 1, 0.5], "rotation": 270, "texture": "#0"},
				"west": {"uv": [0, 0, 1, 0.5], "rotation": 270, "texture": "#0"},
				"up": {"uv": [0, 0, 1, 0.5], "rotation": 270, "texture": "#0"},
				"down": {"uv": [0, 0, 1, 0.5], "rotation": 270, "texture": "#0"}
			}
		},
		{
			"name": "shield17",
			"from": [15, 4, 7],
			"to": [26, 26, 10],
			"rotation": {"angle": 0, "axis": "y", "origin": [12.5, 4, 0]},
			"faces": {
				"north": {"uv": [0, 0, 5.5, 11.5], "texture": "#0"},
				"east": {"uv": [0, 0, 1, 11.5], "texture": "#0"},
				"south": {"uv": [0, 0, 5.5, 11.5], "texture": "#0"},
				"west": {"uv": [0, 0, 1, 11.5], "texture": "#0"},
				"up": {"uv": [0, 0, 5.5, 1], "texture": "#0"},
				"down": {"uv": [0, 0, 5.5, 1], "texture": "#0"}
			}
		},
		{
			"name": "shield17",
			"from": [15, 4, 6],
			"to": [26, 4.25, 7],
			"rotation": {"angle": 0, "axis": "y", "origin": [12.5, 4, 0]},
			"faces": {
				"north": {"uv": [0, 0, 5.5, 11.5], "texture": "#0"},
				"east": {"uv": [0, 0, 1, 11.5], "texture": "#0"},
				"south": {"uv": [0, 0, 5.5, 11.5], "texture": "#0"},
				"west": {"uv": [0, 0, 1, 11.5], "texture": "#0"},
				"up": {"uv": [0, 0, 5.5, 1], "texture": "#0"},
				"down": {"uv": [0, 0, 5.5, 1], "texture": "#0"}
			}
		},
		{
			"name": "shield17",
			"from": [15, 4.75, 6],
			"to": [26, 14.75, 7],
			"rotation": {"angle": 0, "axis": "y", "origin": [12.5, 4, 0]},
			"faces": {
				"north": {"uv": [0, 0, 5.5, 11.5], "texture": "#0"},
				"east": {"uv": [0, 0, 1, 11.5], "texture": "#0"},
				"south": {"uv": [0, 0, 5.5, 11.5], "texture": "#0"},
				"west": {"uv": [0, 0, 1, 11.5], "texture": "#0"},
				"up": {"uv": [0, 0, 5.5, 1], "texture": "#0"},
				"down": {"uv": [0, 0, 5.5, 1], "texture": "#0"}
			}
		},
		{
			"name": "shield17",
			"from": [15, 25.25, 6],
			"to": [15.75, 25.75, 7],
			"rotation": {"angle": 0, "axis": "y", "origin": [12.5, 4, 0]},
			"faces": {
				"north": {"uv": [0, 0, 5.5, 11.5], "texture": "#0"},
				"east": {"uv": [0, 0, 1, 11.5], "texture": "#0"},
				"south": {"uv": [0, 0, 5.5, 11.5], "texture": "#0"},
				"west": {"uv": [0, 0, 1, 11.5], "texture": "#0"},
				"up": {"uv": [0, 0, 5.5, 1], "texture": "#0"},
				"down": {"uv": [0, 0, 5.5, 1], "texture": "#0"}
			}
		},
		{
			"name": "shield17",
			"from": [15.75, 25.25, 6],
			"to": [16.25, 25.75, 7],
			"rotation": {"angle": 0, "axis": "y", "origin": [12.5, 4, 0]},
			"faces": {
				"north": {"uv": [0, 0, 5.5, 11.5], "texture": "#1"},
				"east": {"uv": [0, 0, 1, 11.5], "texture": "#1"},
				"south": {"uv": [0, 0, 5.5, 11.5], "texture": "#1"},
				"west": {"uv": [0, 0, 1, 11.5], "texture": "#1"},
				"up": {"uv": [0, 0, 5.5, 1], "texture": "#1"},
				"down": {"uv": [0, 0, 5.5, 1], "texture": "#1"}
			}
		},
		{
			"name": "shield17",
			"from": [16.25, 25.25, 6],
			"to": [18.75, 25.75, 7],
			"rotation": {"angle": 0, "axis": "y", "origin": [12.5, 4, 0]},
			"faces": {
				"north": {"uv": [0, 0, 5.5, 11.5], "texture": "#0"},
				"east": {"uv": [0, 0, 1, 11.5], "texture": "#0"},
				"south": {"uv": [0, 0, 5.5, 11.5], "texture": "#0"},
				"west": {"uv": [0, 0, 1, 11.5], "texture": "#0"},
				"up": {"uv": [0, 0, 5.5, 1], "texture": "#0"},
				"down": {"uv": [0, 0, 5.5, 1], "texture": "#0"}
			}
		},
		{
			"name": "shield17",
			"from": [18.75, 25.25, 6],
			"to": [19.25, 25.75, 7],
			"rotation": {"angle": 0, "axis": "y", "origin": [12.5, 4, 0]},
			"faces": {
				"north": {"uv": [0, 0, 5.5, 11.5], "texture": "#1"},
				"east": {"uv": [0, 0, 1, 11.5], "texture": "#1"},
				"south": {"uv": [0, 0, 5.5, 11.5], "texture": "#1"},
				"west": {"uv": [0, 0, 1, 11.5], "texture": "#1"},
				"up": {"uv": [0, 0, 5.5, 1], "texture": "#1"},
				"down": {"uv": [0, 0, 5.5, 1], "texture": "#1"}
			}
		},
		{
			"name": "shield17",
			"from": [19.25, 25.25, 6],
			"to": [21.75, 25.75, 7],
			"rotation": {"angle": 0, "axis": "y", "origin": [12.5, 4, 0]},
			"faces": {
				"north": {"uv": [0, 0, 5.5, 11.5], "texture": "#0"},
				"east": {"uv": [0, 0, 1, 11.5], "texture": "#0"},
				"south": {"uv": [0, 0, 5.5, 11.5], "texture": "#0"},
				"west": {"uv": [0, 0, 1, 11.5], "texture": "#0"},
				"up": {"uv": [0, 0, 5.5, 1], "texture": "#0"},
				"down": {"uv": [0, 0, 5.5, 1], "texture": "#0"}
			}
		},
		{
			"name": "shield17",
			"from": [21.75, 25.25, 6],
			"to": [22.25, 25.75, 7],
			"rotation": {"angle": 0, "axis": "y", "origin": [12.5, 4, 0]},
			"faces": {
				"north": {"uv": [0, 0, 5.5, 11.5], "texture": "#1"},
				"east": {"uv": [0, 0, 1, 11.5], "texture": "#1"},
				"south": {"uv": [0, 0, 5.5, 11.5], "texture": "#1"},
				"west": {"uv": [0, 0, 1, 11.5], "texture": "#1"},
				"up": {"uv": [0, 0, 5.5, 1], "texture": "#1"},
				"down": {"uv": [0, 0, 5.5, 1], "texture": "#1"}
			}
		},
		{
			"name": "shield17",
			"from": [15, 15.25, 6],
			"to": [26, 25.25, 7],
			"rotation": {"angle": 0, "axis": "y", "origin": [12.5, 4, 0]},
			"faces": {
				"north": {"uv": [0, 0, 5.5, 11.5], "texture": "#0"},
				"east": {"uv": [0, 0, 1, 11.5], "texture": "#0"},
				"south": {"uv": [0, 0, 5.5, 11.5], "texture": "#0"},
				"west": {"uv": [0, 0, 1, 11.5], "texture": "#0"},
				"up": {"uv": [0, 0, 5.5, 1], "texture": "#0"},
				"down": {"uv": [0, 0, 5.5, 1], "texture": "#0"}
			}
		},
		{
			"name": "shield17",
			"from": [24.75, 25.25, 6],
			"to": [25.25, 25.75, 7],
			"rotation": {"angle": 0, "axis": "y", "origin": [12.5, 4, 0]},
			"faces": {
				"north": {"uv": [0, 0, 5.5, 11.5], "texture": "#1"},
				"east": {"uv": [0, 0, 1, 11.5], "texture": "#1"},
				"south": {"uv": [0, 0, 5.5, 11.5], "texture": "#1"},
				"west": {"uv": [0, 0, 1, 11.5], "texture": "#1"},
				"up": {"uv": [0, 0, 5.5, 1], "texture": "#1"},
				"down": {"uv": [0, 0, 5.5, 1], "texture": "#1"}
			}
		},
		{
			"name": "shield17",
			"from": [25.25, 25.25, 6],
			"to": [26, 25.75, 7],
			"rotation": {"angle": 0, "axis": "y", "origin": [12.5, 4, 0]},
			"faces": {
				"north": {"uv": [0, 0, 5.5, 11.5], "texture": "#0"},
				"east": {"uv": [0, 0, 1, 11.5], "texture": "#0"},
				"south": {"uv": [0, 0, 5.5, 11.5], "texture": "#0"},
				"west": {"uv": [0, 0, 1, 11.5], "texture": "#0"},
				"up": {"uv": [0, 0, 5.5, 1], "texture": "#0"},
				"down": {"uv": [0, 0, 5.5, 1], "texture": "#0"}
			}
		},
		{
			"name": "shield17",
			"from": [22.25, 25.25, 6],
			"to": [24.75, 25.75, 7],
			"rotation": {"angle": 0, "axis": "y", "origin": [12.5, 4, 0]},
			"faces": {
				"north": {"uv": [0, 0, 5.5, 11.5], "texture": "#0"},
				"east": {"uv": [0, 0, 1, 11.5], "texture": "#0"},
				"south": {"uv": [0, 0, 5.5, 11.5], "texture": "#0"},
				"west": {"uv": [0, 0, 1, 11.5], "texture": "#0"},
				"up": {"uv": [0, 0, 5.5, 1], "texture": "#0"},
				"down": {"uv": [0, 0, 5.5, 1], "texture": "#0"}
			}
		},
		{
			"name": "shield17",
			"from": [15, 25.75, 6],
			"to": [26, 26, 7],
			"rotation": {"angle": 0, "axis": "y", "origin": [12.5, 4, 0]},
			"faces": {
				"north": {"uv": [0, 0, 5.5, 11.5], "texture": "#0"},
				"east": {"uv": [0, 0, 1, 11.5], "texture": "#0"},
				"south": {"uv": [0, 0, 5.5, 11.5], "texture": "#0"},
				"west": {"uv": [0, 0, 1, 11.5], "texture": "#0"},
				"up": {"uv": [0, 0, 5.5, 1], "texture": "#0"},
				"down": {"uv": [0, 0, 5.5, 1], "texture": "#0"}
			}
		},
		{
			"name": "shield17",
			"from": [25.25, 4.25, 6],
			"to": [26, 4.75, 7],
			"rotation": {"angle": 0, "axis": "y", "origin": [12.5, 4, 0]},
			"faces": {
				"north": {"uv": [0, 0, 5.5, 11.5], "texture": "#0"},
				"east": {"uv": [0, 0, 1, 11.5], "texture": "#0"},
				"south": {"uv": [0, 0, 5.5, 11.5], "texture": "#0"},
				"west": {"uv": [0, 0, 1, 11.5], "texture": "#0"},
				"up": {"uv": [0, 0, 5.5, 1], "texture": "#0"},
				"down": {"uv": [0, 0, 5.5, 1], "texture": "#0"}
			}
		},
		{
			"name": "shield17",
			"from": [16.25, 14.75, 6],
			"to": [24.75, 15.25, 7],
			"rotation": {"angle": 0, "axis": "y", "origin": [12.5, 4, 0]},
			"faces": {
				"north": {"uv": [0, 0, 5.5, 11.5], "texture": "#0"},
				"east": {"uv": [0, 0, 1, 11.5], "texture": "#0"},
				"south": {"uv": [0, 0, 5.5, 11.5], "texture": "#0"},
				"west": {"uv": [0, 0, 1, 11.5], "texture": "#0"},
				"up": {"uv": [0, 0, 5.5, 1], "texture": "#0"},
				"down": {"uv": [0, 0, 5.5, 1], "texture": "#0"}
			}
		},
		{
			"name": "shield17",
			"from": [15, 14.75, 6],
			"to": [15.75, 15.25, 7],
			"rotation": {"angle": 0, "axis": "y", "origin": [12.5, 4, 0]},
			"faces": {
				"north": {"uv": [0, 0, 5.5, 11.5], "texture": "#0"},
				"east": {"uv": [0, 0, 1, 11.5], "texture": "#0"},
				"south": {"uv": [0, 0, 5.5, 11.5], "texture": "#0"},
				"west": {"uv": [0, 0, 1, 11.5], "texture": "#0"},
				"up": {"uv": [0, 0, 5.5, 1], "texture": "#0"},
				"down": {"uv": [0, 0, 5.5, 1], "texture": "#0"}
			}
		},
		{
			"name": "shield17",
			"from": [15.75, 14.75, 6],
			"to": [16.25, 15.25, 7],
			"rotation": {"angle": 0, "axis": "y", "origin": [12.5, 4, 0]},
			"faces": {
				"north": {"uv": [0, 0, 5.5, 11.5], "texture": "#1"},
				"east": {"uv": [0, 0, 1, 11.5], "texture": "#1"},
				"south": {"uv": [0, 0, 5.5, 11.5], "texture": "#1"},
				"west": {"uv": [0, 0, 1, 11.5], "texture": "#1"},
				"up": {"uv": [0, 0, 5.5, 1], "texture": "#1"},
				"down": {"uv": [0, 0, 5.5, 1], "texture": "#1"}
			}
		},
		{
			"name": "shield17",
			"from": [25.25, 14.75, 6],
			"to": [26, 15.25, 7],
			"rotation": {"angle": 0, "axis": "y", "origin": [12.5, 4, 0]},
			"faces": {
				"north": {"uv": [0, 0, 5.5, 11.5], "texture": "#0"},
				"east": {"uv": [0, 0, 1, 11.5], "texture": "#0"},
				"south": {"uv": [0, 0, 5.5, 11.5], "texture": "#0"},
				"west": {"uv": [0, 0, 1, 11.5], "texture": "#0"},
				"up": {"uv": [0, 0, 5.5, 1], "texture": "#0"},
				"down": {"uv": [0, 0, 5.5, 1], "texture": "#0"}
			}
		},
		{
			"name": "shield17",
			"from": [15, 4.25, 6],
			"to": [15.75, 4.75, 7],
			"rotation": {"angle": 0, "axis": "y", "origin": [12.5, 4, 0]},
			"faces": {
				"north": {"uv": [0, 0, 5.5, 11.5], "texture": "#0"},
				"east": {"uv": [0, 0, 1, 11.5], "texture": "#0"},
				"south": {"uv": [0, 0, 5.5, 11.5], "texture": "#0"},
				"west": {"uv": [0, 0, 1, 11.5], "texture": "#0"},
				"up": {"uv": [0, 0, 5.5, 1], "texture": "#0"},
				"down": {"uv": [0, 0, 5.5, 1], "texture": "#0"}
			}
		},
		{
			"name": "shield17",
			"from": [22.25, 4.25, 6],
			"to": [24.75, 4.75, 7],
			"rotation": {"angle": 0, "axis": "y", "origin": [12.5, 4, 0]},
			"faces": {
				"north": {"uv": [0, 0, 5.5, 11.5], "texture": "#0"},
				"east": {"uv": [0, 0, 1, 11.5], "texture": "#0"},
				"south": {"uv": [0, 0, 5.5, 11.5], "texture": "#0"},
				"west": {"uv": [0, 0, 1, 11.5], "texture": "#0"},
				"up": {"uv": [0, 0, 5.5, 1], "texture": "#0"},
				"down": {"uv": [0, 0, 5.5, 1], "texture": "#0"}
			}
		},
		{
			"name": "shield17",
			"from": [19.25, 4.25, 6],
			"to": [21.75, 4.75, 7],
			"rotation": {"angle": 0, "axis": "y", "origin": [12.5, 4, 0]},
			"faces": {
				"north": {"uv": [0, 0, 5.5, 11.5], "texture": "#0"},
				"east": {"uv": [0, 0, 1, 11.5], "texture": "#0"},
				"south": {"uv": [0, 0, 5.5, 11.5], "texture": "#0"},
				"west": {"uv": [0, 0, 1, 11.5], "texture": "#0"},
				"up": {"uv": [0, 0, 5.5, 1], "texture": "#0"},
				"down": {"uv": [0, 0, 5.5, 1], "texture": "#0"}
			}
		},
		{
			"name": "shield17",
			"from": [16.25, 4.25, 6],
			"to": [18.75, 4.75, 7],
			"rotation": {"angle": 0, "axis": "y", "origin": [12.5, 4, 0]},
			"faces": {
				"north": {"uv": [0, 0, 5.5, 11.5], "texture": "#0"},
				"east": {"uv": [0, 0, 1, 11.5], "texture": "#0"},
				"south": {"uv": [0, 0, 5.5, 11.5], "texture": "#0"},
				"west": {"uv": [0, 0, 1, 11.5], "texture": "#0"},
				"up": {"uv": [0, 0, 5.5, 1], "texture": "#0"},
				"down": {"uv": [0, 0, 5.5, 1], "texture": "#0"}
			}
		},
		{
			"name": "shield17",
			"from": [24.75, 4.25, 6],
			"to": [25.25, 4.75, 7],
			"rotation": {"angle": 0, "axis": "y", "origin": [12.5, 4, 0]},
			"faces": {
				"north": {"uv": [0, 0, 5.5, 11.5], "texture": "#1"},
				"east": {"uv": [0, 0, 1, 11.5], "texture": "#1"},
				"south": {"uv": [0, 0, 5.5, 11.5], "texture": "#1"},
				"west": {"uv": [0, 0, 1, 11.5], "texture": "#1"},
				"up": {"uv": [0, 0, 5.5, 1], "texture": "#1"},
				"down": {"uv": [0, 0, 5.5, 1], "texture": "#1"}
			}
		},
		{
			"name": "shield17",
			"from": [24.75, 14.75, 6],
			"to": [25.25, 15.25, 7],
			"rotation": {"angle": 0, "axis": "y", "origin": [12.5, 4, 0]},
			"faces": {
				"north": {"uv": [0, 0, 5.5, 11.5], "texture": "#1"},
				"east": {"uv": [0, 0, 1, 11.5], "texture": "#1"},
				"south": {"uv": [0, 0, 5.5, 11.5], "texture": "#1"},
				"west": {"uv": [0, 0, 1, 11.5], "texture": "#1"},
				"up": {"uv": [0, 0, 5.5, 1], "texture": "#1"},
				"down": {"uv": [0, 0, 5.5, 1], "texture": "#1"}
			}
		},
		{
			"name": "shield17",
			"from": [21.75, 4.25, 6],
			"to": [22.25, 4.75, 7],
			"rotation": {"angle": 0, "axis": "y", "origin": [12.5, 4, 0]},
			"faces": {
				"north": {"uv": [0, 0, 5.5, 11.5], "texture": "#1"},
				"east": {"uv": [0, 0, 1, 11.5], "texture": "#1"},
				"south": {"uv": [0, 0, 5.5, 11.5], "texture": "#1"},
				"west": {"uv": [0, 0, 1, 11.5], "texture": "#1"},
				"up": {"uv": [0, 0, 5.5, 1], "texture": "#1"},
				"down": {"uv": [0, 0, 5.5, 1], "texture": "#1"}
			}
		},
		{
			"name": "shield17",
			"from": [18.75, 4.25, 6],
			"to": [19.25, 4.75, 7],
			"rotation": {"angle": 0, "axis": "y", "origin": [12.5, 4, 0]},
			"faces": {
				"north": {"uv": [0, 0, 5.5, 11.5], "texture": "#1"},
				"east": {"uv": [0, 0, 1, 11.5], "texture": "#1"},
				"south": {"uv": [0, 0, 5.5, 11.5], "texture": "#1"},
				"west": {"uv": [0, 0, 1, 11.5], "texture": "#1"},
				"up": {"uv": [0, 0, 5.5, 1], "texture": "#1"},
				"down": {"uv": [0, 0, 5.5, 1], "texture": "#1"}
			}
		},
		{
			"name": "shield17",
			"from": [15.75, 4.25, 6],
			"to": [16.25, 4.75, 7],
			"rotation": {"angle": 0, "axis": "y", "origin": [12.5, 4, 0]},
			"faces": {
				"north": {"uv": [0, 0, 5.5, 11.5], "texture": "#1"},
				"east": {"uv": [0, 0, 1, 11.5], "texture": "#1"},
				"south": {"uv": [0, 0, 5.5, 11.5], "texture": "#1"},
				"west": {"uv": [0, 0, 1, 11.5], "texture": "#1"},
				"up": {"uv": [0, 0, 5.5, 1], "texture": "#1"},
				"down": {"uv": [0, 0, 5.5, 1], "texture": "#1"}
			}
		}
	],
	"groups": [
		{
			"name": "ks",
			"origin": [-16, 6, -34],
			"color": 0,
			"children": [
				{
					"name": "lamps",
					"origin": [-4, 19, -30],
					"color": 0,
					"children": [0, 1, 2, 3, 4, 5, 6, 7, 8]
				},
				{
					"name": "hood1",
					"origin": [0, 0, 0],
					"color": 0,
					"children": [9, 10, 11, 12, 13, 14, 15, 16, 17]
				},
				{
					"name": "hood2",
					"origin": [0, 0, 0],
					"color": 0,
					"children": [18, 19, 20, 21, 22, 23, 24, 25, 26]
				},
				{
					"name": "hood3",
					"origin": [0, 0, 0],
					"color": 0,
					"children": [27, 28, 29, 30, 31, 32, 33, 34, 35]
				},
				{
					"name": "hood4",
					"origin": [0, 0, 0],
					"color": 0,
					"children": [36, 37, 38, 39, 40, 41, 42, 43, 44]
				},
				{
					"name": "hood5",
					"origin": [0, 0, 0],
					"color": 0,
					"children": [45, 46, 47, 48, 49, 50, 51, 52, 53]
				},
				{
					"name": "hood6",
					"origin": [0, 0, 0],
					"color": 0,
					"children": [54, 55, 56, 57, 58, 59, 60, 61, 62]
				},
				{
					"name": "hood7",
					"origin": [0, 0, 0],
					"color": 0,
					"children": [63, 64, 65, 66, 67, 68, 69, 70, 71]
				},
				{
					"name": "hood8",
					"origin": [0, 0, 0],
					"color": 0,
					"children": [72, 73, 74, 75, 76, 77, 78, 79, 80]
				},
				{
					"name": "hood9",
					"origin": [0, 0, 0],
					"color": 0,
					"children": [81, 82, 83, 84, 85, 86, 87, 88, 89]
				},
				{
					"name": "shield",
					"origin": [-14, 16, -28],
					"color": 0,
					"children": [90, 91, 92, 93, 94, 95, 96, 97, 98, 99, 100, 101, 102, 103, 104, 105, 106, 107, 108, 109, 110, 111, 112, 113, 114, 115, 116, 117]
				}
			]
		}
	]
}