{
	"credit": "Made with Blockbench by Mc_Jeronimo",
	"texture_size": [32, 32],
	"textures": {
		"0": "opensignals:blocks/projekt675signale/default/shield_black",
		"2": "opensignals:blocks/projekt675signale/zs3/off",
		"particle": "opensignals:blocks/projekt675signale/default/shield_black",
		"signal": "opensignals:blocks/projekt675signale/zs3/z10"
	},
	"elements": [
		{
			"from": [18, 15, 1.225],
			"to": [23, 22, 1.225],
			"rotation": {"angle": 0, "axis": "y", "origin": [2.5, 21, 0.25]},
			"faces": {
				"north": {"uv": [0, 0, 11.57724, 16], "texture": "#2", "tintindex": 1}
			}
		},
		{
			"name": "hood2",
			"from": [16.5, 15, 1.25],
			"to": [24.5, 23, 4.25],
			"rotation": {"angle": 0, "axis": "y", "origin": [2.5, 21, 0.25]},
			"faces": {
				"north": {"uv": [0, 0, 1.5, 4], "texture": "#0"},
				"east": {"uv": [0, 0, 1.5, 4], "texture": "#0"},
				"south": {"uv": [0, 0, 1.5, 4], "texture": "#0"},
				"west": {"uv": [0, 0, 1.5, 4], "texture": "#0"},
				"up": {"uv": [0, 0, 1.5, 4], "texture": "#0"},
				"down": {"uv": [0, 0, 1.5, 4], "texture": "#0"}
			}
		},
		{
			"name": "hood3",
			"from": [17, 15, -0.75],
			"to": [18, 22, 1.25],
			"rotation": {"angle": 0, "axis": "y", "origin": [2.5, 21, 0.25]},
			"faces": {
				"north": {"uv": [0, 0, 0.5, 3.5], "texture": "#0"},
				"east": {"uv": [0, 0, 0.5, 3.5], "texture": "#0"},
				"south": {"uv": [0, 0, 0.5, 3.5], "texture": "#0"},
				"west": {"uv": [0, 0, 0.5, 3.5], "texture": "#0"},
				"up": {"uv": [0, 0, 0.5, 3.5], "texture": "#0"},
				"down": {"uv": [0, 0, 0.5, 3.5], "texture": "#0"}
			}
		},
		{
			"name": "hood4",
			"from": [23, 15, -0.75],
			"to": [24, 22, 1.25],
			"rotation": {"angle": 0, "axis": "y", "origin": [2.5, 21, 0.25]},
			"faces": {
				"north": {"uv": [0, 0, 0.5, 3.5], "texture": "#0"},
				"east": {"uv": [0, 0, 0.5, 3.5], "texture": "#0"},
				"south": {"uv": [0, 0, 0.5, 3.5], "texture": "#0"},
				"west": {"uv": [0, 0, 0.5, 3.5], "texture": "#0"},
				"up": {"uv": [0, 0, 0.5, 3.5], "texture": "#0"},
				"down": {"uv": [0, 0, 0.5, 3.5], "texture": "#0"}
			}
		},
		{
			"name": "hood5",
			"from": [17, 22, -0.75],
			"to": [24, 23, 1.25],
			"rotation": {"angle": 0, "axis": "y", "origin": [2.5, 21, 0.25]},
			"faces": {
				"north": {"uv": [0, 0, 1, 0.5], "texture": "#0"},
				"east": {"uv": [0, 0, 1, 0.5], "texture": "#0"},
				"south": {"uv": [0, 0, 1, 0.5], "texture": "#0"},
				"west": {"uv": [0, 0, 1, 0.5], "texture": "#0"},
				"up": {"uv": [0, 0, 1, 0.5], "texture": "#0"},
				"down": {"uv": [0, 0, 1, 0.5], "texture": "#0"}
			}
		},
		{
			"name": "signal",
			"from": [18, 15, 1.225],
			"to": [23, 22, 1.225],
			"rotation": {"angle": 0, "axis": "y", "origin": [2.5, 21, 0.25]},
			"faces": {
				"north": {"uv": [0, 0, 11.57724, 16], "texture": "#signal"}
			}
		}
	],
	"groups": [
		0,
		{
			"name": "zs2",
			"origin": [-8, -10, -14],
			"color": 0,
			"children": [
				{
					"name": "hood2",
					"origin": [-25, -18, 6],
					"color": 0,
					"children": [1, 2, 3, 4]
				},
				{
					"name": "signal2",
					"origin": [-25, -18, 6],
					"color": 0,
					"children": [5]
				}
			]
		}
	]
}