{
	"credit": "Made with Blockbench by Mc_Jeronimo",
	"textures": {
		"0": "opensignals:blocks/projekt675signale/default/shield_black",
		"1": "opensignals:blocks/projekt675signale/zs/zs3",
		"particle": "opensignals:blocks/projekt675signale/default/shield_black",
		"overlay": "opensignals:blocks/projekt675signale/zs3plate/z8"
	},
	"elements": [
		{
			"from": [18.5, 5.5, 5.98],
			"to": [22.5, 11.5, 5.98],
			"rotation": {"angle": 0, "axis": "y", "origin": [12.5, 5, 1]},
			"faces": {
				"north": {"uv": [3, 0.30573, 13.1, 16], "texture": "#overlay", "tintindex": 0}
			}
		},
		{
			"from": [16.325, 5, 6.025],
			"to": [24.7, 6, 7],
			"rotation": {"angle": 0, "axis": "z", "origin": [21, 10, 7]},
			"faces": {
				"north": {"uv": [4.5, 0.5, 6.5, 2], "rotation": 180, "texture": "#1"},
				"east": {"uv": [0, 0, 1, 1.5], "rotation": 180, "texture": "#0"},
				"south": {"uv": [0, 0, 1, 1.5], "rotation": 180, "texture": "#0"},
				"west": {"uv": [0, 0, 1, 1.5], "rotation": 180, "texture": "#0"},
				"up": {"uv": [0, 0, 1, 1.5], "rotation": 180, "texture": "#0"},
				"down": {"uv": [0, 0, 0, 0], "rotation": 180, "texture": "#0"}
			}
		},
		{
			"from": [22.48777, 2.90434, 6],
			"to": [23.48777, 16.30434, 7],
			"rotation": {"angle": 22.5, "axis": "z", "origin": [21, 10, 7]},
			"faces": {
				"north": {"uv": [2.5, 0, 8.5, 0.5], "rotation": 90, "texture": "#1"},
				"east": {"uv": [0, 0, 1, 1.5], "rotation": 270, "texture": "#0"},
				"south": {"uv": [0, 0, 1, 1.5], "rotation": 270, "texture": "#0"},
				"west": {"uv": [0, 0, 0, 0], "rotation": 270, "texture": "#0"},
				"up": {"uv": [0, 0, 1, 1.5], "rotation": 270, "texture": "#0"},
				"down": {"uv": [5, 3.5, 6, 5], "rotation": 270, "texture": "#0"}
			}
		},
		{
			"from": [17.58387, 2.55239, 6],
			"to": [18.58387, 15.95239, 7],
			"rotation": {"angle": -22.5, "axis": "z", "origin": [21, 10, 7]},
			"faces": {
				"north": {"uv": [2.5, 0, 8.5, 0.5], "rotation": 90, "texture": "#1"},
				"east": {"uv": [0, 0, 1, 1.5], "rotation": 270, "texture": "#0"},
				"south": {"uv": [0, 0, 1, 1.5], "rotation": 270, "texture": "#0"},
				"west": {"uv": [0, 0, 0, 0], "rotation": 270, "texture": "#0"},
				"up": {"uv": [0, 0, 1, 1.5], "rotation": 270, "texture": "#0"},
				"down": {"uv": [0, 0, 1, 1.5], "rotation": 270, "texture": "#0"}
			}
		},
		{
			"from": [15, 4, 6],
			"to": [26, 4.475, 7],
			"rotation": {"angle": 0, "axis": "z", "origin": [21, 10, 7]},
			"faces": {
				"north": {"uv": [3, 0, 5.5, 0.5], "rotation": 180, "texture": "#1"},
				"east": {"uv": [0, 0, 11, 1.5], "rotation": 180, "texture": "#0"},
				"south": {"uv": [0, 0, 11, 1.5], "rotation": 180, "texture": "#0"},
				"west": {"uv": [0, 0, 11, 1.5], "rotation": 180, "texture": "#0"},
				"up": {"uv": [0, 0, 11, 1.5], "rotation": 180, "texture": "#0"},
				"down": {"uv": [0, 0, 11, 1.5], "rotation": 180, "texture": "#0"}
			}
		},
		{
			"from": [16, 4.05, 6],
			"to": [25, 5.025, 7],
			"rotation": {"angle": 0, "axis": "z", "origin": [21, 10, 7]},
			"faces": {
				"north": {"uv": [3, 0, 5.5, 0.5], "rotation": 180, "texture": "#1"},
				"east": {"uv": [0, 0, 11, 1.5], "rotation": 180, "texture": "#0"},
				"south": {"uv": [0, 0, 11, 1.5], "rotation": 180, "texture": "#0"},
				"west": {"uv": [0, 0, 11, 1.5], "rotation": 180, "texture": "#0"},
				"up": {"uv": [0, 0, 11, 1.5], "rotation": 180, "texture": "#0"},
				"down": {"uv": [0, 0, 11, 1.5], "rotation": 180, "texture": "#0"}
			}
		},
		{
			"from": [16.325, 6, 6.025],
			"to": [24.7, 7, 7],
			"rotation": {"angle": 0, "axis": "z", "origin": [21, 10, 7]},
			"faces": {
				"north": {"uv": [4.5, 0.5, 6.5, 2], "rotation": 180, "texture": "#1"},
				"east": {"uv": [0, 0, 1, 1.5], "rotation": 180, "texture": "#0"},
				"south": {"uv": [0, 0, 1, 1.5], "rotation": 180, "texture": "#0"},
				"west": {"uv": [0, 0, 1, 1.5], "rotation": 180, "texture": "#0"},
				"up": {"uv": [0, 0, 1, 1.5], "rotation": 180, "texture": "#0"},
				"down": {"uv": [0, 0, 0, 0], "rotation": 180, "texture": "#0"}
			}
		},
		{
			"from": [16.575, 7, 6.025],
			"to": [23.95, 8, 7],
			"rotation": {"angle": 0, "axis": "z", "origin": [21, 10, 7]},
			"faces": {
				"north": {"uv": [4.5, 0.5, 6.5, 2], "rotation": 180, "texture": "#1"},
				"east": {"uv": [0, 0, 1, 1.5], "rotation": 180, "texture": "#0"},
				"south": {"uv": [0, 0, 1, 1.5], "rotation": 180, "texture": "#0"},
				"west": {"uv": [0, 0, 1, 1.5], "rotation": 180, "texture": "#0"},
				"up": {"uv": [0, 0, 1, 1.5], "rotation": 180, "texture": "#0"},
				"down": {"uv": [0, 0, 0, 0], "rotation": 180, "texture": "#0"}
			}
		},
		{
			"from": [17.075, 8, 6.025],
			"to": [23.95, 9, 7],
			"rotation": {"angle": 0, "axis": "z", "origin": [21, 10, 7]},
			"faces": {
				"north": {"uv": [4.5, 0.5, 6.5, 2], "rotation": 180, "texture": "#1"},
				"east": {"uv": [0, 0, 1, 1.5], "rotation": 180, "texture": "#0"},
				"south": {"uv": [0, 0, 1, 1.5], "rotation": 180, "texture": "#0"},
				"west": {"uv": [0, 0, 1, 1.5], "rotation": 180, "texture": "#0"},
				"up": {"uv": [0, 0, 1, 1.5], "rotation": 180, "texture": "#0"},
				"down": {"uv": [0, 0, 0, 0], "rotation": 180, "texture": "#0"}
			}
		},
		{
			"from": [17.325, 9, 6.025],
			"to": [23.7, 10, 7],
			"rotation": {"angle": 0, "axis": "z", "origin": [21, 10, 7]},
			"faces": {
				"north": {"uv": [4.5, 0.5, 6.5, 2], "rotation": 180, "texture": "#1"},
				"east": {"uv": [0, 0, 1, 1.5], "rotation": 180, "texture": "#0"},
				"south": {"uv": [0, 0, 1, 1.5], "rotation": 180, "texture": "#0"},
				"west": {"uv": [0, 0, 1, 1.5], "rotation": 180, "texture": "#0"},
				"up": {"uv": [0, 0, 1, 1.5], "rotation": 180, "texture": "#0"},
				"down": {"uv": [0, 0, 0, 0], "rotation": 180, "texture": "#0"}
			}
		},
		{
			"from": [18.075, 10, 6.025],
			"to": [23.2, 11, 7],
			"rotation": {"angle": 0, "axis": "z", "origin": [21, 10, 7]},
			"faces": {
				"north": {"uv": [4.5, 0.5, 6.5, 2], "rotation": 180, "texture": "#1"},
				"east": {"uv": [0, 0, 1, 1.5], "rotation": 180, "texture": "#0"},
				"south": {"uv": [0, 0, 1, 1.5], "rotation": 180, "texture": "#0"},
				"west": {"uv": [0, 0, 1, 1.5], "rotation": 180, "texture": "#0"},
				"up": {"uv": [0, 0, 1, 1.5], "rotation": 180, "texture": "#0"},
				"down": {"uv": [0, 0, 0, 0], "rotation": 180, "texture": "#0"}
			}
		},
		{
			"from": [18.575, 11, 6.025],
			"to": [22.2, 12, 7],
			"rotation": {"angle": 0, "axis": "z", "origin": [21, 10, 7]},
			"faces": {
				"north": {"uv": [4.5, 0.5, 6.5, 2], "rotation": 180, "texture": "#1"},
				"east": {"uv": [0, 0, 1, 1.5], "rotation": 180, "texture": "#0"},
				"south": {"uv": [0, 0, 1, 1.5], "rotation": 180, "texture": "#0"},
				"west": {"uv": [0, 0, 1, 1.5], "rotation": 180, "texture": "#0"},
				"up": {"uv": [0, 0, 1, 1.5], "rotation": 180, "texture": "#0"},
				"down": {"uv": [0, 0, 0, 0], "rotation": 180, "texture": "#0"}
			}
		},
		{
			"from": [18.575, 12, 6.025],
			"to": [22.2, 13, 7],
			"rotation": {"angle": 0, "axis": "z", "origin": [21, 10, 7]},
			"faces": {
				"north": {"uv": [4.5, 0.5, 6.5, 2], "rotation": 180, "texture": "#1"},
				"east": {"uv": [0, 0, 1, 1.5], "rotation": 180, "texture": "#0"},
				"south": {"uv": [0, 0, 1, 1.5], "rotation": 180, "texture": "#0"},
				"west": {"uv": [0, 0, 1, 1.5], "rotation": 180, "texture": "#0"},
				"up": {"uv": [0, 0, 1, 1.5], "rotation": 180, "texture": "#0"},
				"down": {"uv": [0, 0, 0, 0], "rotation": 180, "texture": "#0"}
			}
		},
		{
			"from": [19.575, 13, 6.025],
			"to": [21.45, 14, 7],
			"rotation": {"angle": 0, "axis": "z", "origin": [21, 10, 7]},
			"faces": {
				"north": {"uv": [4.5, 0.5, 6.5, 2], "rotation": 180, "texture": "#1"},
				"east": {"uv": [0, 0, 1, 1.5], "rotation": 180, "texture": "#0"},
				"south": {"uv": [0, 0, 1, 1.5], "rotation": 180, "texture": "#0"},
				"west": {"uv": [0, 0, 1, 1.5], "rotation": 180, "texture": "#0"},
				"up": {"uv": [0, 0, 1, 1.5], "rotation": 180, "texture": "#0"},
				"down": {"uv": [0, 0, 0, 0], "rotation": 180, "texture": "#0"}
			}
		},
		{
			"from": [20.125, 15.775, 6.025],
			"to": [20.875, 16.775, 7],
			"rotation": {"angle": 0, "axis": "z", "origin": [21, 11.775, 7]},
			"faces": {
				"north": {"uv": [4.5, 0, 6.5, 0.5], "rotation": 180, "texture": "#1"},
				"east": {"uv": [0, 0, 1, 1.5], "rotation": 180, "texture": "#0"},
				"south": {"uv": [0, 0, 1, 1.5], "rotation": 180, "texture": "#0"},
				"west": {"uv": [0, 0, 1, 1.5], "rotation": 180, "texture": "#0"},
				"up": {"uv": [0, 0, 1, 1.5], "rotation": 180, "texture": "#0"},
				"down": {"uv": [0, 0, 0, 0], "rotation": 180, "texture": "#0"}
			}
		},
		{
			"from": [19.575, 14, 6.025],
			"to": [21.45, 15, 7],
			"rotation": {"angle": 0, "axis": "z", "origin": [21, 10, 7]},
			"faces": {
				"north": {"uv": [4.5, 0.5, 6.5, 2], "rotation": 180, "texture": "#1"},
				"east": {"uv": [0, 0, 1, 1.5], "rotation": 180, "texture": "#0"},
				"south": {"uv": [0, 0, 1, 1.5], "rotation": 180, "texture": "#0"},
				"west": {"uv": [0, 0, 1, 1.5], "rotation": 180, "texture": "#0"},
				"up": {"uv": [0, 0, 1, 1.5], "rotation": 180, "texture": "#0"},
				"down": {"uv": [0, 0, 0, 0], "rotation": 180, "texture": "#0"}
			}
		},
		{
			"from": [19.725, 14.925, 6.025],
			"to": [21.275, 15.875, 7],
			"rotation": {"angle": 0, "axis": "z", "origin": [21, 10, 7]},
			"faces": {
				"north": {"uv": [4.5, 0, 6.5, 0.5], "rotation": 180, "texture": "#1"},
				"east": {"uv": [0, 0, 1, 1.5], "rotation": 180, "texture": "#0"},
				"south": {"uv": [0, 0, 1, 1.5], "rotation": 180, "texture": "#0"},
				"west": {"uv": [0, 0, 1, 1.5], "rotation": 180, "texture": "#0"},
				"up": {"uv": [0, 0, 1, 1.5], "rotation": 180, "texture": "#0"},
				"down": {"uv": [0, 0, 0, 0], "rotation": 180, "texture": "#0"}
			}
		}
	],
	"groups": [
		0,
		{
			"name": "sign",
			"origin": [8, 8, 8],
			"color": 0,
			"children": [1, 2, 3, 4, 5, 6, 7, 8, 9, 10, 11, 12, 13, 14, 15, 16]
		}
	]
}