{
	"credit": "Made with Blockbench by Mc_Jeronimo",
	"textures": {
		"0": "opensignals:blocks/projekt675signale/default/shield_black",
		"2": "opensignals:blocks/projekt675signale/zs/zs3v",
		"particle": "opensignals:blocks/projekt675signale/default/shield_black",
		"overlay": "opensignals:blocks/projekt675signale/zs3vplate/z8"
	},
	"elements": [
		{
			"from": [18.5, -2.5, 4.48],
			"to": [22.5, 3.5, 4.48],
			"rotation": {"angle": 0, "axis": "y", "origin": [12.5, -7, -0.5]},
			"faces": {
				"north": {"uv": [3, 0, 13.1, 16], "texture": "#overlay", "tintindex": 1}
			}
		},
		{
			"from": [16.25, -7.9, 4.5],
			"to": [17.25, 5.5, 5.5],
			"rotation": {"angle": 22.5, "axis": "z", "origin": [18.5, 1.75, -0.5]},
			"faces": {
				"north": {"uv": [2.5, 0, 8.5, 0.5], "rotation": 270, "texture": "#2"},
				"east": {"uv": [0, 0, 0, 0], "rotation": 90, "texture": "#0"},
				"south": {"uv": [0, 0, 1, 1.5], "rotation": 90, "texture": "#0"},
				"west": {"uv": [0, 0, 1, 1.5], "rotation": 90, "texture": "#0"},
				"up": {"uv": [0, 0, 1, 1.5], "rotation": 90, "texture": "#0"},
				"down": {"uv": [0, 0, 1, 1.5], "rotation": 90, "texture": "#0"}
			}
		},
		{
			"from": [23.45, -6.4, 4.5],
			"to": [24.45, 7, 5.5],
			"rotation": {"angle": -22.5, "axis": "z", "origin": [18.5, 1.75, -0.5]},
			"faces": {
				"north": {"uv": [2.5, 0, 8.5, 0.5], "rotation": 270, "texture": "#2"},
				"east": {"uv": [0, 0, 0, 0], "rotation": 90, "texture": "#0"},
				"south": {"uv": [0, 0, 1, 1.5], "rotation": 90, "texture": "#0"},
				"west": {"uv": [0, 0, 1, 1.5], "rotation": 90, "texture": "#0"},
				"up": {"uv": [0, 0, 1, 1.5], "rotation": 90, "texture": "#0"},
				"down": {"uv": [0, 0, 1, 1.5], "rotation": 90, "texture": "#0"}
			}
		},
		{
			"from": [16.3, 2.75, 4.525],
			"to": [24.675, 3.75, 5.5],
			"rotation": {"angle": 0, "axis": "y", "origin": [12.5, -6.25, -0.5]},
			"faces": {
				"north": {"uv": [4.5, 0.5, 6.5, 2], "texture": "#2"},
				"east": {"uv": [0, 0, 1, 1.5], "texture": "#0"},
				"south": {"uv": [0, 0, 1, 1.5], "texture": "#0"},
				"west": {"uv": [0, 0, 1, 1.5], "texture": "#0"},
				"up": {"uv": [0, 0, 0, 0], "texture": "#0"},
				"down": {"uv": [0, 0, 1, 1.5], "texture": "#0"}
			}
		},
		{
			"from": [16.3, 1.75, 4.525],
			"to": [24.675, 2.75, 5.5],
			"rotation": {"angle": 0, "axis": "y", "origin": [12.5, -6.25, -0.5]},
			"faces": {
				"north": {"uv": [4.5, 0.5, 6.5, 2], "texture": "#2"},
				"east": {"uv": [0, 0, 1, 1.5], "texture": "#0"},
				"south": {"uv": [0, 0, 1, 1.5], "texture": "#0"},
				"west": {"uv": [0, 0, 1, 1.5], "texture": "#0"},
				"up": {"uv": [0, 0, 0, 0], "texture": "#0"},
				"down": {"uv": [0, 0, 1, 1.5], "texture": "#0"}
			}
		},
		{
			"from": [17.05, 0.75, 4.525],
			"to": [24.425, 1.75, 5.5],
			"rotation": {"angle": 0, "axis": "y", "origin": [12.5, -6.25, -0.5]},
			"faces": {
				"north": {"uv": [4.5, 0.5, 6.5, 2], "texture": "#2"},
				"east": {"uv": [0, 0, 1, 1.5], "texture": "#0"},
				"south": {"uv": [0, 0, 1, 1.5], "texture": "#0"},
				"west": {"uv": [0, 0, 1, 1.5], "texture": "#0"},
				"up": {"uv": [0, 0, 0, 0], "texture": "#0"},
				"down": {"uv": [0, 0, 1, 1.5], "texture": "#0"}
			}
		},
		{
			"from": [17.05, -0.25, 4.525],
			"to": [23.925, 0.75, 5.5],
			"rotation": {"angle": 0, "axis": "y", "origin": [12.5, -6.25, -0.5]},
			"faces": {
				"north": {"uv": [4.5, 0.5, 6.5, 2], "texture": "#2"},
				"east": {"uv": [0, 0, 1, 1.5], "texture": "#0"},
				"south": {"uv": [0, 0, 1, 1.5], "texture": "#0"},
				"west": {"uv": [0, 0, 1, 1.5], "texture": "#0"},
				"up": {"uv": [0, 0, 0, 0], "texture": "#0"},
				"down": {"uv": [0, 0, 1, 1.5], "texture": "#0"}
			}
		},
		{
			"from": [17.3, -1.25, 4.525],
			"to": [23.675, -0.25, 5.5],
			"rotation": {"angle": 0, "axis": "y", "origin": [12.5, -6.25, -0.5]},
			"faces": {
				"north": {"uv": [4.5, 0.5, 6.5, 2], "texture": "#2"},
				"east": {"uv": [0, 0, 1, 1.5], "texture": "#0"},
				"south": {"uv": [0, 0, 1, 1.5], "texture": "#0"},
				"west": {"uv": [0, 0, 1, 1.5], "texture": "#0"},
				"up": {"uv": [0, 0, 0, 0], "texture": "#0"},
				"down": {"uv": [0, 0, 1, 1.5], "texture": "#0"}
			}
		},
		{
			"from": [17.8, -2.25, 4.525],
			"to": [22.925, -1.25, 5.5],
			"rotation": {"angle": 0, "axis": "y", "origin": [12.5, -6.25, -0.5]},
			"faces": {
				"north": {"uv": [4.5, 0.5, 6.5, 2], "texture": "#2"},
				"east": {"uv": [0, 0, 1, 1.5], "texture": "#0"},
				"south": {"uv": [0, 0, 1, 1.5], "texture": "#0"},
				"west": {"uv": [0, 0, 1, 1.5], "texture": "#0"},
				"up": {"uv": [0, 0, 0, 0], "texture": "#0"},
				"down": {"uv": [0, 0, 1, 1.5], "texture": "#0"}
			}
		},
		{
			"from": [18.8, -3.25, 4.525],
			"to": [22.425, -2.25, 5.5],
			"rotation": {"angle": 0, "axis": "y", "origin": [12.5, -6.25, -0.5]},
			"faces": {
				"north": {"uv": [4.5, 0.5, 6.5, 2], "texture": "#2"},
				"east": {"uv": [0, 0, 1, 1.5], "texture": "#0"},
				"south": {"uv": [0, 0, 1, 1.5], "texture": "#0"},
				"west": {"uv": [0, 0, 1, 1.5], "texture": "#0"},
				"up": {"uv": [0, 0, 0, 0], "texture": "#0"},
				"down": {"uv": [0, 0, 1, 1.5], "texture": "#0"}
			}
		},
		{
			"from": [18.8, -4.25, 4.525],
			"to": [22.425, -3.25, 5.5],
			"rotation": {"angle": 0, "axis": "y", "origin": [12.5, -6.25, -0.5]},
			"faces": {
				"north": {"uv": [4.5, 0.5, 6.5, 2], "texture": "#2"},
				"east": {"uv": [0, 0, 1, 1.5], "texture": "#0"},
				"south": {"uv": [0, 0, 1, 1.5], "texture": "#0"},
				"west": {"uv": [0, 0, 1, 1.5], "texture": "#0"},
				"up": {"uv": [0, 0, 0, 0], "texture": "#0"},
				"down": {"uv": [0, 0, 1, 1.5], "texture": "#0"}
			}
		},
		{
			"from": [19.55, -5.25, 4.525],
			"to": [21.425, -4.25, 5.5],
			"rotation": {"angle": 0, "axis": "y", "origin": [12.5, -6.25, -0.5]},
			"faces": {
				"north": {"uv": [4.5, 0.5, 6.5, 2], "texture": "#2"},
				"east": {"uv": [0, 0, 1, 1.5], "texture": "#0"},
				"south": {"uv": [0, 0, 1, 1.5], "texture": "#0"},
				"west": {"uv": [0, 0, 1, 1.5], "texture": "#0"},
				"up": {"uv": [0, 0, 0, 0], "texture": "#0"},
				"down": {"uv": [0, 0, 1, 1.5], "texture": "#0"}
			}
		},
		{
			"from": [19.55, -6.25, 4.525],
			"to": [21.425, -5.25, 5.5],
			"rotation": {"angle": 0, "axis": "y", "origin": [12.5, -6.25, -0.5]},
			"faces": {
				"north": {"uv": [4.5, 0.5, 6.5, 2], "texture": "#2"},
				"east": {"uv": [0, 0, 1, 1.5], "texture": "#0"},
				"south": {"uv": [0, 0, 1, 1.5], "texture": "#0"},
				"west": {"uv": [0, 0, 1, 1.5], "texture": "#0"},
				"up": {"uv": [0, 0, 0, 0], "texture": "#0"},
				"down": {"uv": [0, 0, 1, 1.5], "texture": "#0"}
			}
		},
		{
			"from": [20.1, -8.075, 4.5],
			"to": [20.875, -7.125, 5.475],
			"rotation": {"angle": 0, "axis": "y", "origin": [12.5, -8.125, -0.525]},
			"faces": {
				"north": {"uv": [4.5, 0, 6.5, 0.5], "texture": "#2"},
				"east": {"uv": [0, 0, 1, 1.5], "texture": "#0"},
				"south": {"uv": [0, 0, 1, 1.5], "texture": "#0"},
				"west": {"uv": [0, 0, 1, 1.5], "texture": "#0"},
				"up": {"uv": [0, 0, 0, 0], "texture": "#0"},
				"down": {"uv": [0, 0, 1, 1.5], "texture": "#0"}
			}
		},
		{
			"from": [19.55, -6.25, 4.525],
			"to": [21.425, -5.25, 5.5],
			"rotation": {"angle": 0, "axis": "y", "origin": [12.5, -6.25, -0.5]},
			"faces": {
				"north": {"uv": [4.5, 0.5, 6.5, 2], "texture": "#2"},
				"east": {"uv": [0, 0, 1, 1.5], "texture": "#0"},
				"south": {"uv": [0, 0, 1, 1.5], "texture": "#0"},
				"west": {"uv": [0, 0, 1, 1.5], "texture": "#0"},
				"up": {"uv": [0, 0, 0, 0], "texture": "#0"},
				"down": {"uv": [0, 0, 1, 1.5], "texture": "#0"}
			}
		},
		{
			"from": [15, 4.275, 4.5],
			"to": [26, 4.75, 5.5],
			"rotation": {"angle": 0, "axis": "y", "origin": [12.5, -6.25, -0.5]},
			"faces": {
				"north": {"uv": [3, 0, 5.5, 0.5], "texture": "#2"},
				"east": {"uv": [0, 0, 11, 1.5], "texture": "#0"},
				"south": {"uv": [0, 0, 11, 1.5], "texture": "#0"},
				"west": {"uv": [0, 0, 11, 1.5], "texture": "#0"},
				"up": {"uv": [0, 0, 11, 1.5], "texture": "#0"},
				"down": {"uv": [0, 0, 11, 1.5], "texture": "#0"}
			}
		},
		{
			"from": [16, 3.725, 4.5],
			"to": [25, 4.7, 5.5],
			"rotation": {"angle": 0, "axis": "y", "origin": [12.5, -6.25, -0.5]},
			"faces": {
				"north": {"uv": [3, 0, 5.5, 0.5], "texture": "#2"},
				"east": {"uv": [0, 0, 11, 1.5], "texture": "#0"},
				"south": {"uv": [0, 0, 11, 1.5], "texture": "#0"},
				"west": {"uv": [0, 0, 11, 1.5], "texture": "#0"},
				"up": {"uv": [0, 0, 11, 1.5], "texture": "#0"},
				"down": {"uv": [0, 0, 11, 1.5], "texture": "#0"}
			}
		},
		{
			"from": [19.5, -1.25, 5.5],
			"to": [21.5, -0.25, 7.5],
			"rotation": {"angle": 0, "axis": "y", "origin": [12.5, -6.25, -0.5]},
			"faces": {
				"north": {"uv": [0, 0, 2, 2], "texture": "#0"},
				"east": {"uv": [0, 0, 2, 2], "texture": "#0"},
				"south": {"uv": [0, 0, 2, 2], "texture": "#0"},
				"west": {"uv": [0, 0, 2, 2], "texture": "#0"},
				"up": {"uv": [0, 0, 2, 2], "texture": "#0"},
				"down": {"uv": [0, 0, 2, 2], "texture": "#0"}
			}
		}
	],
	"groups": [
		0,
		{
			"name": "sign",
			"origin": [8, 8, 8],
			"color": 0,
			"children": [1, 2, 3, 4, 5, 6, 7, 8, 9, 10, 11, 12, 13, 14, 15, 16]
		},
		17
	]
}