{
	"credit": "Made with Blockbench by Mc_Jeronimo",
	"texture_size": [32, 32],
	"textures": {
		"0": "opensignals:blocks/projekt675signale/default/shield_black",
		"1": "opensignals:blocks/projekt675signale/default/shield_gray",
		"2": "opensignals:blocks/projekt675signale/lamps/reflektive_flaeche",
		"3": "opensignals:blocks/projekt675signale/default/white",
		"4": "opensignals:blocks/projekt675signale/default/black",
		"particle": "opensignals:blocks/projekt675signale/default/shield_black"
	},
	"elements": [
		{
			"from": [7, -16, 7],
			"to": [9, 16, 9],
			"rotation": {"angle": 0, "axis": "y", "origin": [0, -2, 0]},
			"faces": {
				"north": {"uv": [0, 0, 1, 10], "texture": "#1"},
				"east": {"uv": [0, 0, 1, 10], "texture": "#1"},
				"south": {"uv": [0, 0, 1, 10], "texture": "#1"},
				"west": {"uv": [0, 0, 1, 10], "texture": "#1"},
				"up": {"uv": [0, 0, 1, 1], "texture": "#1"},
				"down": {"uv": [0, 0, 1, 1], "texture": "#1"}
			}
		},
		{
			"name": "sign",
			"from": [1, 24.9, 6.1],
			"to": [13, 25.9, 7],
			"rotation": {"angle": -22.5, "axis": "z", "origin": [-4, 20.9, 0]},
			"faces": {
				"north": {"uv": [0, 0, 5, 14], "texture": "#4"},
				"east": {"uv": [0, 0, 0.5, 14], "texture": "#0"},
				"south": {"uv": [0, 0, 5, 14], "texture": "#0"},
				"west": {"uv": [0, 0, 0.5, 14], "texture": "#0"},
				"up": {"uv": [0, 0, 5, 0.5], "texture": "#0"},
				"down": {"uv": [0, 0, 5, 0.5], "texture": "#0"}
			}
		},
		{
			"name": "sign",
			"from": [1, 16.7, 6.1],
			"to": [13, 17.7, 7],
			"rotation": {"angle": -22.5, "axis": "z", "origin": [-4, 12.7, 0]},
			"faces": {
				"north": {"uv": [0, 0, 5, 14], "texture": "#4"},
				"east": {"uv": [0, 0, 0.5, 14], "texture": "#0"},
				"south": {"uv": [0, 0, 5, 14], "texture": "#0"},
				"west": {"uv": [0, 0, 0.5, 14], "texture": "#0"},
				"up": {"uv": [0, 0, 5, 0.5], "texture": "#0"},
				"down": {"uv": [0, 0, 5, 0.5], "texture": "#0"}
			}
		},
		{
			"name": "sign",
			"from": [1, 15.6, 6.1],
			"to": [13, 16.6, 7],
			"rotation": {"angle": -22.5, "axis": "z", "origin": [-4, 11.6, 0]},
			"faces": {
				"north": {"uv": [0, 0, 5, 14], "texture": "#2"},
				"east": {"uv": [0, 0, 0.5, 14], "texture": "#0"},
				"south": {"uv": [0, 0, 5, 14], "texture": "#0"},
				"west": {"uv": [0, 0, 0.5, 14], "texture": "#0"},
				"up": {"uv": [0, 0, 5, 0.5], "texture": "#0"},
				"down": {"uv": [0, 0, 5, 0.5], "texture": "#0"}
			}
		},
		{
			"name": "sign",
			"from": [1, 14.6, 6.1],
			"to": [13, 15.6, 7],
			"rotation": {"angle": -22.5, "axis": "z", "origin": [-4, 10.6, 0]},
			"faces": {
				"north": {"uv": [0, 0, 5, 14], "texture": "#2"},
				"east": {"uv": [0, 0, 0.5, 14], "texture": "#0"},
				"south": {"uv": [0, 0, 5, 14], "texture": "#0"},
				"west": {"uv": [0, 0, 0.5, 14], "texture": "#0"},
				"up": {"uv": [0, 0, 5, 0.5], "texture": "#0"},
				"down": {"uv": [0, 0, 5, 0.5], "texture": "#0"}
			}
		},
		{
			"name": "sign",
			"from": [1, 13.6, 6.1],
			"to": [13, 14.6, 7],
			"rotation": {"angle": -22.5, "axis": "z", "origin": [-4, 9.6, 0]},
			"faces": {
				"north": {"uv": [0, 0, 5, 14], "texture": "#2"},
				"east": {"uv": [0, 0, 0.5, 14], "texture": "#0"},
				"south": {"uv": [0, 0, 5, 14], "texture": "#0"},
				"west": {"uv": [0, 0, 0.5, 14], "texture": "#0"},
				"up": {"uv": [0, 0, 5, 0.5], "texture": "#0"},
				"down": {"uv": [0, 0, 5, 0.5], "texture": "#0"}
			}
		},
		{
			"name": "sign",
			"from": [1, 12.5, 6.1],
			"to": [13, 13.5, 7],
			"rotation": {"angle": -22.5, "axis": "z", "origin": [-4, 8.5, 0]},
			"faces": {
				"north": {"uv": [0, 0, 5, 14], "texture": "#4"},
				"east": {"uv": [0, 0, 0.5, 14], "texture": "#0"},
				"south": {"uv": [0, 0, 5, 14], "texture": "#0"},
				"west": {"uv": [0, 0, 0.5, 14], "texture": "#0"},
				"up": {"uv": [0, 0, 5, 0.5], "texture": "#0"},
				"down": {"uv": [0, 0, 5, 0.5], "texture": "#0"}
			}
		},
		{
			"name": "sign",
			"from": [1, 5.3, 6.1],
			"to": [13, 6.3, 7],
			"rotation": {"angle": -22.5, "axis": "z", "origin": [-4, 1.3, 0]},
			"faces": {
				"north": {"uv": [0, 0, 5, 14], "texture": "#4"},
				"east": {"uv": [0, 0, 0.5, 14], "texture": "#0"},
				"south": {"uv": [0, 0, 5, 14], "texture": "#0"},
				"west": {"uv": [0, 0, 0.5, 14], "texture": "#0"},
				"up": {"uv": [0, 0, 5, 0.5], "texture": "#0"},
				"down": {"uv": [0, 0, 5, 0.5], "texture": "#0"}
			}
		},
		{
			"name": "sign",
			"from": [1, 4.3, 6.1],
			"to": [13, 5.3, 7],
			"rotation": {"angle": -22.5, "axis": "z", "origin": [-4, 0.3, 0]},
			"faces": {
				"north": {"uv": [0, 0, 5, 14], "texture": "#4"},
				"east": {"uv": [0, 0, 0.5, 14], "texture": "#0"},
				"south": {"uv": [0, 0, 5, 14], "texture": "#0"},
				"west": {"uv": [0, 0, 0.5, 14], "texture": "#0"},
				"up": {"uv": [0, 0, 5, 0.5], "texture": "#0"},
				"down": {"uv": [0, 0, 5, 0.5], "texture": "#0"}
			}
		},
		{
			"name": "sign",
			"from": [1, 9.4, 6.1],
			"to": [13, 10.4, 7],
			"rotation": {"angle": -22.5, "axis": "z", "origin": [-4, 5.4, 0]},
			"faces": {
				"north": {"uv": [0, 0, 5, 14], "texture": "#2"},
				"east": {"uv": [0, 0, 0.5, 14], "texture": "#0"},
				"south": {"uv": [0, 0, 5, 14], "texture": "#0"},
				"west": {"uv": [0, 0, 0.5, 14], "texture": "#0"},
				"up": {"uv": [0, 0, 5, 0.5], "texture": "#0"},
				"down": {"uv": [0, 0, 5, 0.5], "texture": "#0"}
			}
		},
		{
			"name": "sign",
			"from": [1, 8.4, 6.1],
			"to": [13, 9.4, 7],
			"rotation": {"angle": -22.5, "axis": "z", "origin": [-4, 4.4, 0]},
			"faces": {
				"north": {"uv": [0, 0, 5, 14], "texture": "#2"},
				"east": {"uv": [0, 0, 0.5, 14], "texture": "#0"},
				"south": {"uv": [0, 0, 5, 14], "texture": "#0"},
				"west": {"uv": [0, 0, 0.5, 14], "texture": "#0"},
				"up": {"uv": [0, 0, 5, 0.5], "texture": "#0"},
				"down": {"uv": [0, 0, 5, 0.5], "texture": "#0"}
			}
		},
		{
			"name": "sign",
			"from": [1, 7.4, 6.1],
			"to": [13, 8.4, 7],
			"rotation": {"angle": -22.5, "axis": "z", "origin": [-4, 3.4, 0]},
			"faces": {
				"north": {"uv": [0, 0, 5, 14], "texture": "#2"},
				"east": {"uv": [0, 0, 0.5, 14], "texture": "#0"},
				"south": {"uv": [0, 0, 5, 14], "texture": "#0"},
				"west": {"uv": [0, 0, 0.5, 14], "texture": "#0"},
				"up": {"uv": [0, 0, 5, 0.5], "texture": "#0"},
				"down": {"uv": [0, 0, 5, 0.5], "texture": "#0"}
			}
		},
		{
			"name": "sign",
			"from": [1, 6.3, 6.1],
			"to": [13, 7.3, 7],
			"rotation": {"angle": -22.5, "axis": "z", "origin": [-4, 2.3, 0]},
			"faces": {
				"north": {"uv": [0, 0, 5, 14], "texture": "#4"},
				"east": {"uv": [0, 0, 0.5, 14], "texture": "#0"},
				"south": {"uv": [0, 0, 5, 14], "texture": "#0"},
				"west": {"uv": [0, 0, 0.5, 14], "texture": "#0"},
				"up": {"uv": [0, 0, 5, 0.5], "texture": "#0"},
				"down": {"uv": [0, 0, 5, 0.5], "texture": "#0"}
			}
		},
		{
			"name": "sign",
			"from": [1, 11.5, 6.1],
			"to": [13, 12.5, 7],
			"rotation": {"angle": -22.5, "axis": "z", "origin": [-4, 7.5, 0]},
			"faces": {
				"north": {"uv": [0, 0, 5, 14], "texture": "#4"},
				"east": {"uv": [0, 0, 0.5, 14], "texture": "#0"},
				"south": {"uv": [0, 0, 5, 14], "texture": "#0"},
				"west": {"uv": [0, 0, 0.5, 14], "texture": "#0"},
				"up": {"uv": [0, 0, 5, 0.5], "texture": "#0"},
				"down": {"uv": [0, 0, 5, 0.5], "texture": "#0"}
			}
		},
		{
			"name": "sign",
			"from": [1, 10.5, 6.1],
			"to": [13, 11.5, 7],
			"rotation": {"angle": -22.5, "axis": "z", "origin": [-4, 6.5, 0]},
			"faces": {
				"north": {"uv": [0, 0, 5, 14], "texture": "#4"},
				"east": {"uv": [0, 0, 0.5, 14], "texture": "#0"},
				"south": {"uv": [0, 0, 5, 14], "texture": "#0"},
				"west": {"uv": [0, 0, 0.5, 14], "texture": "#0"},
				"up": {"uv": [0, 0, 5, 0.5], "texture": "#0"},
				"down": {"uv": [0, 0, 5, 0.5], "texture": "#0"}
			}
		},
		{
			"name": "sign",
			"from": [1, 17.7, 6.1],
			"to": [13, 18.7, 7],
			"rotation": {"angle": -22.5, "axis": "z", "origin": [-4, 13.7, 0]},
			"faces": {
				"north": {"uv": [0, 0, 5, 14], "texture": "#4"},
				"east": {"uv": [0, 0, 0.5, 14], "texture": "#0"},
				"south": {"uv": [0, 0, 5, 14], "texture": "#0"},
				"west": {"uv": [0, 0, 0.5, 14], "texture": "#0"},
				"up": {"uv": [0, 0, 5, 0.5], "texture": "#0"},
				"down": {"uv": [0, 0, 5, 0.5], "texture": "#0"}
			}
		},
		{
			"name": "sign",
			"from": [1, 21.8, 6.1],
			"to": [13, 22.8, 7],
			"rotation": {"angle": -22.5, "axis": "z", "origin": [-4, 17.8, 0]},
			"faces": {
				"north": {"uv": [0, 0, 5, 14], "texture": "#2"},
				"east": {"uv": [0, 0, 0.5, 14], "texture": "#0"},
				"south": {"uv": [0, 0, 5, 14], "texture": "#0"},
				"west": {"uv": [0, 0, 0.5, 14], "texture": "#0"},
				"up": {"uv": [0, 0, 5, 0.5], "texture": "#0"},
				"down": {"uv": [0, 0, 5, 0.5], "texture": "#0"}
			}
		},
		{
			"name": "sign",
			"from": [1, 20.8, 6.1],
			"to": [13, 21.8, 7],
			"rotation": {"angle": -22.5, "axis": "z", "origin": [-4, 16.8, 0]},
			"faces": {
				"north": {"uv": [0, 0, 5, 14], "texture": "#2"},
				"east": {"uv": [0, 0, 0.5, 14], "texture": "#0"},
				"south": {"uv": [0, 0, 5, 14], "texture": "#0"},
				"west": {"uv": [0, 0, 0.5, 14], "texture": "#0"},
				"up": {"uv": [0, 0, 5, 0.5], "texture": "#0"},
				"down": {"uv": [0, 0, 5, 0.5], "texture": "#0"}
			}
		},
		{
			"name": "sign",
			"from": [1, 19.8, 6.1],
			"to": [13, 20.8, 7],
			"rotation": {"angle": -22.5, "axis": "z", "origin": [-4, 15.8, 0]},
			"faces": {
				"north": {"uv": [0, 0, 5, 14], "texture": "#2"},
				"east": {"uv": [0, 0, 0.5, 14], "texture": "#0"},
				"south": {"uv": [0, 0, 5, 14], "texture": "#0"},
				"west": {"uv": [0, 0, 0.5, 14], "texture": "#0"},
				"up": {"uv": [0, 0, 5, 0.5], "texture": "#0"},
				"down": {"uv": [0, 0, 5, 0.5], "texture": "#0"}
			}
		},
		{
			"name": "sign",
			"from": [1, 18.7, 6.1],
			"to": [13, 19.7, 7],
			"rotation": {"angle": -22.5, "axis": "z", "origin": [-4, 14.7, 0]},
			"faces": {
				"north": {"uv": [0, 0, 5, 14], "texture": "#4"},
				"east": {"uv": [0, 0, 0.5, 14], "texture": "#0"},
				"south": {"uv": [0, 0, 5, 14], "texture": "#0"},
				"west": {"uv": [0, 0, 0.5, 14], "texture": "#0"},
				"up": {"uv": [0, 0, 5, 0.5], "texture": "#0"},
				"down": {"uv": [0, 0, 5, 0.5], "texture": "#0"}
			}
		},
		{
			"name": "sign",
			"from": [1, 26, 6.1],
			"to": [13, 27, 7],
			"rotation": {"angle": -22.5, "axis": "z", "origin": [-4, 22, 0]},
			"faces": {
				"north": {"uv": [0, 0, 5, 14], "texture": "#2"},
				"east": {"uv": [0, 0, 0.5, 14], "texture": "#0"},
				"south": {"uv": [0, 0, 5, 14], "texture": "#0"},
				"west": {"uv": [0, 0, 0.5, 14], "texture": "#0"},
				"up": {"uv": [0, 0, 5, 0.5], "texture": "#0"},
				"down": {"uv": [0, 0, 5, 0.5], "texture": "#0"}
			}
		},
		{
			"name": "sign",
			"from": [1, 27, 6.1],
			"to": [13, 28, 7],
			"rotation": {"angle": -22.5, "axis": "z", "origin": [-4, 23, 0]},
			"faces": {
				"north": {"uv": [0, 0, 5, 14], "texture": "#2"},
				"east": {"uv": [0, 0, 0.5, 14], "texture": "#0"},
				"south": {"uv": [0, 0, 5, 14], "texture": "#0"},
				"west": {"uv": [0, 0, 0.5, 14], "texture": "#0"},
				"up": {"uv": [0, 0, 5, 0.5], "texture": "#0"},
				"down": {"uv": [0, 0, 5, 0.5], "texture": "#0"}
			}
		},
		{
			"name": "sign",
			"from": [1, 28, 6.1],
			"to": [13, 29, 7],
			"rotation": {"angle": -22.5, "axis": "z", "origin": [-4, 24, 0]},
			"faces": {
				"north": {"uv": [0, 0, 5, 14], "texture": "#2"},
				"east": {"uv": [0, 0, 0.5, 14], "texture": "#0"},
				"south": {"uv": [0, 0, 5, 14], "texture": "#0"},
				"west": {"uv": [0, 0, 0.5, 14], "texture": "#0"},
				"up": {"uv": [0, 0, 5, 0.5], "texture": "#0"},
				"down": {"uv": [0, 0, 5, 0.5], "texture": "#0"}
			}
		},
		{
			"name": "sign",
			"from": [1, 23.9, 6.1],
			"to": [13, 24.9, 7],
			"rotation": {"angle": -22.5, "axis": "z", "origin": [-4, 19.9, 0]},
			"faces": {
				"north": {"uv": [0, 0, 5, 14], "texture": "#4"},
				"east": {"uv": [0, 0, 0.5, 14], "texture": "#0"},
				"south": {"uv": [0, 0, 5, 14], "texture": "#0"},
				"west": {"uv": [0, 0, 0.5, 14], "texture": "#0"},
				"up": {"uv": [0, 0, 5, 0.5], "texture": "#0"},
				"down": {"uv": [0, 0, 5, 0.5], "texture": "#0"}
			}
		},
		{
			"name": "sign",
			"from": [1, 22.9, 6.1],
			"to": [13, 23.9, 7],
			"rotation": {"angle": -22.5, "axis": "z", "origin": [-4, 18.9, 0]},
			"faces": {
				"north": {"uv": [0, 0, 5, 14], "texture": "#4"},
				"east": {"uv": [0, 0, 0.5, 14], "texture": "#0"},
				"south": {"uv": [0, 0, 5, 14], "texture": "#0"},
				"west": {"uv": [0, 0, 0.5, 14], "texture": "#0"},
				"up": {"uv": [0, 0, 5, 0.5], "texture": "#0"},
				"down": {"uv": [0, 0, 5, 0.5], "texture": "#0"}
			}
		},
		{
			"name": "sign",
			"from": [2, 31, 6],
			"to": [14, 32, 7],
			"faces": {
				"north": {"uv": [0, 0, 5, 14], "texture": "#4"},
				"east": {"uv": [0, 0, 0.5, 14], "texture": "#0"},
				"south": {"uv": [0, 0, 5, 14], "texture": "#0"},
				"west": {"uv": [0, 0, 0.5, 14], "texture": "#0"},
				"up": {"uv": [0, 0, 5, 0.5], "texture": "#0"},
				"down": {"uv": [0, 0, 5, 0.5], "texture": "#0"}
			}
		},
		{
			"name": "sign",
			"from": [2, -7.5, 6],
			"to": [14, -6.5, 7],
			"rotation": {"angle": 0, "axis": "y", "origin": [0, -38.5, 0]},
			"faces": {
				"north": {"uv": [0, 0, 5, 14], "texture": "#4"},
				"east": {"uv": [0, 0, 0.5, 14], "texture": "#0"},
				"south": {"uv": [0, 0, 5, 14], "texture": "#0"},
				"west": {"uv": [0, 0, 0.5, 14], "texture": "#0"},
				"up": {"uv": [0, 0, 5, 0.5], "texture": "#0"},
				"down": {"uv": [0, 0, 5, 0.5], "texture": "#0"}
			}
		},
		{
			"name": "sign",
			"from": [3, -6.5, 6.2],
			"to": [13, 31, 7],
			"rotation": {"angle": 0, "axis": "y", "origin": [0, -25.5, 0]},
			"faces": {
				"north": {"uv": [0, 0, 5, 14], "texture": "#3"},
				"east": {"uv": [0, 0, 0.5, 14], "texture": "#0"},
				"south": {"uv": [0, 0, 5, 14], "texture": "#0"},
				"west": {"uv": [0, 0, 0.5, 14], "texture": "#0"},
				"up": {"uv": [0, 0, 5, 0.5], "texture": "#0"},
				"down": {"uv": [0, 0, 5, 0.5], "texture": "#0"}
			}
		},
		{
			"name": "sign",
			"from": [13, -6.5, 6],
			"to": [14, 31, 7],
			"rotation": {"angle": 0, "axis": "y", "origin": [1, 0, 0]},
			"faces": {
				"north": {"uv": [0, 0, 5, 14], "texture": "#4"},
				"east": {"uv": [0, 0, 0.5, 14], "texture": "#0"},
				"south": {"uv": [0, 0, 5, 14], "texture": "#0"},
				"west": {"uv": [0, 0, 0.5, 14], "texture": "#0"},
				"up": {"uv": [0, 0, 5, 0.5], "texture": "#0"},
				"down": {"uv": [0, 0, 5, 0.5], "texture": "#0"}
			}
		},
		{
			"name": "sign",
			"from": [2, -6.5, 6],
			"to": [3, 31, 7],
			"rotation": {"angle": 0, "axis": "y", "origin": [-1, 0, 0]},
			"faces": {
				"north": {"uv": [0, 0, 5, 14], "texture": "#4"},
				"east": {"uv": [0, 0, 0.5, 14], "texture": "#0"},
				"south": {"uv": [0, 0, 5, 14], "texture": "#0"},
				"west": {"uv": [0, 0, 0.5, 14], "texture": "#0"},
				"up": {"uv": [0, 0, 5, 0.5], "texture": "#0"},
				"down": {"uv": [0, 0, 5, 0.5], "texture": "#0"}
			}
		}
	],
	"groups": [
		0,
		{
			"name": "sign",
			"origin": [8, 8, 8],
			"color": 0,
			"children": [
				{
					"name": "group",
					"origin": [8, 8, 8],
					"color": 0,
					"children": [1, 2, 3, 4, 5, 6, 7, 8, 9, 10, 11, 12, 13, 14, 15, 16, 17, 18, 19, 20, 21, 22, 23, 24]
				},
				25,
				26,
				27,
				28,
				29
			]
		}
	]
}