{
	"credit": "Made with Blockbench by Mc_Jeronimo",
	"texture_size": [32, 32],
	"textures": {
		"0": "opensignals:blocks/projekt675signale/default/shield_black",
		"1": "opensignals:blocks/projekt675signale/default/shield_gray",
		"2": "opensignals:blocks/projekt675signale/lamps/reflektive_flaeche",
		"3": "opensignals:blocks/projekt675signale/default/white",
		"4": "opensignals:blocks/projekt675signale/default/black",
		"particle": "opensignals:blocks/projekt675signale/default/shield_black"
	},
	"elements": [
		{
			"from": [7, -16, 7],
			"to": [9, 16, 9],
			"rotation": {"angle": 0, "axis": "y", "origin": [0, -2, 0]},
			"faces": {
				"north": {"uv": [0, 0, 1, 10], "texture": "#1"},
				"east": {"uv": [0, 0, 1, 10], "texture": "#1"},
				"south": {"uv": [0, 0, 1, 10], "texture": "#1"},
				"west": {"uv": [0, 0, 1, 10], "texture": "#1"},
				"up": {"uv": [0, 0, 1, 1], "texture": "#1"},
				"down": {"uv": [0, 0, 1, 1], "texture": "#1"}
			}
		},
		{
			"name": "sign",
			"from": [1, 27.9, 6.1],
			"to": [13, 28.9, 7],
			"rotation": {"angle": -22.5, "axis": "z", "origin": [-4, 23.9, 0]},
			"faces": {
				"north": {"uv": [0, 0, 5, 14], "texture": "#4"},
				"east": {"uv": [0, 0, 0.5, 14], "texture": "#0"},
				"south": {"uv": [0, 0, 5, 14], "texture": "#0"},
				"west": {"uv": [0, 0, 0.5, 14], "texture": "#0"},
				"up": {"uv": [0, 0, 5, 0.5], "texture": "#0"},
				"down": {"uv": [0, 0, 5, 0.5], "texture": "#0"}
			}
		},
		{
			"name": "sign",
			"from": [1, 19.7, 6.1],
			"to": [13, 20.7, 7],
			"rotation": {"angle": -22.5, "axis": "z", "origin": [-4, 15.7, 0]},
			"faces": {
				"north": {"uv": [0, 0, 5, 14], "texture": "#4"},
				"east": {"uv": [0, 0, 0.5, 14], "texture": "#0"},
				"south": {"uv": [0, 0, 5, 14], "texture": "#0"},
				"west": {"uv": [0, 0, 0.5, 14], "texture": "#0"},
				"up": {"uv": [0, 0, 5, 0.5], "texture": "#0"},
				"down": {"uv": [0, 0, 5, 0.5], "texture": "#0"}
			}
		},
		{
			"name": "sign",
			"from": [1, 18.6, 6.1],
			"to": [13, 19.6, 7],
			"rotation": {"angle": -22.5, "axis": "z", "origin": [-4, 14.6, 0]},
			"faces": {
				"north": {"uv": [0, 0, 5, 14], "texture": "#2"},
				"east": {"uv": [0, 0, 0.5, 14], "texture": "#0"},
				"south": {"uv": [0, 0, 5, 14], "texture": "#0"},
				"west": {"uv": [0, 0, 0.5, 14], "texture": "#0"},
				"up": {"uv": [0, 0, 5, 0.5], "texture": "#0"},
				"down": {"uv": [0, 0, 5, 0.5], "texture": "#0"}
			}
		},
		{
			"name": "sign",
			"from": [1, 17.6, 6.1],
			"to": [13, 18.6, 7],
			"rotation": {"angle": -22.5, "axis": "z", "origin": [-4, 13.6, 0]},
			"faces": {
				"north": {"uv": [0, 0, 5, 14], "texture": "#2"},
				"east": {"uv": [0, 0, 0.5, 14], "texture": "#0"},
				"south": {"uv": [0, 0, 5, 14], "texture": "#0"},
				"west": {"uv": [0, 0, 0.5, 14], "texture": "#0"},
				"up": {"uv": [0, 0, 5, 0.5], "texture": "#0"},
				"down": {"uv": [0, 0, 5, 0.5], "texture": "#0"}
			}
		},
		{
			"name": "sign",
			"from": [1, 16.6, 6.1],
			"to": [13, 17.6, 7],
			"rotation": {"angle": -22.5, "axis": "z", "origin": [-4, 12.6, 0]},
			"faces": {
				"north": {"uv": [0, 0, 5, 14], "texture": "#2"},
				"east": {"uv": [0, 0, 0.5, 14], "texture": "#0"},
				"south": {"uv": [0, 0, 5, 14], "texture": "#0"},
				"west": {"uv": [0, 0, 0.5, 14], "texture": "#0"},
				"up": {"uv": [0, 0, 5, 0.5], "texture": "#0"},
				"down": {"uv": [0, 0, 5, 0.5], "texture": "#0"}
			}
		},
		{
			"name": "sign",
			"from": [1, 15.5, 6.1],
			"to": [13, 16.5, 7],
			"rotation": {"angle": -22.5, "axis": "z", "origin": [-4, 11.5, 0]},
			"faces": {
				"north": {"uv": [0, 0, 5, 14], "texture": "#4"},
				"east": {"uv": [0, 0, 0.5, 14], "texture": "#0"},
				"south": {"uv": [0, 0, 5, 14], "texture": "#0"},
				"west": {"uv": [0, 0, 0.5, 14], "texture": "#0"},
				"up": {"uv": [0, 0, 5, 0.5], "texture": "#0"},
				"down": {"uv": [0, 0, 5, 0.5], "texture": "#0"}
			}
		},
		{
			"name": "sign",
			"from": [1, 8.3, 6.1],
			"to": [13, 9.3, 7],
			"rotation": {"angle": -22.5, "axis": "z", "origin": [-4, 4.3, 0]},
			"faces": {
				"north": {"uv": [0, 0, 5, 14], "texture": "#4"},
				"east": {"uv": [0, 0, 0.5, 14], "texture": "#0"},
				"south": {"uv": [0, 0, 5, 14], "texture": "#0"},
				"west": {"uv": [0, 0, 0.5, 14], "texture": "#0"},
				"up": {"uv": [0, 0, 5, 0.5], "texture": "#0"},
				"down": {"uv": [0, 0, 5, 0.5], "texture": "#0"}
			}
		},
		{
			"name": "sign",
			"from": [1, 7.3, 6.1],
			"to": [13, 8.3, 7],
			"rotation": {"angle": -22.5, "axis": "z", "origin": [-4, 3.3, 0]},
			"faces": {
				"north": {"uv": [0, 0, 5, 14], "texture": "#4"},
				"east": {"uv": [0, 0, 0.5, 14], "texture": "#0"},
				"south": {"uv": [0, 0, 5, 14], "texture": "#0"},
				"west": {"uv": [0, 0, 0.5, 14], "texture": "#0"},
				"up": {"uv": [0, 0, 5, 0.5], "texture": "#0"},
				"down": {"uv": [0, 0, 5, 0.5], "texture": "#0"}
			}
		},
		{
			"name": "sign",
			"from": [1, 6.2, 6.1],
			"to": [13, 7.2, 7],
			"rotation": {"angle": -22.5, "axis": "z", "origin": [-4, 2.2, 0]},
			"faces": {
				"north": {"uv": [0, 0, 5, 14], "texture": "#2"},
				"east": {"uv": [0, 0, 0.5, 14], "texture": "#0"},
				"south": {"uv": [0, 0, 5, 14], "texture": "#0"},
				"west": {"uv": [0, 0, 0.5, 14], "texture": "#0"},
				"up": {"uv": [0, 0, 5, 0.5], "texture": "#0"},
				"down": {"uv": [0, 0, 5, 0.5], "texture": "#0"}
			}
		},
		{
			"name": "sign",
			"from": [1, 5.2, 6.1],
			"to": [13, 6.2, 7],
			"rotation": {"angle": -22.5, "axis": "z", "origin": [-4, 1.2, 0]},
			"faces": {
				"north": {"uv": [0, 0, 5, 14], "texture": "#2"},
				"east": {"uv": [0, 0, 0.5, 14], "texture": "#0"},
				"south": {"uv": [0, 0, 5, 14], "texture": "#0"},
				"west": {"uv": [0, 0, 0.5, 14], "texture": "#0"},
				"up": {"uv": [0, 0, 5, 0.5], "texture": "#0"},
				"down": {"uv": [0, 0, 5, 0.5], "texture": "#0"}
			}
		},
		{
			"name": "sign",
			"from": [1, 4.2, 6.1],
			"to": [13, 5.2, 7],
			"rotation": {"angle": -22.5, "axis": "z", "origin": [-4, 0.2, 0]},
			"faces": {
				"north": {"uv": [0, 0, 5, 14], "texture": "#2"},
				"east": {"uv": [0, 0, 0.5, 14], "texture": "#0"},
				"south": {"uv": [0, 0, 5, 14], "texture": "#0"},
				"west": {"uv": [0, 0, 0.5, 14], "texture": "#0"},
				"up": {"uv": [0, 0, 5, 0.5], "texture": "#0"},
				"down": {"uv": [0, 0, 5, 0.5], "texture": "#0"}
			}
		},
		{
			"name": "sign",
			"from": [1, 3.1, 6.1],
			"to": [13, 4.1, 7],
			"rotation": {"angle": -22.5, "axis": "z", "origin": [-4, -0.9, 0]},
			"faces": {
				"north": {"uv": [0, 0, 5, 14], "texture": "#4"},
				"east": {"uv": [0, 0, 0.5, 14], "texture": "#0"},
				"south": {"uv": [0, 0, 5, 14], "texture": "#0"},
				"west": {"uv": [0, 0, 0.5, 14], "texture": "#0"},
				"up": {"uv": [0, 0, 5, 0.5], "texture": "#0"},
				"down": {"uv": [0, 0, 5, 0.5], "texture": "#0"}
			}
		},
		{
			"name": "sign",
			"from": [1, 2.1, 6.1],
			"to": [13, 3.1, 7],
			"rotation": {"angle": -22.5, "axis": "z", "origin": [-4, -1.9, 0]},
			"faces": {
				"north": {"uv": [0, 0, 5, 14], "texture": "#4"},
				"east": {"uv": [0, 0, 0.5, 14], "texture": "#0"},
				"south": {"uv": [0, 0, 5, 14], "texture": "#0"},
				"west": {"uv": [0, 0, 0.5, 14], "texture": "#0"},
				"up": {"uv": [0, 0, 5, 0.5], "texture": "#0"},
				"down": {"uv": [0, 0, 5, 0.5], "texture": "#0"}
			}
		},
		{
			"name": "sign",
			"from": [1, 1.1, 6.1],
			"to": [13, 2.1, 7],
			"rotation": {"angle": -22.5, "axis": "z", "origin": [-4, -2.9, 0]},
			"faces": {
				"north": {"uv": [0, 0, 5, 14], "texture": "#4"},
				"east": {"uv": [0, 0, 0.5, 14], "texture": "#0"},
				"south": {"uv": [0, 0, 5, 14], "texture": "#0"},
				"west": {"uv": [0, 0, 0.5, 14], "texture": "#0"},
				"up": {"uv": [0, 0, 5, 0.5], "texture": "#0"},
				"down": {"uv": [0, 0, 5, 0.5], "texture": "#0"}
			}
		},
		{
			"name": "sign",
			"from": [1, 12.4, 6.1],
			"to": [13, 13.4, 7],
			"rotation": {"angle": -22.5, "axis": "z", "origin": [-4, 8.4, 0]},
			"faces": {
				"north": {"uv": [0, 0, 5, 14], "texture": "#2"},
				"east": {"uv": [0, 0, 0.5, 14], "texture": "#0"},
				"south": {"uv": [0, 0, 5, 14], "texture": "#0"},
				"west": {"uv": [0, 0, 0.5, 14], "texture": "#0"},
				"up": {"uv": [0, 0, 5, 0.5], "texture": "#0"},
				"down": {"uv": [0, 0, 5, 0.5], "texture": "#0"}
			}
		},
		{
			"name": "sign",
			"from": [1, 11.4, 6.1],
			"to": [13, 12.4, 7],
			"rotation": {"angle": -22.5, "axis": "z", "origin": [-4, 7.4, 0]},
			"faces": {
				"north": {"uv": [0, 0, 5, 14], "texture": "#2"},
				"east": {"uv": [0, 0, 0.5, 14], "texture": "#0"},
				"south": {"uv": [0, 0, 5, 14], "texture": "#0"},
				"west": {"uv": [0, 0, 0.5, 14], "texture": "#0"},
				"up": {"uv": [0, 0, 5, 0.5], "texture": "#0"},
				"down": {"uv": [0, 0, 5, 0.5], "texture": "#0"}
			}
		},
		{
			"name": "sign",
			"from": [1, 10.4, 6.1],
			"to": [13, 11.4, 7],
			"rotation": {"angle": -22.5, "axis": "z", "origin": [-4, 6.4, 0]},
			"faces": {
				"north": {"uv": [0, 0, 5, 14], "texture": "#2"},
				"east": {"uv": [0, 0, 0.5, 14], "texture": "#0"},
				"south": {"uv": [0, 0, 5, 14], "texture": "#0"},
				"west": {"uv": [0, 0, 0.5, 14], "texture": "#0"},
				"up": {"uv": [0, 0, 5, 0.5], "texture": "#0"},
				"down": {"uv": [0, 0, 5, 0.5], "texture": "#0"}
			}
		},
		{
			"name": "sign",
			"from": [1, 9.3, 6.1],
			"to": [13, 10.3, 7],
			"rotation": {"angle": -22.5, "axis": "z", "origin": [-4, 5.3, 0]},
			"faces": {
				"north": {"uv": [0, 0, 5, 14], "texture": "#4"},
				"east": {"uv": [0, 0, 0.5, 14], "texture": "#0"},
				"south": {"uv": [0, 0, 5, 14], "texture": "#0"},
				"west": {"uv": [0, 0, 0.5, 14], "texture": "#0"},
				"up": {"uv": [0, 0, 5, 0.5], "texture": "#0"},
				"down": {"uv": [0, 0, 5, 0.5], "texture": "#0"}
			}
		},
		{
			"name": "sign",
			"from": [1, 14.5, 6.1],
			"to": [13, 15.5, 7],
			"rotation": {"angle": -22.5, "axis": "z", "origin": [-4, 10.5, 0]},
			"faces": {
				"north": {"uv": [0, 0, 5, 14], "texture": "#4"},
				"east": {"uv": [0, 0, 0.5, 14], "texture": "#0"},
				"south": {"uv": [0, 0, 5, 14], "texture": "#0"},
				"west": {"uv": [0, 0, 0.5, 14], "texture": "#0"},
				"up": {"uv": [0, 0, 5, 0.5], "texture": "#0"},
				"down": {"uv": [0, 0, 5, 0.5], "texture": "#0"}
			}
		},
		{
			"name": "sign",
			"from": [1, 13.5, 6.1],
			"to": [13, 14.5, 7],
			"rotation": {"angle": -22.5, "axis": "z", "origin": [-4, 9.5, 0]},
			"faces": {
				"north": {"uv": [0, 0, 5, 14], "texture": "#4"},
				"east": {"uv": [0, 0, 0.5, 14], "texture": "#0"},
				"south": {"uv": [0, 0, 5, 14], "texture": "#0"},
				"west": {"uv": [0, 0, 0.5, 14], "texture": "#0"},
				"up": {"uv": [0, 0, 5, 0.5], "texture": "#0"},
				"down": {"uv": [0, 0, 5, 0.5], "texture": "#0"}
			}
		},
		{
			"name": "sign",
			"from": [1, 20.7, 6.1],
			"to": [13, 21.7, 7],
			"rotation": {"angle": -22.5, "axis": "z", "origin": [-4, 16.7, 0]},
			"faces": {
				"north": {"uv": [0, 0, 5, 14], "texture": "#4"},
				"east": {"uv": [0, 0, 0.5, 14], "texture": "#0"},
				"south": {"uv": [0, 0, 5, 14], "texture": "#0"},
				"west": {"uv": [0, 0, 0.5, 14], "texture": "#0"},
				"up": {"uv": [0, 0, 5, 0.5], "texture": "#0"},
				"down": {"uv": [0, 0, 5, 0.5], "texture": "#0"}
			}
		},
		{
			"name": "sign",
			"from": [1, 24.8, 6.1],
			"to": [13, 25.8, 7],
			"rotation": {"angle": -22.5, "axis": "z", "origin": [-4, 20.8, 0]},
			"faces": {
				"north": {"uv": [0, 0, 5, 14], "texture": "#2"},
				"east": {"uv": [0, 0, 0.5, 14], "texture": "#0"},
				"south": {"uv": [0, 0, 5, 14], "texture": "#0"},
				"west": {"uv": [0, 0, 0.5, 14], "texture": "#0"},
				"up": {"uv": [0, 0, 5, 0.5], "texture": "#0"},
				"down": {"uv": [0, 0, 5, 0.5], "texture": "#0"}
			}
		},
		{
			"name": "sign",
			"from": [1, 23.8, 6.1],
			"to": [13, 24.8, 7],
			"rotation": {"angle": -22.5, "axis": "z", "origin": [-4, 19.8, 0]},
			"faces": {
				"north": {"uv": [0, 0, 5, 14], "texture": "#2"},
				"east": {"uv": [0, 0, 0.5, 14], "texture": "#0"},
				"south": {"uv": [0, 0, 5, 14], "texture": "#0"},
				"west": {"uv": [0, 0, 0.5, 14], "texture": "#0"},
				"up": {"uv": [0, 0, 5, 0.5], "texture": "#0"},
				"down": {"uv": [0, 0, 5, 0.5], "texture": "#0"}
			}
		},
		{
			"name": "sign",
			"from": [1, 22.8, 6.1],
			"to": [13, 23.8, 7],
			"rotation": {"angle": -22.5, "axis": "z", "origin": [-4, 18.8, 0]},
			"faces": {
				"north": {"uv": [0, 0, 5, 14], "texture": "#2"},
				"east": {"uv": [0, 0, 0.5, 14], "texture": "#0"},
				"south": {"uv": [0, 0, 5, 14], "texture": "#0"},
				"west": {"uv": [0, 0, 0.5, 14], "texture": "#0"},
				"up": {"uv": [0, 0, 5, 0.5], "texture": "#0"},
				"down": {"uv": [0, 0, 5, 0.5], "texture": "#0"}
			}
		},
		{
			"name": "sign",
			"from": [1, 21.7, 6.1],
			"to": [13, 22.7, 7],
			"rotation": {"angle": -22.5, "axis": "z", "origin": [-4, 17.7, 0]},
			"faces": {
				"north": {"uv": [0, 0, 5, 14], "texture": "#4"},
				"east": {"uv": [0, 0, 0.5, 14], "texture": "#0"},
				"south": {"uv": [0, 0, 5, 14], "texture": "#0"},
				"west": {"uv": [0, 0, 0.5, 14], "texture": "#0"},
				"up": {"uv": [0, 0, 5, 0.5], "texture": "#0"},
				"down": {"uv": [0, 0, 5, 0.5], "texture": "#0"}
			}
		},
		{
			"name": "sign",
			"from": [1, 29, 6.1],
			"to": [13, 30, 7],
			"rotation": {"angle": -22.5, "axis": "z", "origin": [-4, 25, 0]},
			"faces": {
				"north": {"uv": [0, 0, 5, 14], "texture": "#2"},
				"east": {"uv": [0, 0, 0.5, 14], "texture": "#0"},
				"south": {"uv": [0, 0, 5, 14], "texture": "#0"},
				"west": {"uv": [0, 0, 0.5, 14], "texture": "#0"},
				"up": {"uv": [0, 0, 5, 0.5], "texture": "#0"},
				"down": {"uv": [0, 0, 5, 0.5], "texture": "#0"}
			}
		},
		{
			"name": "sign",
			"from": [1, 30, 6.1],
			"to": [13, 31, 7],
			"rotation": {"angle": -22.5, "axis": "z", "origin": [-4, 26, 0]},
			"faces": {
				"north": {"uv": [0, 0, 5, 14], "texture": "#2"},
				"east": {"uv": [0, 0, 0.5, 14], "texture": "#0"},
				"south": {"uv": [0, 0, 5, 14], "texture": "#0"},
				"west": {"uv": [0, 0, 0.5, 14], "texture": "#0"},
				"up": {"uv": [0, 0, 5, 0.5], "texture": "#0"},
				"down": {"uv": [0, 0, 5, 0.5], "texture": "#0"}
			}
		},
		{
			"name": "sign",
			"from": [1, 31, 6.1],
			"to": [13, 32, 7],
			"rotation": {"angle": -22.5, "axis": "z", "origin": [-4, 27, 0]},
			"faces": {
				"north": {"uv": [0, 0, 5, 14], "texture": "#2"},
				"east": {"uv": [0, 0, 0.5, 14], "texture": "#0"},
				"south": {"uv": [0, 0, 5, 14], "texture": "#0"},
				"west": {"uv": [0, 0, 0.5, 14], "texture": "#0"},
				"up": {"uv": [0, 0, 5, 0.5], "texture": "#0"},
				"down": {"uv": [0, 0, 5, 0.5], "texture": "#0"}
			}
		},
		{
			"name": "sign",
			"from": [1, 26.9, 6.1],
			"to": [13, 27.9, 7],
			"rotation": {"angle": -22.5, "axis": "z", "origin": [-4, 22.9, 0]},
			"faces": {
				"north": {"uv": [0, 0, 5, 14], "texture": "#4"},
				"east": {"uv": [0, 0, 0.5, 14], "texture": "#0"},
				"south": {"uv": [0, 0, 5, 14], "texture": "#0"},
				"west": {"uv": [0, 0, 0.5, 14], "texture": "#0"},
				"up": {"uv": [0, 0, 5, 0.5], "texture": "#0"},
				"down": {"uv": [0, 0, 5, 0.5], "texture": "#0"}
			}
		},
		{
			"name": "sign",
			"from": [1, 25.9, 6.1],
			"to": [13, 26.9, 7],
			"rotation": {"angle": -22.5, "axis": "z", "origin": [-4, 21.9, 0]},
			"faces": {
				"north": {"uv": [0, 0, 5, 14], "texture": "#4"},
				"east": {"uv": [0, 0, 0.5, 14], "texture": "#0"},
				"south": {"uv": [0, 0, 5, 14], "texture": "#0"},
				"west": {"uv": [0, 0, 0.5, 14], "texture": "#0"},
				"up": {"uv": [0, 0, 5, 0.5], "texture": "#0"},
				"down": {"uv": [0, 0, 5, 0.5], "texture": "#0"}
			}
		},
		{
			"name": "sign",
			"from": [2, 31, 6],
			"to": [14, 32, 7],
			"faces": {
				"north": {"uv": [0, 0, 5, 14], "texture": "#4"},
				"east": {"uv": [0, 0, 0.5, 14], "texture": "#0"},
				"south": {"uv": [0, 0, 5, 14], "texture": "#0"},
				"west": {"uv": [0, 0, 0.5, 14], "texture": "#0"},
				"up": {"uv": [0, 0, 5, 0.5], "texture": "#0"},
				"down": {"uv": [0, 0, 5, 0.5], "texture": "#0"}
			}
		},
		{
			"name": "sign",
			"from": [2, -7.5, 6],
			"to": [14, -6.5, 7],
			"rotation": {"angle": 0, "axis": "y", "origin": [0, -38.5, 0]},
			"faces": {
				"north": {"uv": [0, 0, 5, 14], "texture": "#4"},
				"east": {"uv": [0, 0, 0.5, 14], "texture": "#0"},
				"south": {"uv": [0, 0, 5, 14], "texture": "#0"},
				"west": {"uv": [0, 0, 0.5, 14], "texture": "#0"},
				"up": {"uv": [0, 0, 5, 0.5], "texture": "#0"},
				"down": {"uv": [0, 0, 5, 0.5], "texture": "#0"}
			}
		},
		{
			"name": "sign",
			"from": [3, -6.5, 6.2],
			"to": [13, 31, 7],
			"rotation": {"angle": 0, "axis": "y", "origin": [0, -25.5, 0]},
			"faces": {
				"north": {"uv": [0, 0, 5, 14], "texture": "#3"},
				"east": {"uv": [0, 0, 0.5, 14], "texture": "#0"},
				"south": {"uv": [0, 0, 5, 14], "texture": "#0"},
				"west": {"uv": [0, 0, 0.5, 14], "texture": "#0"},
				"up": {"uv": [0, 0, 5, 0.5], "texture": "#0"},
				"down": {"uv": [0, 0, 5, 0.5], "texture": "#0"}
			}
		},
		{
			"name": "sign",
			"from": [13, -6.5, 6],
			"to": [14, 31, 7],
			"rotation": {"angle": 0, "axis": "y", "origin": [1, 0, 0]},
			"faces": {
				"north": {"uv": [0, 0, 5, 14], "texture": "#4"},
				"east": {"uv": [0, 0, 0.5, 14], "texture": "#0"},
				"south": {"uv": [0, 0, 5, 14], "texture": "#0"},
				"west": {"uv": [0, 0, 0.5, 14], "texture": "#0"},
				"up": {"uv": [0, 0, 5, 0.5], "texture": "#0"},
				"down": {"uv": [0, 0, 5, 0.5], "texture": "#0"}
			}
		},
		{
			"name": "sign",
			"from": [2, -6.5, 6],
			"to": [3, 31, 7],
			"rotation": {"angle": 0, "axis": "y", "origin": [-1, 0, 0]},
			"faces": {
				"north": {"uv": [0, 0, 5, 14], "texture": "#4"},
				"east": {"uv": [0, 0, 0.5, 14], "texture": "#0"},
				"south": {"uv": [0, 0, 5, 14], "texture": "#0"},
				"west": {"uv": [0, 0, 0.5, 14], "texture": "#0"},
				"up": {"uv": [0, 0, 5, 0.5], "texture": "#0"},
				"down": {"uv": [0, 0, 5, 0.5], "texture": "#0"}
			}
		}
	],
	"groups": [
		0,
		{
			"name": "sign",
			"origin": [8, 8, 8],
			"color": 0,
			"children": [
				{
					"name": "group",
					"origin": [8, 8, 8],
					"color": 0,
					"children": [1, 2, 3, 4, 5, 6, 7, 8, 9, 10, 11, 12, 13, 14, 15, 16, 17, 18, 19, 20, 21, 22, 23, 24, 25, 26, 27, 28, 29, 30]
				},
				31,
				32,
				33,
				34,
				35
			]
		}
	]
}