{
	"credit": "Made with Blockbench by Mc_Jeronimo",
	"texture_size": [32, 32],
	"textures": {
		"0": "opensignals:blocks/projekt675signale/default/shield_black",
		"1": "opensignals:blocks/projekt675signale/default/shield_gray",
		"2": "opensignals:blocks/projekt675signale/lamps/reflektive_flaeche",
		"3": "opensignals:blocks/projekt675signale/default/white",
		"4": "opensignals:blocks/projekt675signale/default/black",
		"particle": "opensignals:blocks/projekt675signale/default/shield_black"
	},
	"elements": [
		{
			"from": [7, -16, 7],
			"to": [9, 12, 9],
			"rotation": {"angle": 0, "axis": "y", "origin": [0, -2, 0]},
			"faces": {
				"north": {"uv": [0, 0, 1, 10], "texture": "#1"},
				"east": {"uv": [0, 0, 1, 10], "texture": "#1"},
				"south": {"uv": [0, 0, 1, 10], "texture": "#1"},
				"west": {"uv": [0, 0, 1, 10], "texture": "#1"},
				"up": {"uv": [0, 0, 1, 1], "texture": "#1"},
				"down": {"uv": [0, 0, 1, 1], "texture": "#1"}
			}
		},
		{
			"name": "sign",
			"from": [1, 10.25, 6.1],
			"to": [15, 11.25, 7],
			"rotation": {"angle": -45, "axis": "z", "origin": [8, 11.25, 7]},
			"faces": {
				"north": {"uv": [0, 0, 5, 14], "texture": "#4"},
				"east": {"uv": [0, 0, 0.5, 14], "texture": "#0"},
				"south": {"uv": [0, 0, 5, 14], "texture": "#0"},
				"west": {"uv": [0, 0, 0.5, 14], "texture": "#0"},
				"up": {"uv": [0, 0, 5, 0.5], "texture": "#0"},
				"down": {"uv": [0, 0, 5, 0.5], "texture": "#0"}
			}
		},
		{
			"name": "sign",
			"from": [1.55, 11.6, 6.1],
			"to": [16, 12.6, 7],
			"rotation": {"angle": -45, "axis": "z", "origin": [8, 12.6, 7]},
			"faces": {
				"north": {"uv": [0, 0, 5, 14], "texture": "#2"},
				"east": {"uv": [0, 0, 0.5, 14], "texture": "#0"},
				"south": {"uv": [0, 0, 5, 14], "texture": "#0"},
				"west": {"uv": [0, 0, 0.5, 14], "texture": "#0"},
				"up": {"uv": [0, 0, 5, 0.5], "texture": "#0"},
				"down": {"uv": [0, 0, 5, 0.5], "texture": "#0"}
			}
		},
		{
			"name": "sign",
			"from": [2, 5.5, 6],
			"to": [14, 6.5, 7],
			"rotation": {"angle": 0, "axis": "y", "origin": [0, -25.5, 0]},
			"faces": {
				"north": {"uv": [0, 0, 5, 14], "texture": "#4"},
				"east": {"uv": [0, 0, 0.5, 14], "texture": "#0"},
				"south": {"uv": [0, 0, 5, 14], "texture": "#0"},
				"west": {"uv": [0, 0, 0.5, 14], "texture": "#0"},
				"up": {"uv": [0, 0, 5, 0.5], "texture": "#0"},
				"down": {"uv": [0, 0, 5, 0.5], "texture": "#0"}
			}
		},
		{
			"name": "sign",
			"from": [2, 16.5, 6],
			"to": [14, 17.5, 7],
			"rotation": {"angle": 0, "axis": "y", "origin": [0, -14.5, 0]},
			"faces": {
				"north": {"uv": [0, 0, 5, 14], "texture": "#4"},
				"east": {"uv": [0, 0, 0.5, 14], "texture": "#0"},
				"south": {"uv": [0, 0, 5, 14], "texture": "#0"},
				"west": {"uv": [0, 0, 0.5, 14], "texture": "#0"},
				"up": {"uv": [0, 0, 5, 0.5], "texture": "#0"},
				"down": {"uv": [0, 0, 5, 0.5], "texture": "#0"}
			}
		},
		{
			"name": "sign",
			"from": [3, 6.5, 6.2],
			"to": [13, 16.5, 7],
			"rotation": {"angle": 0, "axis": "y", "origin": [0, -14.5, 0]},
			"faces": {
				"north": {"uv": [0, 0, 5, 14], "texture": "#3"},
				"east": {"uv": [0, 0, 0.5, 14], "texture": "#0"},
				"south": {"uv": [0, 0, 5, 14], "texture": "#0"},
				"west": {"uv": [0, 0, 0.5, 14], "texture": "#0"},
				"up": {"uv": [0, 0, 5, 0.5], "texture": "#0"},
				"down": {"uv": [0, 0, 5, 0.5], "texture": "#0"}
			}
		},
		{
			"name": "sign",
			"from": [13, 6.5, 6],
			"to": [14, 16.5, 7],
			"rotation": {"angle": 0, "axis": "y", "origin": [1, 8, 0]},
			"faces": {
				"north": {"uv": [0, 0, 5, 14], "texture": "#4"},
				"east": {"uv": [0, 0, 0.5, 14], "texture": "#0"},
				"south": {"uv": [0, 0, 5, 14], "texture": "#0"},
				"west": {"uv": [0, 0, 0.5, 14], "texture": "#0"},
				"up": {"uv": [0, 0, 5, 0.5], "texture": "#0"},
				"down": {"uv": [0, 0, 5, 0.5], "texture": "#0"}
			}
		},
		{
			"name": "sign",
			"from": [2, 6.5, 6],
			"to": [3, 16.5, 7],
			"rotation": {"angle": 0, "axis": "y", "origin": [-1, 8, 0]},
			"faces": {
				"north": {"uv": [0, 0, 5, 14], "texture": "#4"},
				"east": {"uv": [0, 0, 0.5, 14], "texture": "#0"},
				"south": {"uv": [0, 0, 5, 14], "texture": "#0"},
				"west": {"uv": [0, 0, 0.5, 14], "texture": "#0"},
				"up": {"uv": [0, 0, 5, 0.5], "texture": "#0"},
				"down": {"uv": [0, 0, 5, 0.5], "texture": "#0"}
			}
		}
	],
	"groups": [
		0,
		{
			"name": "sign",
			"origin": [8, 8, 8],
			"color": 0,
			"children": [
				{
					"name": "group",
					"origin": [8, 8, 8],
					"color": 0,
					"children": [1, 2]
				},
				3,
				4,
				5,
				6,
				7
			]
		}
	]
}