{
	"credit": "Made with Blockbench by Mc_Jeronimo",
	"texture_size": [32, 32],
	"textures": {
		"0": "opensignals:blocks/projekt675signale/default/shield_black",
		"1": "opensignals:blocks/projekt675signale/default/shield_gray",
		"2": "opensignals:blocks/projekt675signale/lamps/reflektive_flaeche",
		"3": "opensignals:blocks/projekt675signale/default/white",
		"4": "opensignals:blocks/projekt675signale/default/black",
		"particle": "opensignals:blocks/projekt675signale/default/shield_black"
	},
	"elements": [
		{
			"from": [7, -16, 7],
			"to": [9, 16, 9],
			"rotation": {"angle": 0, "axis": "y", "origin": [0, -2, 0]},
			"faces": {
				"north": {"uv": [0, 0, 1, 10], "texture": "#1"},
				"east": {"uv": [0, 0, 1, 10], "texture": "#1"},
				"south": {"uv": [0, 0, 1, 10], "texture": "#1"},
				"west": {"uv": [0, 0, 1, 10], "texture": "#1"},
				"up": {"uv": [0, 0, 1, 1], "texture": "#1"},
				"down": {"uv": [0, 0, 1, 1], "texture": "#1"}
			}
		},
		{
			"name": "sign",
			"from": [1, 18.9, 6.1],
			"to": [13, 19.9, 7],
			"rotation": {"angle": -22.5, "axis": "z", "origin": [-4, 14.9, 0]},
			"faces": {
				"north": {"uv": [0, 0, 5, 14], "texture": "#4"},
				"east": {"uv": [0, 0, 0.5, 14], "texture": "#0"},
				"south": {"uv": [0, 0, 5, 14], "texture": "#0"},
				"west": {"uv": [0, 0, 0.5, 14], "texture": "#0"},
				"up": {"uv": [0, 0, 5, 0.5], "texture": "#0"},
				"down": {"uv": [0, 0, 5, 0.5], "texture": "#0"}
			}
		},
		{
			"name": "sign",
			"from": [1, 10.7, 6.1],
			"to": [13, 11.7, 7],
			"rotation": {"angle": -22.5, "axis": "z", "origin": [-4, 6.7, 0]},
			"faces": {
				"north": {"uv": [0, 0, 5, 14], "texture": "#4"},
				"east": {"uv": [0, 0, 0.5, 14], "texture": "#0"},
				"south": {"uv": [0, 0, 5, 14], "texture": "#0"},
				"west": {"uv": [0, 0, 0.5, 14], "texture": "#0"},
				"up": {"uv": [0, 0, 5, 0.5], "texture": "#0"},
				"down": {"uv": [0, 0, 5, 0.5], "texture": "#0"}
			}
		},
		{
			"name": "sign",
			"from": [1, 11.7, 6.1],
			"to": [13, 12.7, 7],
			"rotation": {"angle": -22.5, "axis": "z", "origin": [-4, 7.7, 0]},
			"faces": {
				"north": {"uv": [0, 0, 5, 14], "texture": "#4"},
				"east": {"uv": [0, 0, 0.5, 14], "texture": "#0"},
				"south": {"uv": [0, 0, 5, 14], "texture": "#0"},
				"west": {"uv": [0, 0, 0.5, 14], "texture": "#0"},
				"up": {"uv": [0, 0, 5, 0.5], "texture": "#0"},
				"down": {"uv": [0, 0, 5, 0.5], "texture": "#0"}
			}
		},
		{
			"name": "sign",
			"from": [1, 15.8, 6.1],
			"to": [13, 16.8, 7],
			"rotation": {"angle": -22.5, "axis": "z", "origin": [-4, 11.8, 0]},
			"faces": {
				"north": {"uv": [0, 0, 5, 14], "texture": "#2"},
				"east": {"uv": [0, 0, 0.5, 14], "texture": "#0"},
				"south": {"uv": [0, 0, 5, 14], "texture": "#0"},
				"west": {"uv": [0, 0, 0.5, 14], "texture": "#0"},
				"up": {"uv": [0, 0, 5, 0.5], "texture": "#0"},
				"down": {"uv": [0, 0, 5, 0.5], "texture": "#0"}
			}
		},
		{
			"name": "sign",
			"from": [1, 14.8, 6.1],
			"to": [13, 15.8, 7],
			"rotation": {"angle": -22.5, "axis": "z", "origin": [-4, 10.8, 0]},
			"faces": {
				"north": {"uv": [0, 0, 5, 14], "texture": "#2"},
				"east": {"uv": [0, 0, 0.5, 14], "texture": "#0"},
				"south": {"uv": [0, 0, 5, 14], "texture": "#0"},
				"west": {"uv": [0, 0, 0.5, 14], "texture": "#0"},
				"up": {"uv": [0, 0, 5, 0.5], "texture": "#0"},
				"down": {"uv": [0, 0, 5, 0.5], "texture": "#0"}
			}
		},
		{
			"name": "sign",
			"from": [1, 13.8, 6.1],
			"to": [13, 14.8, 7],
			"rotation": {"angle": -22.5, "axis": "z", "origin": [-4, 9.8, 0]},
			"faces": {
				"north": {"uv": [0, 0, 5, 14], "texture": "#2"},
				"east": {"uv": [0, 0, 0.5, 14], "texture": "#0"},
				"south": {"uv": [0, 0, 5, 14], "texture": "#0"},
				"west": {"uv": [0, 0, 0.5, 14], "texture": "#0"},
				"up": {"uv": [0, 0, 5, 0.5], "texture": "#0"},
				"down": {"uv": [0, 0, 5, 0.5], "texture": "#0"}
			}
		},
		{
			"name": "sign",
			"from": [1, 12.7, 6.1],
			"to": [13, 13.7, 7],
			"rotation": {"angle": -22.5, "axis": "z", "origin": [-4, 8.7, 0]},
			"faces": {
				"north": {"uv": [0, 0, 5, 14], "texture": "#4"},
				"east": {"uv": [0, 0, 0.5, 14], "texture": "#0"},
				"south": {"uv": [0, 0, 5, 14], "texture": "#0"},
				"west": {"uv": [0, 0, 0.5, 14], "texture": "#0"},
				"up": {"uv": [0, 0, 5, 0.5], "texture": "#0"},
				"down": {"uv": [0, 0, 5, 0.5], "texture": "#0"}
			}
		},
		{
			"name": "sign",
			"from": [1, 20, 6.1],
			"to": [13, 21, 7],
			"rotation": {"angle": -22.5, "axis": "z", "origin": [-4, 16, 0]},
			"faces": {
				"north": {"uv": [0, 0, 5, 14], "texture": "#2"},
				"east": {"uv": [0, 0, 0.5, 14], "texture": "#0"},
				"south": {"uv": [0, 0, 5, 14], "texture": "#0"},
				"west": {"uv": [0, 0, 0.5, 14], "texture": "#0"},
				"up": {"uv": [0, 0, 5, 0.5], "texture": "#0"},
				"down": {"uv": [0, 0, 5, 0.5], "texture": "#0"}
			}
		},
		{
			"name": "sign",
			"from": [1, 21, 6.1],
			"to": [13, 22, 7],
			"rotation": {"angle": -22.5, "axis": "z", "origin": [-4, 17, 0]},
			"faces": {
				"north": {"uv": [0, 0, 5, 14], "texture": "#2"},
				"east": {"uv": [0, 0, 0.5, 14], "texture": "#0"},
				"south": {"uv": [0, 0, 5, 14], "texture": "#0"},
				"west": {"uv": [0, 0, 0.5, 14], "texture": "#0"},
				"up": {"uv": [0, 0, 5, 0.5], "texture": "#0"},
				"down": {"uv": [0, 0, 5, 0.5], "texture": "#0"}
			}
		},
		{
			"name": "sign",
			"from": [1, 22, 6.1],
			"to": [13, 23, 7],
			"rotation": {"angle": -22.5, "axis": "z", "origin": [-4, 18, 0]},
			"faces": {
				"north": {"uv": [0, 0, 5, 14], "texture": "#2"},
				"east": {"uv": [0, 0, 0.5, 14], "texture": "#0"},
				"south": {"uv": [0, 0, 5, 14], "texture": "#0"},
				"west": {"uv": [0, 0, 0.5, 14], "texture": "#0"},
				"up": {"uv": [0, 0, 5, 0.5], "texture": "#0"},
				"down": {"uv": [0, 0, 5, 0.5], "texture": "#0"}
			}
		},
		{
			"name": "sign",
			"from": [1, 17.9, 6.1],
			"to": [13, 18.9, 7],
			"rotation": {"angle": -22.5, "axis": "z", "origin": [-4, 13.9, 0]},
			"faces": {
				"north": {"uv": [0, 0, 5, 14], "texture": "#4"},
				"east": {"uv": [0, 0, 0.5, 14], "texture": "#0"},
				"south": {"uv": [0, 0, 5, 14], "texture": "#0"},
				"west": {"uv": [0, 0, 0.5, 14], "texture": "#0"},
				"up": {"uv": [0, 0, 5, 0.5], "texture": "#0"},
				"down": {"uv": [0, 0, 5, 0.5], "texture": "#0"}
			}
		},
		{
			"name": "sign",
			"from": [1, 16.9, 6.1],
			"to": [13, 17.9, 7],
			"rotation": {"angle": -22.5, "axis": "z", "origin": [-4, 12.9, 0]},
			"faces": {
				"north": {"uv": [0, 0, 5, 14], "texture": "#4"},
				"east": {"uv": [0, 0, 0.5, 14], "texture": "#0"},
				"south": {"uv": [0, 0, 5, 14], "texture": "#0"},
				"west": {"uv": [0, 0, 0.5, 14], "texture": "#0"},
				"up": {"uv": [0, 0, 5, 0.5], "texture": "#0"},
				"down": {"uv": [0, 0, 5, 0.5], "texture": "#0"}
			}
		},
		{
			"name": "sign",
			"from": [2, 31, 6],
			"to": [14, 32, 7],
			"faces": {
				"north": {"uv": [0, 0, 5, 14], "texture": "#4"},
				"east": {"uv": [0, 0, 0.5, 14], "texture": "#0"},
				"south": {"uv": [0, 0, 5, 14], "texture": "#0"},
				"west": {"uv": [0, 0, 0.5, 14], "texture": "#0"},
				"up": {"uv": [0, 0, 5, 0.5], "texture": "#0"},
				"down": {"uv": [0, 0, 5, 0.5], "texture": "#0"}
			}
		},
		{
			"name": "sign",
			"from": [2, -7.5, 6],
			"to": [14, -6.5, 7],
			"rotation": {"angle": 0, "axis": "y", "origin": [0, -38.5, 0]},
			"faces": {
				"north": {"uv": [0, 0, 5, 14], "texture": "#4"},
				"east": {"uv": [0, 0, 0.5, 14], "texture": "#0"},
				"south": {"uv": [0, 0, 5, 14], "texture": "#0"},
				"west": {"uv": [0, 0, 0.5, 14], "texture": "#0"},
				"up": {"uv": [0, 0, 5, 0.5], "texture": "#0"},
				"down": {"uv": [0, 0, 5, 0.5], "texture": "#0"}
			}
		},
		{
			"name": "sign",
			"from": [3, -6.5, 6.2],
			"to": [13, 31, 7],
			"rotation": {"angle": 0, "axis": "y", "origin": [0, -25.5, 0]},
			"faces": {
				"north": {"uv": [0, 0, 5, 14], "texture": "#3"},
				"east": {"uv": [0, 0, 0.5, 14], "texture": "#0"},
				"south": {"uv": [0, 0, 5, 14], "texture": "#0"},
				"west": {"uv": [0, 0, 0.5, 14], "texture": "#0"},
				"up": {"uv": [0, 0, 5, 0.5], "texture": "#0"},
				"down": {"uv": [0, 0, 5, 0.5], "texture": "#0"}
			}
		},
		{
			"name": "sign",
			"from": [13, -6.5, 6],
			"to": [14, 31, 7],
			"rotation": {"angle": 0, "axis": "y", "origin": [1, 0, 0]},
			"faces": {
				"north": {"uv": [0, 0, 5, 14], "texture": "#4"},
				"east": {"uv": [0, 0, 0.5, 14], "texture": "#0"},
				"south": {"uv": [0, 0, 5, 14], "texture": "#0"},
				"west": {"uv": [0, 0, 0.5, 14], "texture": "#0"},
				"up": {"uv": [0, 0, 5, 0.5], "texture": "#0"},
				"down": {"uv": [0, 0, 5, 0.5], "texture": "#0"}
			}
		},
		{
			"name": "sign",
			"from": [2, -6.5, 6],
			"to": [3, 31, 7],
			"rotation": {"angle": 0, "axis": "y", "origin": [-1, 0, 0]},
			"faces": {
				"north": {"uv": [0, 0, 5, 14], "texture": "#4"},
				"east": {"uv": [0, 0, 0.5, 14], "texture": "#0"},
				"south": {"uv": [0, 0, 5, 14], "texture": "#0"},
				"west": {"uv": [0, 0, 0.5, 14], "texture": "#0"},
				"up": {"uv": [0, 0, 5, 0.5], "texture": "#0"},
				"down": {"uv": [0, 0, 5, 0.5], "texture": "#0"}
			}
		}
	],
	"groups": [
		0,
		{
			"name": "sign",
			"origin": [8, 8, 8],
			"color": 0,
			"children": [
				{
					"name": "group",
					"origin": [8, 8, 8],
					"color": 0,
					"children": [1, 2, 3, 4, 5, 6, 7, 8, 9, 10, 11, 12]
				},
				13,
				14,
				15,
				16,
				17
			]
		}
	]
}