{
	"credit": "Made with Blockbench by Mc_Jeronimo",
	"texture_size": [32, 32],
	"textures": {
		"0": "opensignals:blocks/projekt675signale/default/shield_black",
		"1": "opensignals:blocks/projekt675signale/default/shield_gray",
		"2": "opensignals:blocks/projekt675signale/lamps/reflektive_flaeche",
		"3": "opensignals:blocks/projekt675signale/default/white",
		"4": "opensignals:blocks/projekt675signale/default/black",
		"particle": "opensignals:blocks/projekt675signale/default/shield_black"
	},
	"elements": [
		{
			"from": [7, -16, 7],
			"to": [9, 12, 9],
			"rotation": {"angle": 0, "axis": "y", "origin": [0, -2, 0]},
			"faces": {
				"north": {"uv": [0, 0, 1, 10], "texture": "#1"},
				"east": {"uv": [0, 0, 1, 10], "texture": "#1"},
				"south": {"uv": [0, 0, 1, 10], "texture": "#1"},
				"west": {"uv": [0, 0, 1, 10], "texture": "#1"},
				"up": {"uv": [0, 0, 1, 1], "texture": "#1"},
				"down": {"uv": [0, 0, 1, 1], "texture": "#1"}
			}
		},
		{
			"name": "sign",
			"from": [2, 10.25, 6.1],
			"to": [15, 11.25, 7],
			"rotation": {"angle": -45, "axis": "z", "origin": [8, 11.25, 7]},
			"faces": {
				"north": {"uv": [0, 0, 5, 14], "texture": "#4"},
				"east": {"uv": [0, 0, 0.5, 14], "texture": "#0"},
				"south": {"uv": [0, 0, 5, 14], "texture": "#0"},
				"west": {"uv": [0, 0, 0.5, 14], "texture": "#0"},
				"up": {"uv": [0, 0, 5, 0.5], "texture": "#0"},
				"down": {"uv": [0, 0, 5, 0.5], "texture": "#0"}
			}
		},
		{
			"name": "sign",
			"from": [8.05, 14.35, 6.1],
			"to": [15, 15.35, 7],
			"rotation": {"angle": -45, "axis": "z", "origin": [8, 15.35, 7]},
			"faces": {
				"north": {"uv": [0, 0, 5, 14], "texture": "#2"},
				"east": {"uv": [0, 0, 0.5, 14], "texture": "#0"},
				"south": {"uv": [0, 0, 5, 14], "texture": "#0"},
				"west": {"uv": [0, 0, 0.5, 14], "texture": "#0"},
				"up": {"uv": [0, 0, 5, 0.5], "texture": "#0"},
				"down": {"uv": [0, 0, 5, 0.5], "texture": "#0"}
			}
		},
		{
			"name": "sign",
			"from": [6, 13, 6.1],
			"to": [15, 14, 7],
			"rotation": {"angle": -45, "axis": "z", "origin": [8, 14, 7]},
			"faces": {
				"north": {"uv": [0, 0, 5, 14], "texture": "#4"},
				"east": {"uv": [0, 0, 0.5, 14], "texture": "#0"},
				"south": {"uv": [0, 0, 5, 14], "texture": "#0"},
				"west": {"uv": [0, 0, 0.5, 14], "texture": "#0"},
				"up": {"uv": [0, 0, 5, 0.5], "texture": "#0"},
				"down": {"uv": [0, 0, 5, 0.5], "texture": "#0"}
			}
		},
		{
			"name": "sign",
			"from": [2.3, 8.85, 6.1],
			"to": [12.75, 9.85, 7],
			"rotation": {"angle": -45, "axis": "z", "origin": [8, 9.85, 7]},
			"faces": {
				"north": {"uv": [0, 0, 5, 14], "texture": "#2"},
				"east": {"uv": [0, 0, 0.5, 14], "texture": "#0"},
				"south": {"uv": [0, 0, 5, 14], "texture": "#0"},
				"west": {"uv": [0, 0, 0.5, 14], "texture": "#0"},
				"up": {"uv": [0, 0, 5, 0.5], "texture": "#0"},
				"down": {"uv": [0, 0, 5, 0.5], "texture": "#0"}
			}
		},
		{
			"name": "sign",
			"from": [2, 7.5, 6.1],
			"to": [11, 8.5, 7],
			"rotation": {"angle": -45, "axis": "z", "origin": [8, 8.5, 7]},
			"faces": {
				"north": {"uv": [0, 0, 5, 14], "texture": "#4"},
				"east": {"uv": [0, 0, 0.5, 14], "texture": "#0"},
				"south": {"uv": [0, 0, 5, 14], "texture": "#0"},
				"west": {"uv": [0, 0, 0.5, 14], "texture": "#0"},
				"up": {"uv": [0, 0, 5, 0.5], "texture": "#0"},
				"down": {"uv": [0, 0, 5, 0.5], "texture": "#0"}
			}
		},
		{
			"name": "sign",
			"from": [2.3, 6.1, 6.1],
			"to": [9.15, 7.1, 7],
			"rotation": {"angle": -45, "axis": "z", "origin": [8, 7.1, 7]},
			"faces": {
				"north": {"uv": [0, 0, 5, 14], "texture": "#2"},
				"east": {"uv": [0, 0, 0.5, 14], "texture": "#0"},
				"south": {"uv": [0, 0, 5, 14], "texture": "#0"},
				"west": {"uv": [0, 0, 0.5, 14], "texture": "#0"},
				"up": {"uv": [0, 0, 5, 0.5], "texture": "#0"},
				"down": {"uv": [0, 0, 5, 0.5], "texture": "#0"}
			}
		},
		{
			"name": "sign",
			"from": [2, 4.75, 6.1],
			"to": [7, 5.75, 7],
			"rotation": {"angle": -45, "axis": "z", "origin": [8, 5.75, 7]},
			"faces": {
				"north": {"uv": [0, 0, 5, 14], "texture": "#4"},
				"east": {"uv": [0, 0, 0.5, 14], "texture": "#0"},
				"south": {"uv": [0, 0, 5, 14], "texture": "#0"},
				"west": {"uv": [0, 0, 0.5, 14], "texture": "#0"},
				"up": {"uv": [0, 0, 5, 0.5], "texture": "#0"},
				"down": {"uv": [0, 0, 5, 0.5], "texture": "#0"}
			}
		},
		{
			"name": "sign",
			"from": [4.05, 11.6, 6.1],
			"to": [15, 12.6, 7],
			"rotation": {"angle": -45, "axis": "z", "origin": [8, 12.6, 7]},
			"faces": {
				"north": {"uv": [0, 0, 5, 14], "texture": "#2"},
				"east": {"uv": [0, 0, 0.5, 14], "texture": "#0"},
				"south": {"uv": [0, 0, 5, 14], "texture": "#0"},
				"west": {"uv": [0, 0, 0.5, 14], "texture": "#0"},
				"up": {"uv": [0, 0, 5, 0.5], "texture": "#0"},
				"down": {"uv": [0, 0, 5, 0.5], "texture": "#0"}
			}
		},
		{
			"name": "sign",
			"from": [3, 5.5, 6],
			"to": [13, 6.5, 7],
			"rotation": {"angle": 0, "axis": "y", "origin": [0, -25.5, 0]},
			"faces": {
				"north": {"uv": [0, 0, 5, 14], "texture": "#4"},
				"east": {"uv": [0, 0, 0.5, 14], "texture": "#0"},
				"south": {"uv": [0, 0, 5, 14], "texture": "#0"},
				"west": {"uv": [0, 0, 0.5, 14], "texture": "#0"},
				"up": {"uv": [0, 0, 5, 0.5], "texture": "#0"},
				"down": {"uv": [0, 0, 5, 0.5], "texture": "#0"}
			}
		},
		{
			"name": "sign",
			"from": [3, 14.5, 6],
			"to": [13, 15.5, 7],
			"rotation": {"angle": 0, "axis": "y", "origin": [0, -16.5, 0]},
			"faces": {
				"north": {"uv": [0, 0, 5, 14], "texture": "#4"},
				"east": {"uv": [0, 0, 0.5, 14], "texture": "#0"},
				"south": {"uv": [0, 0, 5, 14], "texture": "#0"},
				"west": {"uv": [0, 0, 0.5, 14], "texture": "#0"},
				"up": {"uv": [0, 0, 5, 0.5], "texture": "#0"},
				"down": {"uv": [0, 0, 5, 0.5], "texture": "#0"}
			}
		},
		{
			"name": "sign",
			"from": [4, 6.5, 6.2],
			"to": [12, 14.5, 7],
			"rotation": {"angle": 0, "axis": "y", "origin": [0, -14.5, 0]},
			"faces": {
				"north": {"uv": [0, 0, 5, 14], "texture": "#3"},
				"east": {"uv": [0, 0, 0.5, 14], "texture": "#0"},
				"south": {"uv": [0, 0, 5, 14], "texture": "#0"},
				"west": {"uv": [0, 0, 0.5, 14], "texture": "#0"},
				"up": {"uv": [0, 0, 5, 0.5], "texture": "#0"},
				"down": {"uv": [0, 0, 5, 0.5], "texture": "#0"}
			}
		},
		{
			"name": "sign",
			"from": [12, 6.5, 6],
			"to": [13, 15.5, 7],
			"rotation": {"angle": 0, "axis": "y", "origin": [0, 8, 0]},
			"faces": {
				"north": {"uv": [0, 0, 5, 14], "texture": "#4"},
				"east": {"uv": [0, 0, 0.5, 14], "texture": "#0"},
				"south": {"uv": [0, 0, 5, 14], "texture": "#0"},
				"west": {"uv": [0, 0, 0.5, 14], "texture": "#0"},
				"up": {"uv": [0, 0, 5, 0.5], "texture": "#0"},
				"down": {"uv": [0, 0, 5, 0.5], "texture": "#0"}
			}
		},
		{
			"name": "sign",
			"from": [3, 6.5, 6],
			"to": [4, 15.5, 7],
			"rotation": {"angle": 0, "axis": "y", "origin": [0, 8, 0]},
			"faces": {
				"north": {"uv": [0, 0, 5, 14], "texture": "#4"},
				"east": {"uv": [0, 0, 0.5, 14], "texture": "#0"},
				"south": {"uv": [0, 0, 5, 14], "texture": "#0"},
				"west": {"uv": [0, 0, 0.5, 14], "texture": "#0"},
				"up": {"uv": [0, 0, 5, 0.5], "texture": "#0"},
				"down": {"uv": [0, 0, 5, 0.5], "texture": "#0"}
			}
		}
	],
	"groups": [
		0,
		{
			"name": "sign",
			"origin": [8, 8, 8],
			"color": 0,
			"children": [
				{
					"name": "group",
					"origin": [8, 8, 8],
					"color": 0,
					"children": [1, 2, 3, 4, 5, 6, 7, 8]
				},
				9,
				10,
				11,
				12,
				13
			]
		}
	]
}