{
	"credit": "Made with Blockbench by Markus_GamerHD",
	"texture_size": [32, 32],
	"textures": {
		"0": "opensignals:blocks/projekt675signale/sh/sh_back",
		"1": "opensignals:blocks/projekt675signale/mast_sign/wrw",
		"2": "opensignals:blocks/projekt675signale/default/white",
		"3": "opensignals:blocks/projekt675signale/default/shield_black",
		"5": "opensignals:blocks/projekt675signale/default/shield_gray",
		"particle": "opensignals:blocks/projekt675signale/sh/sh_back",
		"lamp_red1north": "opensignals:blocks/projekt675signale/lamps/lamp_dark",
		"lamp_red2north": "opensignals:blocks/projekt675signale/lamps/lamp_dark",
		"lamp_white1north": "opensignals:blocks/projekt675signale/lamps/lamp_dark",
		"lamp_white2north": "opensignals:blocks/projekt675signale/lamps/lamp_dark"
	},
	"elements": [
		{
			"from": [3, 3.056, 6],
			"to": [13, 8.928, 10],
			"faces": {
				"north": {"uv": [0, 0, 6, 3], "texture": "#3"},
				"east": {"uv": [0, 0, 2, 3], "texture": "#3"},
				"south": {"uv": [4, 0, 16, 6], "texture": "#0"},
				"west": {"uv": [0, 0, 2, 3], "texture": "#3"},
				"up": {"uv": [0, 0, 6, 2], "texture": "#3"},
				"down": {"uv": [0, 0, 6, 2], "texture": "#3"}
			}
		},
		{
			"from": [4.064, 8.92, 6],
			"to": [11.912, 10, 10],
			"rotation": {"angle": 0, "axis": "y", "origin": [0, -1, 0]},
			"faces": {
				"north": {"uv": [0, 0, 3, 0.5], "texture": "#3"},
				"east": {"uv": [0, 0, 2, 0.5], "texture": "#3"},
				"south": {"uv": [0, 4, 10, 5], "texture": "#0"},
				"west": {"uv": [0, 0, 2, 0.5], "texture": "#3"},
				"up": {"uv": [0, 0, 3, 2], "texture": "#3"}
			}
		},
		{
			"from": [4.064, 2, 6],
			"to": [11.936, 3.08, 10],
			"faces": {
				"north": {"uv": [0, 0, 3, 0.5], "texture": "#3"},
				"east": {"uv": [0, 0, 2, 0.5], "texture": "#3"},
				"south": {"uv": [0, 11, 10, 12], "texture": "#0"},
				"west": {"uv": [0, 0, 2, 0.5], "texture": "#3"},
				"up": {"uv": [0, 0, 3, 2], "texture": "#3"},
				"down": {"uv": [0, 0, 0, 0], "texture": "#3"}
			}
		},
		{
			"from": [2.96, 7.948, 6],
			"to": [4.46, 8.948, 10],
			"rotation": {"angle": 45, "axis": "z", "origin": [3, 9, 8]},
			"faces": {
				"north": {"uv": [0, 0, 3, 0.5], "texture": "#3"},
				"east": {"uv": [0, 0, 2, 0.5], "texture": "#3"},
				"south": {"uv": [4, 9, 5, 10], "texture": "#0"},
				"west": {"uv": [0, 0, 2, 0.5], "texture": "#3"},
				"up": {"uv": [0, 0, 3, 2], "texture": "#3"}
			}
		},
		{
			"from": [3.072, -3.4, 6],
			"to": [4.572, -2.4, 10.008],
			"rotation": {"angle": 45, "axis": "z", "origin": [1, 10, 8]},
			"faces": {
				"north": {"uv": [0, 0, 3, 0.5], "texture": "#3"},
				"east": {"uv": [0, 0, 2, 0.5], "texture": "#3"},
				"south": {"uv": [5, 9, 6, 10], "texture": "#0"},
				"west": {"uv": [0, 0, 2, 0.5], "texture": "#3"},
				"up": {"uv": [0, 0, 3, 2], "texture": "#3"},
				"down": {"uv": [0, 0, 0, 0], "texture": "#3"}
			}
		},
		{
			"from": [8.432, 0.48, 6],
			"to": [9.432, 1.98, 10],
			"rotation": {"angle": 45, "axis": "z", "origin": [1, 9, 8]},
			"faces": {
				"north": {"uv": [0, 0, 3, 0.5], "rotation": 90, "texture": "#3"},
				"east": {"uv": [0, 0, 0, 0], "rotation": 270, "texture": "#3"},
				"south": {"uv": [0, 6, 1, 7], "rotation": 270, "texture": "#0"},
				"west": {"uv": [0, 0, 3, 2], "rotation": 270, "texture": "#3"},
				"up": {"uv": [0, 0, 2, 0.5], "rotation": 270, "texture": "#3"},
				"down": {"uv": [0, 0, 2, 0.5], "rotation": 270, "texture": "#3"}
			}
		},
		{
			"from": [-1.912, 3.592, 6],
			"to": [-0.912, 5.092, 10],
			"rotation": {"angle": 45, "axis": "z", "origin": [3, 10, 8]},
			"faces": {
				"north": {"uv": [0, 0, 3, 0.5], "rotation": 90, "texture": "#3"},
				"east": {"uv": [0, 0, 0, 0], "rotation": 270, "texture": "#3"},
				"south": {"uv": [0.5, 9, 3, 10], "rotation": 270, "texture": "#0"},
				"west": {"uv": [0, 0, 3, 2], "rotation": 270, "texture": "#3"},
				"up": {"uv": [0, 0, 2, 0.5], "rotation": 270, "texture": "#3"},
				"down": {"uv": [0, 0, 2, 0.5], "rotation": 270, "texture": "#3"}
			}
		},
		{
			"from": [7, 0, 7],
			"to": [9, 2, 9],
			"faces": {
				"north": {"uv": [0, 0, 1, 1], "texture": "#5"},
				"east": {"uv": [0, 0, 1, 1], "texture": "#5"},
				"south": {"uv": [0, 0, 1, 1], "texture": "#5"},
				"west": {"uv": [0, 0, 1, 1], "texture": "#5"}
			}
		},
		{
			"name": "lamp_white1",
			"from": [10, 3.5, 5.9],
			"to": [12, 5.5, 5.9],
			"rotation": {"angle": 0, "axis": "y", "origin": [0.25, 0.5, 0]},
			"faces": {
				"north": {"uv": [0, 0, 4.3125, 4.3125], "texture": "#lamp_white1north"}
			}
		},
		{
			"name": "lamp_red2",
			"from": [4.25, 7, 5.9],
			"to": [6.25, 9, 5.9],
			"rotation": {"angle": 0, "axis": "y", "origin": [0.5, 0.5, 0]},
			"faces": {
				"north": {"uv": [0, 0, 4.3125, 4.3125], "texture": "#lamp_red2north"}
			}
		},
		{
			"name": "lamp_white2",
			"from": [6.5, 7, 5.9],
			"to": [8.5, 9, 5.9],
			"rotation": {"angle": 0, "axis": "y", "origin": [0.75, 0.5, 0]},
			"faces": {
				"north": {"uv": [0, 0, 4.3125, 4.3125], "texture": "#lamp_white2north"}
			}
		},
		{
			"name": "lamp_red1",
			"from": [10, 7, 5.9],
			"to": [12, 9, 5.9],
			"rotation": {"angle": 0, "axis": "y", "origin": [0.5, 0.5, 0]},
			"faces": {
				"north": {"uv": [0, 0, 4.3125, 4.3125], "texture": "#lamp_red1north"}
			}
		},
		{
			"from": [4.5, 2, 5.5],
			"to": [9, 6, 6],
			"rotation": {"angle": 0, "axis": "y", "origin": [0.5, 0, 0]},
			"faces": {
				"north": {"uv": [0, 0, 1.25, 1.5], "texture": "#2"},
				"east": {"uv": [0, 0, 0.25, 1.5], "texture": "#2"},
				"south": {"uv": [0, 0, 0, 0], "texture": "#2"},
				"west": {"uv": [0, 0, 0.25, 1.5], "texture": "#2"},
				"up": {"uv": [0, 0, 1.25, 0.25], "texture": "#2"},
				"down": {"uv": [0, 0, 1.25, 0.25], "texture": "#2"}
			}
		},
		{
			"from": [1.75, 0.5, 5.5],
			"to": [3.75, 6.5, 6],
			"rotation": {"angle": 0, "axis": "y", "origin": [0.75, 0, 0]},
			"faces": {
				"north": {"uv": [0, 1, 1, 15], "texture": "#1"},
				"east": {"uv": [0, 0, 0.25, 3], "texture": "#3"},
				"south": {"uv": [0, 0, 0, 0], "texture": "#3"},
				"west": {"uv": [0, 0, 0.25, 3], "texture": "#3"},
				"up": {"uv": [0, 0, 1, 0.25], "texture": "#3"},
				"down": {"uv": [0, 0, 1, 0.25], "texture": "#3"}
			}
		},
		{
			"name": "hoods1_2",
			"from": [8.471, 7.724, 5],
			"to": [8.731, 8.18, 6],
			"rotation": {"angle": 0, "axis": "y", "origin": [7.395, 8.797, 6]},
			"faces": {
				"north": {"uv": [0, 0, 0.5, 0.5], "rotation": 90, "texture": "#3"},
				"east": {"uv": [0, 0, 1, 0.5], "rotation": 270, "texture": "#3"},
				"west": {"uv": [0, 0, 1, 0.5], "rotation": 270, "texture": "#3"},
				"up": {"uv": [0, 0, 1, 0.5], "rotation": 270, "texture": "#3"},
				"down": {"uv": [0, 0, 1, 0.5], "rotation": 270, "texture": "#3"}
			}
		},
		{
			"name": "hoods1_2",
			"from": [8.133, 7.716, 5],
			"to": [8.393, 8.324, 6],
			"rotation": {"angle": 22.5, "axis": "z", "origin": [7.395, 8.797, 6]},
			"faces": {
				"north": {"uv": [0, 0, 0.5, 0.5], "rotation": 90, "texture": "#3"},
				"east": {"uv": [0, 0, 1, 0.5], "rotation": 270, "texture": "#3"},
				"west": {"uv": [0, 0, 1, 0.5], "rotation": 270, "texture": "#3"},
				"up": {"uv": [0, 0, 1, 0.5], "rotation": 270, "texture": "#3"},
				"down": {"uv": [0, 0, 1, 0.5], "rotation": 270, "texture": "#3"}
			}
		},
		{
			"name": "hoods1_2",
			"from": [7.732, 8.113, 5],
			"to": [7.992, 8.473, 6],
			"rotation": {"angle": 45, "axis": "z", "origin": [7.491, 9.037, 6]},
			"faces": {
				"north": {"uv": [0, 0, 0.5, 0.5], "rotation": 90, "texture": "#3"},
				"east": {"uv": [0, 0, 1, 0.5], "rotation": 270, "texture": "#3"},
				"west": {"uv": [0, 0, 1, 0.5], "rotation": 270, "texture": "#3"},
				"up": {"uv": [0, 0, 1, 0.5], "rotation": 270, "texture": "#3"},
				"down": {"uv": [0, 0, 1, 0.5], "rotation": 270, "texture": "#3"}
			}
		},
		{
			"name": "hoods1_2",
			"from": [7.741, 9.035, 4],
			"to": [8.205, 9.295, 6],
			"rotation": {"angle": -22.5, "axis": "z", "origin": [7.491, 9.037, 6]},
			"faces": {
				"north": {"uv": [0, 0, 0.5, 0.5], "rotation": 180, "texture": "#3"},
				"east": {"uv": [0, 0, 1, 0.5], "rotation": 180, "texture": "#3"},
				"west": {"uv": [0, 0, 1, 0.5], "rotation": 180, "texture": "#3"},
				"up": {"uv": [0, 0, 1, 0.5], "rotation": 180, "texture": "#3"},
				"down": {"uv": [0, 0, 1, 0.5], "rotation": 180, "texture": "#3"}
			}
		},
		{
			"name": "hoods1_2",
			"from": [4.933, 8.924, 4],
			"to": [7.819, 9.184, 6],
			"rotation": {"angle": 0, "axis": "y", "origin": [5.225, 9.125, 6]},
			"faces": {
				"north": {"uv": [0, 0, 0.5, 0.5], "rotation": 180, "texture": "#3"},
				"east": {"uv": [0, 0, 1, 0.5], "rotation": 180, "texture": "#3"},
				"west": {"uv": [0, 0, 1, 0.5], "rotation": 180, "texture": "#3"},
				"up": {"uv": [0, 0, 1, 0.5], "rotation": 180, "texture": "#3"},
				"down": {"uv": [0, 0, 1, 0.5], "rotation": 180, "texture": "#3"}
			}
		},
		{
			"name": "hoods1_2",
			"from": [4.551, 9.027, 4],
			"to": [5.015, 9.287, 6],
			"rotation": {"angle": 22.5, "axis": "z", "origin": [5.241, 9.037, 6]},
			"faces": {
				"north": {"uv": [0, 0, 0.5, 0.5], "texture": "#3"},
				"east": {"uv": [0, 0, 1, 0.5], "texture": "#3"},
				"west": {"uv": [0, 0, 1, 0.5], "texture": "#3"},
				"up": {"uv": [0, 0, 1, 0.5], "texture": "#3"},
				"down": {"uv": [0, 0, 1, 0.5], "texture": "#3"}
			}
		},
		{
			"name": "hoods1_2",
			"from": [4.341, 9.272, 5],
			"to": [4.701, 9.532, 6],
			"rotation": {"angle": 45, "axis": "z", "origin": [5.241, 9.037, 6]},
			"faces": {
				"north": {"uv": [0, 0, 0.5, 0.5], "texture": "#3"},
				"east": {"uv": [0, 0, 1, 0.5], "texture": "#3"},
				"west": {"uv": [0, 0, 1, 0.5], "texture": "#3"},
				"up": {"uv": [0, 0, 1, 0.5], "texture": "#3"},
				"down": {"uv": [0, 0, 1, 0.5], "texture": "#3"}
			}
		},
		{
			"name": "hoods1_2",
			"from": [4.343, 7.796, 5],
			"to": [4.603, 8.404, 6],
			"rotation": {"angle": -22.5, "axis": "z", "origin": [5.145, 8.797, 6]},
			"faces": {
				"north": {"uv": [0, 0, 0.5, 0.5], "rotation": 90, "texture": "#3"},
				"east": {"uv": [0, 0, 1, 0.5], "rotation": 270, "texture": "#3"},
				"west": {"uv": [0, 0, 1, 0.5], "rotation": 270, "texture": "#3"},
				"up": {"uv": [0, 0, 1, 0.5], "rotation": 270, "texture": "#3"},
				"down": {"uv": [0, 0, 1, 0.5], "rotation": 270, "texture": "#3"}
			}
		},
		{
			"name": "hoods1_2",
			"from": [4.021, 7.724, 5],
			"to": [4.281, 8.18, 6],
			"rotation": {"angle": 0, "axis": "y", "origin": [5.145, 8.797, 6]},
			"faces": {
				"north": {"uv": [0, 0, 0.5, 0.5], "rotation": 90, "texture": "#3"},
				"east": {"uv": [0, 0, 1, 0.5], "rotation": 270, "texture": "#3"},
				"west": {"uv": [0, 0, 1, 0.5], "rotation": 270, "texture": "#3"},
				"up": {"uv": [0, 0, 1, 0.5], "rotation": 270, "texture": "#3"},
				"down": {"uv": [0, 0, 1, 0.5], "rotation": 270, "texture": "#3"}
			}
		},
		{
			"name": "hoods1_2",
			"from": [11.971, 4.224, 5],
			"to": [12.231, 4.68, 6],
			"rotation": {"angle": 0, "axis": "y", "origin": [10.895, 5.297, 6]},
			"faces": {
				"north": {"uv": [0, 0, 0.5, 0.5], "rotation": 90, "texture": "#3"},
				"east": {"uv": [0, 0, 1, 0.5], "rotation": 270, "texture": "#3"},
				"west": {"uv": [0, 0, 1, 0.5], "rotation": 270, "texture": "#3"},
				"up": {"uv": [0, 0, 1, 0.5], "rotation": 270, "texture": "#3"},
				"down": {"uv": [0, 0, 1, 0.5], "rotation": 270, "texture": "#3"}
			}
		},
		{
			"name": "hoods1_2",
			"from": [9.771, 7.724, 5],
			"to": [10.031, 8.18, 6],
			"rotation": {"angle": 0, "axis": "y", "origin": [10.895, 8.797, 6]},
			"faces": {
				"north": {"uv": [0, 0, 0.5, 0.5], "rotation": 90, "texture": "#3"},
				"east": {"uv": [0, 0, 1, 0.5], "rotation": 270, "texture": "#3"},
				"west": {"uv": [0, 0, 1, 0.5], "rotation": 270, "texture": "#3"},
				"up": {"uv": [0, 0, 1, 0.5], "rotation": 270, "texture": "#3"},
				"down": {"uv": [0, 0, 1, 0.5], "rotation": 270, "texture": "#3"}
			}
		},
		{
			"name": "hoods1_2",
			"from": [10.093, 7.796, 5],
			"to": [10.353, 8.404, 6],
			"rotation": {"angle": -22.5, "axis": "z", "origin": [10.895, 8.797, 6]},
			"faces": {
				"north": {"uv": [0, 0, 0.5, 0.5], "rotation": 90, "texture": "#3"},
				"east": {"uv": [0, 0, 1, 0.5], "rotation": 270, "texture": "#3"},
				"west": {"uv": [0, 0, 1, 0.5], "rotation": 270, "texture": "#3"},
				"up": {"uv": [0, 0, 1, 0.5], "rotation": 270, "texture": "#3"},
				"down": {"uv": [0, 0, 1, 0.5], "rotation": 270, "texture": "#3"}
			}
		},
		{
			"name": "hoods1_2",
			"from": [10.091, 9.272, 5],
			"to": [10.451, 9.532, 6],
			"rotation": {"angle": 45, "axis": "z", "origin": [10.991, 9.037, 6]},
			"faces": {
				"north": {"uv": [0, 0, 0.5, 0.5], "texture": "#3"},
				"east": {"uv": [0, 0, 1, 0.5], "texture": "#3"},
				"west": {"uv": [0, 0, 1, 0.5], "texture": "#3"},
				"up": {"uv": [0, 0, 1, 0.5], "texture": "#3"},
				"down": {"uv": [0, 0, 1, 0.5], "texture": "#3"}
			}
		},
		{
			"name": "hoods1_2",
			"from": [10.301, 9.027, 4],
			"to": [10.765, 9.287, 6],
			"rotation": {"angle": 22.5, "axis": "z", "origin": [10.991, 9.037, 6]},
			"faces": {
				"north": {"uv": [0, 0, 0.5, 0.5], "texture": "#3"},
				"east": {"uv": [0, 0, 1, 0.5], "texture": "#3"},
				"west": {"uv": [0, 0, 1, 0.5], "texture": "#3"},
				"up": {"uv": [0, 0, 1, 0.5], "texture": "#3"},
				"down": {"uv": [0, 0, 1, 0.5], "texture": "#3"}
			}
		},
		{
			"name": "hoods1_2",
			"from": [10.683, 8.924, 4],
			"to": [11.319, 9.184, 6],
			"rotation": {"angle": 0, "axis": "y", "origin": [10.975, 9.125, 6]},
			"faces": {
				"north": {"uv": [0, 0, 0.5, 0.5], "rotation": 180, "texture": "#3"},
				"east": {"uv": [0, 0, 1, 0.5], "rotation": 180, "texture": "#3"},
				"west": {"uv": [0, 0, 1, 0.5], "rotation": 180, "texture": "#3"},
				"up": {"uv": [0, 0, 1, 0.5], "rotation": 180, "texture": "#3"},
				"down": {"uv": [0, 0, 1, 0.5], "rotation": 180, "texture": "#3"}
			}
		},
		{
			"name": "hoods1_2",
			"from": [11.241, 9.035, 4],
			"to": [11.705, 9.295, 6],
			"rotation": {"angle": -22.5, "axis": "z", "origin": [10.991, 9.037, 6]},
			"faces": {
				"north": {"uv": [0, 0, 0.5, 0.5], "rotation": 180, "texture": "#3"},
				"east": {"uv": [0, 0, 1, 0.5], "rotation": 180, "texture": "#3"},
				"west": {"uv": [0, 0, 1, 0.5], "rotation": 180, "texture": "#3"},
				"up": {"uv": [0, 0, 1, 0.5], "rotation": 180, "texture": "#3"},
				"down": {"uv": [0, 0, 1, 0.5], "rotation": 180, "texture": "#3"}
			}
		},
		{
			"name": "hoods1_2",
			"from": [11.232, 8.113, 5],
			"to": [11.492, 8.473, 6],
			"rotation": {"angle": 45, "axis": "z", "origin": [10.991, 9.037, 6]},
			"faces": {
				"north": {"uv": [0, 0, 0.5, 0.5], "rotation": 90, "texture": "#3"},
				"east": {"uv": [0, 0, 1, 0.5], "rotation": 270, "texture": "#3"},
				"west": {"uv": [0, 0, 1, 0.5], "rotation": 270, "texture": "#3"},
				"up": {"uv": [0, 0, 1, 0.5], "rotation": 270, "texture": "#3"},
				"down": {"uv": [0, 0, 1, 0.5], "rotation": 270, "texture": "#3"}
			}
		},
		{
			"name": "hoods1_2",
			"from": [11.633, 7.716, 5],
			"to": [11.893, 8.324, 6],
			"rotation": {"angle": 22.5, "axis": "z", "origin": [10.895, 8.797, 6]},
			"faces": {
				"north": {"uv": [0, 0, 0.5, 0.5], "rotation": 90, "texture": "#3"},
				"east": {"uv": [0, 0, 1, 0.5], "rotation": 270, "texture": "#3"},
				"west": {"uv": [0, 0, 1, 0.5], "rotation": 270, "texture": "#3"},
				"up": {"uv": [0, 0, 1, 0.5], "rotation": 270, "texture": "#3"},
				"down": {"uv": [0, 0, 1, 0.5], "rotation": 270, "texture": "#3"}
			}
		},
		{
			"name": "hoods1_2",
			"from": [11.971, 7.724, 5],
			"to": [12.231, 8.18, 6],
			"rotation": {"angle": 0, "axis": "y", "origin": [10.895, 8.797, 6]},
			"faces": {
				"north": {"uv": [0, 0, 0.5, 0.5], "rotation": 90, "texture": "#3"},
				"east": {"uv": [0, 0, 1, 0.5], "rotation": 270, "texture": "#3"},
				"west": {"uv": [0, 0, 1, 0.5], "rotation": 270, "texture": "#3"},
				"up": {"uv": [0, 0, 1, 0.5], "rotation": 270, "texture": "#3"},
				"down": {"uv": [0, 0, 1, 0.5], "rotation": 270, "texture": "#3"}
			}
		},
		{
			"name": "hoods1_2",
			"from": [10.683, 5.424, 4],
			"to": [11.319, 5.684, 6],
			"rotation": {"angle": 0, "axis": "y", "origin": [10.975, 5.625, 6]},
			"faces": {
				"north": {"uv": [0, 0, 0.5, 0.5], "rotation": 180, "texture": "#3"},
				"east": {"uv": [0, 0, 1, 0.5], "rotation": 180, "texture": "#3"},
				"west": {"uv": [0, 0, 1, 0.5], "rotation": 180, "texture": "#3"},
				"up": {"uv": [0, 0, 1, 0.5], "rotation": 180, "texture": "#3"},
				"down": {"uv": [0, 0, 1, 0.5], "rotation": 180, "texture": "#3"}
			}
		},
		{
			"name": "hoods1_2",
			"from": [10.301, 5.527, 4],
			"to": [10.765, 5.787, 6],
			"rotation": {"angle": 22.5, "axis": "z", "origin": [10.991, 5.537, 6]},
			"faces": {
				"north": {"uv": [0, 0, 0.5, 0.5], "texture": "#3"},
				"east": {"uv": [0, 0, 1, 0.5], "texture": "#3"},
				"west": {"uv": [0, 0, 1, 0.5], "texture": "#3"},
				"up": {"uv": [0, 0, 1, 0.5], "texture": "#3"},
				"down": {"uv": [0, 0, 1, 0.5], "texture": "#3"}
			}
		},
		{
			"name": "hoods1_2",
			"from": [11.241, 5.535, 4],
			"to": [11.705, 5.795, 6],
			"rotation": {"angle": -22.5, "axis": "z", "origin": [10.991, 5.537, 6]},
			"faces": {
				"north": {"uv": [0, 0, 0.5, 0.5], "rotation": 180, "texture": "#3"},
				"east": {"uv": [0, 0, 1, 0.5], "rotation": 180, "texture": "#3"},
				"west": {"uv": [0, 0, 1, 0.5], "rotation": 180, "texture": "#3"},
				"up": {"uv": [0, 0, 1, 0.5], "rotation": 180, "texture": "#3"},
				"down": {"uv": [0, 0, 1, 0.5], "rotation": 180, "texture": "#3"}
			}
		},
		{
			"name": "hoods1_2",
			"from": [10.091, 5.772, 5],
			"to": [10.451, 6.032, 6],
			"rotation": {"angle": 45, "axis": "z", "origin": [10.991, 5.537, 6]},
			"faces": {
				"north": {"uv": [0, 0, 0.5, 0.5], "texture": "#3"},
				"east": {"uv": [0, 0, 1, 0.5], "texture": "#3"},
				"west": {"uv": [0, 0, 1, 0.5], "texture": "#3"},
				"up": {"uv": [0, 0, 1, 0.5], "texture": "#3"},
				"down": {"uv": [0, 0, 1, 0.5], "texture": "#3"}
			}
		},
		{
			"name": "hoods1_2",
			"from": [11.232, 4.613, 5],
			"to": [11.492, 4.973, 6],
			"rotation": {"angle": 45, "axis": "z", "origin": [10.991, 5.537, 6]},
			"faces": {
				"north": {"uv": [0, 0, 0.5, 0.5], "rotation": 90, "texture": "#3"},
				"east": {"uv": [0, 0, 1, 0.5], "rotation": 270, "texture": "#3"},
				"west": {"uv": [0, 0, 1, 0.5], "rotation": 270, "texture": "#3"},
				"up": {"uv": [0, 0, 1, 0.5], "rotation": 270, "texture": "#3"},
				"down": {"uv": [0, 0, 1, 0.5], "rotation": 270, "texture": "#3"}
			}
		},
		{
			"name": "hoods1_2",
			"from": [10.093, 4.296, 5],
			"to": [10.353, 4.904, 6],
			"rotation": {"angle": -22.5, "axis": "z", "origin": [10.895, 5.297, 6]},
			"faces": {
				"north": {"uv": [0, 0, 0.5, 0.5], "rotation": 90, "texture": "#3"},
				"east": {"uv": [0, 0, 1, 0.5], "rotation": 270, "texture": "#3"},
				"west": {"uv": [0, 0, 1, 0.5], "rotation": 270, "texture": "#3"},
				"up": {"uv": [0, 0, 1, 0.5], "rotation": 270, "texture": "#3"},
				"down": {"uv": [0, 0, 1, 0.5], "rotation": 270, "texture": "#3"}
			}
		},
		{
			"name": "hoods1_2",
			"from": [11.633, 4.216, 5],
			"to": [11.893, 4.824, 6],
			"rotation": {"angle": 22.5, "axis": "z", "origin": [10.895, 5.297, 6]},
			"faces": {
				"north": {"uv": [0, 0, 0.5, 0.5], "rotation": 90, "texture": "#3"},
				"east": {"uv": [0, 0, 1, 0.5], "rotation": 270, "texture": "#3"},
				"west": {"uv": [0, 0, 1, 0.5], "rotation": 270, "texture": "#3"},
				"up": {"uv": [0, 0, 1, 0.5], "rotation": 270, "texture": "#3"},
				"down": {"uv": [0, 0, 1, 0.5], "rotation": 270, "texture": "#3"}
			}
		},
		{
			"name": "hoods1_2",
			"from": [9.771, 4.224, 5],
			"to": [10.031, 4.68, 6],
			"rotation": {"angle": 0, "axis": "y", "origin": [10.895, 5.297, 6]},
			"faces": {
				"north": {"uv": [0, 0, 0.5, 0.5], "rotation": 90, "texture": "#3"},
				"east": {"uv": [0, 0, 1, 0.5], "rotation": 270, "texture": "#3"},
				"west": {"uv": [0, 0, 1, 0.5], "rotation": 270, "texture": "#3"},
				"up": {"uv": [0, 0, 1, 0.5], "rotation": 270, "texture": "#3"},
				"down": {"uv": [0, 0, 1, 0.5], "rotation": 270, "texture": "#3"}
			}
		}
	],
	"groups": [
		{
			"name": "body",
			"origin": [11, 16, 13],
			"color": 0,
			"children": [0, 1, 2, 3, 4, 5, 6, 7]
		},
		{
			"name": "lamps",
			"origin": [11, 16, 13],
			"color": 0,
			"children": [8, 9, 10, 11]
		},
		{
			"name": "signs",
			"origin": [8, 8, 8],
			"color": 0,
			"children": [12, 13]
		},
		{
			"name": "hood9",
			"origin": [0, 0, 0],
			"color": 0,
			"children": [14, 15, 16, 17, 18, 19, 20, 21, 22, 23, 24, 25, 26, 27, 28, 29, 30, 31, 32, 33, 34, 35, 36, 37, 38, 39, 40]
		}
	]
}