{
	"credit": "Made with Blockbench by Markus_GamerHD",
	"texture_size": [32, 32],
	"textures": {
		"0": "opensignals:blocks/projekt675signale/sh/sh_back",
		"1": "opensignals:blocks/projekt675signale/mast_sign/wrw",
		"2": "opensignals:blocks/projekt675signale/default/white",
		"3": "opensignals:blocks/projekt675signale/default/shield_black",
		"5": "opensignals:blocks/projekt675signale/default/shield_gray",
		"particle": "opensignals:blocks/projekt675signale/sh/sh_back",
		"lamp_red2north": "opensignals:blocks/projekt675signale/lamps/lamp_dark",
		"lamp_red1north": "opensignals:blocks/projekt675signale/lamps/lamp_dark",
		"lamp_white2north": "opensignals:blocks/projekt675signale/lamps/lamp_dark",
		"lamp_white1north": "opensignals:blocks/projekt675signale/lamps/lamp_dark"
	},
	"elements": [
		{
			"from": [2, 3.056, 6],
			"to": [14, 8.056, 10],
			"faces": {
				"north": {"uv": [0, 0, 6, 3], "texture": "#3"},
				"east": {"uv": [0, 0, 2, 3], "texture": "#3"},
				"south": {"uv": [1, 4, 13, 9], "texture": "#0"},
				"west": {"uv": [0, 0, 2, 3], "texture": "#3"},
				"up": {"uv": [0, 0, 6, 2], "texture": "#3"},
				"down": {"uv": [0, 0, 6, 2], "texture": "#3"}
			}
		},
		{
			"from": [3, 8.056, 6],
			"to": [13, 9.056, 10],
			"rotation": {"angle": 0, "axis": "y", "origin": [0, 1, 0]},
			"faces": {
				"north": {"uv": [0, 0, 6, 3], "texture": "#3"},
				"east": {"uv": [0, 0, 2, 3], "texture": "#3"},
				"south": {"uv": [3, 2, 13, 3], "texture": "#0"},
				"west": {"uv": [0, 0, 2, 3], "texture": "#3"},
				"up": {"uv": [0, 0, 6, 2], "texture": "#3"},
				"down": {"uv": [0, 0, 6, 2], "texture": "#3"}
			}
		},
		{
			"from": [4, 9.056, 6],
			"to": [12, 10.056, 10],
			"rotation": {"angle": 0, "axis": "y", "origin": [0, 2, 0]},
			"faces": {
				"north": {"uv": [0, 0, 6, 3], "texture": "#3"},
				"east": {"uv": [0, 0, 2, 3], "texture": "#3"},
				"south": {"uv": [3, 2, 11, 3], "texture": "#0"},
				"west": {"uv": [0, 0, 2, 3], "texture": "#3"},
				"up": {"uv": [0, 0, 6, 2], "texture": "#3"},
				"down": {"uv": [0, 0, 6, 2], "texture": "#3"}
			}
		},
		{
			"from": [2, 2, 6],
			"to": [14, 3.08, 10],
			"faces": {
				"north": {"uv": [2, 4, 8, 4.5], "texture": "#3"},
				"east": {"uv": [0, 4, 2, 4.5], "texture": "#3"},
				"south": {"uv": [10, 4, 16, 4.5], "texture": "#0"},
				"west": {"uv": [8, 4, 10, 4.5], "texture": "#3"},
				"up": {"uv": [8, 4, 2, 2], "texture": "#3"},
				"down": {"uv": [14, 2, 8, 4], "texture": "#3"}
			}
		},
		{
			"from": [2, 2, 10],
			"to": [14, 3.08, 10],
			"rotation": {"angle": 0, "axis": "y", "origin": [0, 0, 4]},
			"faces": {
				"north": {"uv": [0, 0, 3, 0.5], "texture": "#3"},
				"east": {"uv": [0, 0, 2, 0.5], "texture": "#3"},
				"south": {"uv": [0, 10, 12, 11], "texture": "#0"},
				"west": {"uv": [0, 0, 2, 0.5], "texture": "#3"},
				"up": {"uv": [0, 0, 3, 2], "texture": "#3"},
				"down": {"uv": [0, 0, 0, 0], "texture": "#3"}
			}
		},
		{
			"from": [0.96, 7.484, 6],
			"to": [3.772, 8.492, 10],
			"rotation": {"angle": 45, "axis": "z", "origin": [2, 9.536, 8]},
			"faces": {
				"north": {"uv": [0, 0, 3, 0.5], "texture": "#3"},
				"east": {"uv": [0, 0, 2, 0.5], "texture": "#3"},
				"south": {"uv": [4, 9, 5, 10], "texture": "#0"},
				"west": {"uv": [0, 0, 2, 0.5], "texture": "#3"},
				"up": {"uv": [0, 0, 3, 2], "texture": "#3"}
			}
		},
		{
			"from": [8.432, 0.012, 6],
			"to": [9.44, 2.828, 9.999],
			"rotation": {"angle": 45, "axis": "z", "origin": [2, 9.532, 8]},
			"faces": {
				"north": {"uv": [1.5, 2, 2, 3], "rotation": 90, "texture": "#3"},
				"east": {"uv": [0, 2, 1.5, 3], "rotation": 270, "texture": "#3"},
				"south": {"uv": [3.5, 2, 4, 3], "rotation": 270, "texture": "#0"},
				"west": {"uv": [2, 2, 3.5, 3], "rotation": 270, "texture": "#3"},
				"up": {"uv": [2, 2, 1.5, 0.5], "rotation": 270, "texture": "#3"},
				"down": {"uv": [2.5, 0.5, 2, 2], "rotation": 270, "texture": "#3"}
			}
		},
		{
			"from": [8.432, 0.012, 10],
			"to": [9.44, 2.828, 10],
			"rotation": {"angle": 45, "axis": "z", "origin": [2, 9.532, 12]},
			"faces": {
				"north": {"uv": [0, 0, 3, 0.5], "rotation": 90, "texture": "#3"},
				"east": {"uv": [0, 0, 0, 0], "rotation": 270, "texture": "#3"},
				"south": {"uv": [3, 9, 4, 10], "rotation": 270, "texture": "#0"},
				"west": {"uv": [0, 0, 3, 2], "rotation": 270, "texture": "#3"},
				"up": {"uv": [0, 0, 2, 0.5], "rotation": 270, "texture": "#3"},
				"down": {"uv": [0, 0, 2, 0.5], "rotation": 270, "texture": "#3"}
			}
		},
		{
			"from": [7, 0, 7],
			"to": [9, 2, 9],
			"faces": {
				"north": {"uv": [0, 0, 1, 1], "texture": "#5"},
				"east": {"uv": [0, 0, 1, 1], "texture": "#5"},
				"south": {"uv": [0, 0, 1, 1], "texture": "#5"},
				"west": {"uv": [0, 0, 1, 1], "texture": "#5"}
			}
		},
		{
			"name": "lamp_red2",
			"from": [3.4, 7, 5.9],
			"to": [5.65, 9.25, 5.9],
			"rotation": {"angle": 0, "axis": "y", "origin": [0, -0.25, 0]},
			"faces": {
				"north": {"uv": [0, 0, 4.3125, 4.3125], "texture": "#lamp_red2north"}
			}
		},
		{
			"name": "lamp_white2",
			"from": [6.4, 7, 5.9],
			"to": [8.65, 9.25, 5.9],
			"rotation": {"angle": 0, "axis": "y", "origin": [0, -0.25, 0]},
			"faces": {
				"north": {"uv": [0, 0, 4.3125, 4.3125], "texture": "#lamp_white2north"}
			}
		},
		{
			"name": "lamp_white1",
			"from": [10.4, 3.25, 5.9],
			"to": [12.65, 5.5, 5.9],
			"rotation": {"angle": 0, "axis": "y", "origin": [0, 0.5, 0]},
			"faces": {
				"north": {"uv": [0, 0, 4.3125, 4.3125], "texture": "#lamp_white1north"}
			}
		},
		{
			"name": "lamp_red1",
			"from": [10.4, 7, 5.9],
			"to": [12.65, 9.25, 5.9],
			"rotation": {"angle": 0, "axis": "y", "origin": [0, 4.25, 0]},
			"faces": {
				"north": {"uv": [0, 0, 4.3125, 4.3125], "texture": "#lamp_red1north"}
			}
		},
		{
			"from": [5, 2, 5.5],
			"to": [9.5, 6, 6],
			"faces": {
				"north": {"uv": [0, 0, 1.25, 1.5], "texture": "#2"},
				"east": {"uv": [0, 0, 0.25, 1.5], "texture": "#3"},
				"south": {"uv": [0, 0, 0, 0], "texture": "#3"},
				"west": {"uv": [0, 0, 0.25, 1.5], "texture": "#3"},
				"up": {"uv": [0, 0, 1.25, 0.25], "texture": "#3"},
				"down": {"uv": [0, 0, 1.25, 0.25], "texture": "#3"}
			}
		},
		{
			"from": [2, 0.25, 5.5],
			"to": [4, 6.25, 6],
			"faces": {
				"north": {"uv": [0, 0.25, 1, 3.25], "texture": "#1"},
				"east": {"uv": [0, 0.25, 0, 3.25], "texture": "#3"},
				"south": {"uv": [1, 0.25, 2, 3.25], "texture": "#3"},
				"west": {"uv": [1, 0.25, 1, 3.25], "texture": "#3"},
				"up": {"uv": [1, 0.25, 0, 0.25], "texture": "#3"},
				"down": {"uv": [2, 0.25, 1, 0.25], "texture": "#3"}
			}
		},
		{
			"from": [2, 0.25, 5.476],
			"to": [4, 6.25, 5.476],
			"rotation": {"angle": 0, "axis": "y", "origin": [0, 0, -0.524]},
			"faces": {
				"north": {"uv": [0, 0, 1, 16], "texture": "#1"},
				"east": {"uv": [0, 0, 0.25, 3], "texture": "#3"},
				"south": {"uv": [0, 0, 0, 0], "texture": "#3"},
				"west": {"uv": [0, 0, 0.25, 3], "texture": "#3"},
				"up": {"uv": [0, 0, 1, 0.25], "texture": "#3"},
				"down": {"uv": [0, 0, 1, 0.25], "texture": "#3"}
			}
		},
		{
			"name": "hoods1_2",
			"from": [7.083, 9.174, 4],
			"to": [7.969, 9.434, 6],
			"rotation": {"angle": 0, "axis": "y", "origin": [7.375, 9.375, 6]},
			"faces": {
				"north": {"uv": [0, 0, 0.5, 0.5], "rotation": 180, "texture": "#3"},
				"east": {"uv": [0, 0, 1, 0.5], "rotation": 180, "texture": "#3"},
				"west": {"uv": [0, 0, 1, 0.5], "rotation": 180, "texture": "#3"},
				"up": {"uv": [0, 0, 1, 0.5], "rotation": 180, "texture": "#3"},
				"down": {"uv": [0, 0, 1, 0.5], "rotation": 180, "texture": "#3"}
			}
		},
		{
			"name": "hoods1_2",
			"from": [6.171, 7.974, 5],
			"to": [6.431, 8.43, 6],
			"rotation": {"angle": 0, "axis": "y", "origin": [7.295, 9.047, 6]},
			"faces": {
				"north": {"uv": [0, 0, 0.5, 0.5], "rotation": 90, "texture": "#3"},
				"east": {"uv": [0, 0, 1, 0.5], "rotation": 270, "texture": "#3"},
				"west": {"uv": [0, 0, 1, 0.5], "rotation": 270, "texture": "#3"},
				"up": {"uv": [0, 0, 1, 0.5], "rotation": 270, "texture": "#3"},
				"down": {"uv": [0, 0, 1, 0.5], "rotation": 270, "texture": "#3"}
			}
		},
		{
			"name": "hoods1_2",
			"from": [6.493, 8.046, 5],
			"to": [6.753, 8.654, 6],
			"rotation": {"angle": -22.5, "axis": "z", "origin": [7.295, 9.047, 6]},
			"faces": {
				"north": {"uv": [0, 0, 0.5, 0.5], "rotation": 90, "texture": "#3"},
				"east": {"uv": [0, 0, 1, 0.5], "rotation": 270, "texture": "#3"},
				"west": {"uv": [0, 0, 1, 0.5], "rotation": 270, "texture": "#3"},
				"up": {"uv": [0, 0, 1, 0.5], "rotation": 270, "texture": "#3"},
				"down": {"uv": [0, 0, 1, 0.5], "rotation": 270, "texture": "#3"}
			}
		},
		{
			"name": "hoods1_2",
			"from": [6.491, 9.522, 5],
			"to": [6.851, 9.782, 6],
			"rotation": {"angle": 45, "axis": "z", "origin": [7.391, 9.287, 6]},
			"faces": {
				"north": {"uv": [0, 0, 0.5, 0.5], "texture": "#3"},
				"east": {"uv": [0, 0, 1, 0.5], "texture": "#3"},
				"west": {"uv": [0, 0, 1, 0.5], "texture": "#3"},
				"up": {"uv": [0, 0, 1, 0.5], "texture": "#3"},
				"down": {"uv": [0, 0, 1, 0.5], "texture": "#3"}
			}
		},
		{
			"name": "hoods1_2",
			"from": [6.701, 9.277, 4],
			"to": [7.165, 9.537, 6],
			"rotation": {"angle": 22.5, "axis": "z", "origin": [7.391, 9.287, 6]},
			"faces": {
				"north": {"uv": [0, 0, 0.5, 0.5], "texture": "#3"},
				"east": {"uv": [0, 0, 1, 0.5], "texture": "#3"},
				"west": {"uv": [0, 0, 1, 0.5], "texture": "#3"},
				"up": {"uv": [0, 0, 1, 0.5], "texture": "#3"},
				"down": {"uv": [0, 0, 1, 0.5], "texture": "#3"}
			}
		},
		{
			"name": "hoods1_2",
			"from": [7.891, 9.285, 4],
			"to": [8.355, 9.545, 6],
			"rotation": {"angle": -22.5, "axis": "z", "origin": [7.641, 9.287, 6]},
			"faces": {
				"north": {"uv": [0, 0, 0.5, 0.5], "rotation": 180, "texture": "#3"},
				"east": {"uv": [0, 0, 1, 0.5], "rotation": 180, "texture": "#3"},
				"west": {"uv": [0, 0, 1, 0.5], "rotation": 180, "texture": "#3"},
				"up": {"uv": [0, 0, 1, 0.5], "rotation": 180, "texture": "#3"},
				"down": {"uv": [0, 0, 1, 0.5], "rotation": 180, "texture": "#3"}
			}
		},
		{
			"name": "hoods1_2",
			"from": [7.882, 8.363, 5],
			"to": [8.142, 8.723, 6],
			"rotation": {"angle": 45, "axis": "z", "origin": [7.641, 9.287, 6]},
			"faces": {
				"north": {"uv": [0, 0, 0.5, 0.5], "rotation": 90, "texture": "#3"},
				"east": {"uv": [0, 0, 1, 0.5], "rotation": 270, "texture": "#3"},
				"west": {"uv": [0, 0, 1, 0.5], "rotation": 270, "texture": "#3"},
				"up": {"uv": [0, 0, 1, 0.5], "rotation": 270, "texture": "#3"},
				"down": {"uv": [0, 0, 1, 0.5], "rotation": 270, "texture": "#3"}
			}
		},
		{
			"name": "hoods1_2",
			"from": [8.283, 7.966, 5],
			"to": [8.543, 8.574, 6],
			"rotation": {"angle": 22.5, "axis": "z", "origin": [7.545, 9.047, 6]},
			"faces": {
				"north": {"uv": [0, 0, 0.5, 0.5], "rotation": 90, "texture": "#3"},
				"east": {"uv": [0, 0, 1, 0.5], "rotation": 270, "texture": "#3"},
				"west": {"uv": [0, 0, 1, 0.5], "rotation": 270, "texture": "#3"},
				"up": {"uv": [0, 0, 1, 0.5], "rotation": 270, "texture": "#3"},
				"down": {"uv": [0, 0, 1, 0.5], "rotation": 270, "texture": "#3"}
			}
		},
		{
			"name": "hoods1_2",
			"from": [8.621, 7.974, 5],
			"to": [8.881, 8.43, 6],
			"rotation": {"angle": 0, "axis": "y", "origin": [7.545, 9.047, 6]},
			"faces": {
				"north": {"uv": [0, 0, 0.5, 0.5], "rotation": 90, "texture": "#3"},
				"east": {"uv": [0, 0, 1, 0.5], "rotation": 270, "texture": "#3"},
				"west": {"uv": [0, 0, 1, 0.5], "rotation": 270, "texture": "#3"},
				"up": {"uv": [0, 0, 1, 0.5], "rotation": 270, "texture": "#3"},
				"down": {"uv": [0, 0, 1, 0.5], "rotation": 270, "texture": "#3"}
			}
		},
		{
			"name": "hoods1_2",
			"from": [4.083, 9.174, 4],
			"to": [4.969, 9.434, 6],
			"rotation": {"angle": 0, "axis": "y", "origin": [4.625, 9.375, 6]},
			"faces": {
				"north": {"uv": [0, 0, 0.5, 0.5], "rotation": 180, "texture": "#3"},
				"east": {"uv": [0, 0, 1, 0.5], "rotation": 180, "texture": "#3"},
				"west": {"uv": [0, 0, 1, 0.5], "rotation": 180, "texture": "#3"},
				"up": {"uv": [0, 0, 1, 0.5], "rotation": 180, "texture": "#3"},
				"down": {"uv": [0, 0, 1, 0.5], "rotation": 180, "texture": "#3"}
			}
		},
		{
			"name": "hoods1_2",
			"from": [5.621, 7.974, 5],
			"to": [5.881, 8.43, 6],
			"rotation": {"angle": 0, "axis": "y", "origin": [4.545, 9.047, 6]},
			"faces": {
				"north": {"uv": [0, 0, 0.5, 0.5], "rotation": 90, "texture": "#3"},
				"east": {"uv": [0, 0, 1, 0.5], "rotation": 270, "texture": "#3"},
				"west": {"uv": [0, 0, 1, 0.5], "rotation": 270, "texture": "#3"},
				"up": {"uv": [0, 0, 1, 0.5], "rotation": 270, "texture": "#3"},
				"down": {"uv": [0, 0, 1, 0.5], "rotation": 270, "texture": "#3"}
			}
		},
		{
			"name": "hoods1_2",
			"from": [3.171, 7.974, 5],
			"to": [3.431, 8.43, 6],
			"rotation": {"angle": 0, "axis": "y", "origin": [4.295, 9.047, 6]},
			"faces": {
				"north": {"uv": [0, 0, 0.5, 0.5], "rotation": 90, "texture": "#3"},
				"east": {"uv": [0, 0, 1, 0.5], "rotation": 270, "texture": "#3"},
				"west": {"uv": [0, 0, 1, 0.5], "rotation": 270, "texture": "#3"},
				"up": {"uv": [0, 0, 1, 0.5], "rotation": 270, "texture": "#3"},
				"down": {"uv": [0, 0, 1, 0.5], "rotation": 270, "texture": "#3"}
			}
		},
		{
			"name": "hoods1_2",
			"from": [5.283, 7.966, 5],
			"to": [5.543, 8.574, 6],
			"rotation": {"angle": 22.5, "axis": "z", "origin": [4.545, 9.047, 6]},
			"faces": {
				"north": {"uv": [0, 0, 0.5, 0.5], "rotation": 90, "texture": "#3"},
				"east": {"uv": [0, 0, 1, 0.5], "rotation": 270, "texture": "#3"},
				"west": {"uv": [0, 0, 1, 0.5], "rotation": 270, "texture": "#3"},
				"up": {"uv": [0, 0, 1, 0.5], "rotation": 270, "texture": "#3"},
				"down": {"uv": [0, 0, 1, 0.5], "rotation": 270, "texture": "#3"}
			}
		},
		{
			"name": "hoods1_2",
			"from": [4.882, 8.363, 5],
			"to": [5.142, 8.723, 6],
			"rotation": {"angle": 45, "axis": "z", "origin": [4.641, 9.287, 6]},
			"faces": {
				"north": {"uv": [0, 0, 0.5, 0.5], "rotation": 90, "texture": "#3"},
				"east": {"uv": [0, 0, 1, 0.5], "rotation": 270, "texture": "#3"},
				"west": {"uv": [0, 0, 1, 0.5], "rotation": 270, "texture": "#3"},
				"up": {"uv": [0, 0, 1, 0.5], "rotation": 270, "texture": "#3"},
				"down": {"uv": [0, 0, 1, 0.5], "rotation": 270, "texture": "#3"}
			}
		},
		{
			"name": "hoods1_2",
			"from": [4.891, 9.285, 4],
			"to": [5.355, 9.545, 6],
			"rotation": {"angle": -22.5, "axis": "z", "origin": [4.641, 9.287, 6]},
			"faces": {
				"north": {"uv": [0, 0, 0.5, 0.5], "rotation": 180, "texture": "#3"},
				"east": {"uv": [0, 0, 1, 0.5], "rotation": 180, "texture": "#3"},
				"west": {"uv": [0, 0, 1, 0.5], "rotation": 180, "texture": "#3"},
				"up": {"uv": [0, 0, 1, 0.5], "rotation": 180, "texture": "#3"},
				"down": {"uv": [0, 0, 1, 0.5], "rotation": 180, "texture": "#3"}
			}
		},
		{
			"name": "hoods1_2",
			"from": [3.701, 9.277, 4],
			"to": [4.165, 9.537, 6],
			"rotation": {"angle": 22.5, "axis": "z", "origin": [4.391, 9.287, 6]},
			"faces": {
				"north": {"uv": [0, 0, 0.5, 0.5], "texture": "#3"},
				"east": {"uv": [0, 0, 1, 0.5], "texture": "#3"},
				"west": {"uv": [0, 0, 1, 0.5], "texture": "#3"},
				"up": {"uv": [0, 0, 1, 0.5], "texture": "#3"},
				"down": {"uv": [0, 0, 1, 0.5], "texture": "#3"}
			}
		},
		{
			"name": "hoods1_2",
			"from": [3.491, 9.522, 5],
			"to": [3.851, 9.782, 6],
			"rotation": {"angle": 45, "axis": "z", "origin": [4.391, 9.287, 6]},
			"faces": {
				"north": {"uv": [0, 0, 0.5, 0.5], "texture": "#3"},
				"east": {"uv": [0, 0, 1, 0.5], "texture": "#3"},
				"west": {"uv": [0, 0, 1, 0.5], "texture": "#3"},
				"up": {"uv": [0, 0, 1, 0.5], "texture": "#3"},
				"down": {"uv": [0, 0, 1, 0.5], "texture": "#3"}
			}
		},
		{
			"name": "hoods1_2",
			"from": [3.493, 8.046, 5],
			"to": [3.753, 8.654, 6],
			"rotation": {"angle": -22.5, "axis": "z", "origin": [4.295, 9.047, 6]},
			"faces": {
				"north": {"uv": [0, 0, 0.5, 0.5], "rotation": 90, "texture": "#3"},
				"east": {"uv": [0, 0, 1, 0.5], "rotation": 270, "texture": "#3"},
				"west": {"uv": [0, 0, 1, 0.5], "rotation": 270, "texture": "#3"},
				"up": {"uv": [0, 0, 1, 0.5], "rotation": 270, "texture": "#3"},
				"down": {"uv": [0, 0, 1, 0.5], "rotation": 270, "texture": "#3"}
			}
		},
		{
			"name": "hoods1_2",
			"from": [11.083, 5.424, 4],
			"to": [11.969, 5.684, 6],
			"rotation": {"angle": 0, "axis": "y", "origin": [11.625, 5.625, 6]},
			"faces": {
				"north": {"uv": [0, 0, 0.5, 0.5], "rotation": 180, "texture": "#3"},
				"east": {"uv": [0, 0, 1, 0.5], "rotation": 180, "texture": "#3"},
				"west": {"uv": [0, 0, 1, 0.5], "rotation": 180, "texture": "#3"},
				"up": {"uv": [0, 0, 1, 0.5], "rotation": 180, "texture": "#3"},
				"down": {"uv": [0, 0, 1, 0.5], "rotation": 180, "texture": "#3"}
			}
		},
		{
			"name": "hoods1_2",
			"from": [10.701, 5.527, 4],
			"to": [11.165, 5.787, 6],
			"rotation": {"angle": 22.5, "axis": "z", "origin": [11.391, 5.537, 6]},
			"faces": {
				"north": {"uv": [0, 0, 0.5, 0.5], "texture": "#3"},
				"east": {"uv": [0, 0, 1, 0.5], "texture": "#3"},
				"west": {"uv": [0, 0, 1, 0.5], "texture": "#3"},
				"up": {"uv": [0, 0, 1, 0.5], "texture": "#3"},
				"down": {"uv": [0, 0, 1, 0.5], "texture": "#3"}
			}
		},
		{
			"name": "hoods1_2",
			"from": [11.891, 5.535, 4],
			"to": [12.355, 5.795, 6],
			"rotation": {"angle": -22.5, "axis": "z", "origin": [11.641, 5.537, 6]},
			"faces": {
				"north": {"uv": [0, 0, 0.5, 0.5], "rotation": 180, "texture": "#3"},
				"east": {"uv": [0, 0, 1, 0.5], "rotation": 180, "texture": "#3"},
				"west": {"uv": [0, 0, 1, 0.5], "rotation": 180, "texture": "#3"},
				"up": {"uv": [0, 0, 1, 0.5], "rotation": 180, "texture": "#3"},
				"down": {"uv": [0, 0, 1, 0.5], "rotation": 180, "texture": "#3"}
			}
		},
		{
			"name": "hoods1_2",
			"from": [10.491, 5.772, 5],
			"to": [10.851, 6.032, 6],
			"rotation": {"angle": 45, "axis": "z", "origin": [11.391, 5.537, 6]},
			"faces": {
				"north": {"uv": [0, 0, 0.5, 0.5], "texture": "#3"},
				"east": {"uv": [0, 0, 1, 0.5], "texture": "#3"},
				"west": {"uv": [0, 0, 1, 0.5], "texture": "#3"},
				"up": {"uv": [0, 0, 1, 0.5], "texture": "#3"},
				"down": {"uv": [0, 0, 1, 0.5], "texture": "#3"}
			}
		},
		{
			"name": "hoods1_2",
			"from": [11.882, 4.613, 5],
			"to": [12.142, 4.973, 6],
			"rotation": {"angle": 45, "axis": "z", "origin": [11.641, 5.537, 6]},
			"faces": {
				"north": {"uv": [0, 0, 0.5, 0.5], "rotation": 90, "texture": "#3"},
				"east": {"uv": [0, 0, 1, 0.5], "rotation": 270, "texture": "#3"},
				"west": {"uv": [0, 0, 1, 0.5], "rotation": 270, "texture": "#3"},
				"up": {"uv": [0, 0, 1, 0.5], "rotation": 270, "texture": "#3"},
				"down": {"uv": [0, 0, 1, 0.5], "rotation": 270, "texture": "#3"}
			}
		},
		{
			"name": "hoods1_2",
			"from": [10.493, 4.296, 5],
			"to": [10.753, 4.904, 6],
			"rotation": {"angle": -22.5, "axis": "z", "origin": [11.295, 5.297, 6]},
			"faces": {
				"north": {"uv": [0, 0, 0.5, 0.5], "rotation": 90, "texture": "#3"},
				"east": {"uv": [0, 0, 1, 0.5], "rotation": 270, "texture": "#3"},
				"west": {"uv": [0, 0, 1, 0.5], "rotation": 270, "texture": "#3"},
				"up": {"uv": [0, 0, 1, 0.5], "rotation": 270, "texture": "#3"},
				"down": {"uv": [0, 0, 1, 0.5], "rotation": 270, "texture": "#3"}
			}
		},
		{
			"name": "hoods1_2",
			"from": [12.283, 4.216, 5],
			"to": [12.543, 4.824, 6],
			"rotation": {"angle": 22.5, "axis": "z", "origin": [11.545, 5.297, 6]},
			"faces": {
				"north": {"uv": [0, 0, 0.5, 0.5], "rotation": 90, "texture": "#3"},
				"east": {"uv": [0, 0, 1, 0.5], "rotation": 270, "texture": "#3"},
				"west": {"uv": [0, 0, 1, 0.5], "rotation": 270, "texture": "#3"},
				"up": {"uv": [0, 0, 1, 0.5], "rotation": 270, "texture": "#3"},
				"down": {"uv": [0, 0, 1, 0.5], "rotation": 270, "texture": "#3"}
			}
		},
		{
			"name": "hoods1_2",
			"from": [10.171, 4.224, 5],
			"to": [10.431, 4.68, 6],
			"rotation": {"angle": 0, "axis": "y", "origin": [11.295, 5.297, 6]},
			"faces": {
				"north": {"uv": [0, 0, 0.5, 0.5], "rotation": 90, "texture": "#3"},
				"east": {"uv": [0, 0, 1, 0.5], "rotation": 270, "texture": "#3"},
				"west": {"uv": [0, 0, 1, 0.5], "rotation": 270, "texture": "#3"},
				"up": {"uv": [0, 0, 1, 0.5], "rotation": 270, "texture": "#3"},
				"down": {"uv": [0, 0, 1, 0.5], "rotation": 270, "texture": "#3"}
			}
		},
		{
			"name": "hoods1_2",
			"from": [12.621, 4.224, 5],
			"to": [12.881, 4.68, 6],
			"rotation": {"angle": 0, "axis": "y", "origin": [11.545, 5.297, 6]},
			"faces": {
				"north": {"uv": [0, 0, 0.5, 0.5], "rotation": 90, "texture": "#3"},
				"east": {"uv": [0, 0, 1, 0.5], "rotation": 270, "texture": "#3"},
				"west": {"uv": [0, 0, 1, 0.5], "rotation": 270, "texture": "#3"},
				"up": {"uv": [0, 0, 1, 0.5], "rotation": 270, "texture": "#3"},
				"down": {"uv": [0, 0, 1, 0.5], "rotation": 270, "texture": "#3"}
			}
		},
		{
			"name": "hoods1_2",
			"from": [11.083, 9.174, 4],
			"to": [11.969, 9.434, 6],
			"rotation": {"angle": 0, "axis": "y", "origin": [11.625, 9.375, 6]},
			"faces": {
				"north": {"uv": [0, 0, 0.5, 0.5], "rotation": 180, "texture": "#3"},
				"east": {"uv": [0, 0, 1, 0.5], "rotation": 180, "texture": "#3"},
				"west": {"uv": [0, 0, 1, 0.5], "rotation": 180, "texture": "#3"},
				"up": {"uv": [0, 0, 1, 0.5], "rotation": 180, "texture": "#3"},
				"down": {"uv": [0, 0, 1, 0.5], "rotation": 180, "texture": "#3"}
			}
		},
		{
			"name": "hoods1_2",
			"from": [10.701, 9.277, 4],
			"to": [11.165, 9.537, 6],
			"rotation": {"angle": 22.5, "axis": "z", "origin": [11.391, 9.287, 6]},
			"faces": {
				"north": {"uv": [0, 0, 0.5, 0.5], "texture": "#3"},
				"east": {"uv": [0, 0, 1, 0.5], "texture": "#3"},
				"west": {"uv": [0, 0, 1, 0.5], "texture": "#3"},
				"up": {"uv": [0, 0, 1, 0.5], "texture": "#3"},
				"down": {"uv": [0, 0, 1, 0.5], "texture": "#3"}
			}
		},
		{
			"name": "hoods1_2",
			"from": [11.891, 9.285, 4],
			"to": [12.355, 9.545, 6],
			"rotation": {"angle": -22.5, "axis": "z", "origin": [11.641, 9.287, 6]},
			"faces": {
				"north": {"uv": [0, 0, 0.5, 0.5], "rotation": 180, "texture": "#3"},
				"east": {"uv": [0, 0, 1, 0.5], "rotation": 180, "texture": "#3"},
				"west": {"uv": [0, 0, 1, 0.5], "rotation": 180, "texture": "#3"},
				"up": {"uv": [0, 0, 1, 0.5], "rotation": 180, "texture": "#3"},
				"down": {"uv": [0, 0, 1, 0.5], "rotation": 180, "texture": "#3"}
			}
		},
		{
			"name": "hoods1_2",
			"from": [10.491, 9.522, 5],
			"to": [10.851, 9.782, 6],
			"rotation": {"angle": 45, "axis": "z", "origin": [11.391, 9.287, 6]},
			"faces": {
				"north": {"uv": [0, 0, 0.5, 0.5], "texture": "#3"},
				"east": {"uv": [0, 0, 1, 0.5], "texture": "#3"},
				"west": {"uv": [0, 0, 1, 0.5], "texture": "#3"},
				"up": {"uv": [0, 0, 1, 0.5], "texture": "#3"},
				"down": {"uv": [0, 0, 1, 0.5], "texture": "#3"}
			}
		},
		{
			"name": "hoods1_2",
			"from": [11.882, 8.363, 5],
			"to": [12.142, 8.723, 6],
			"rotation": {"angle": 45, "axis": "z", "origin": [11.641, 9.287, 6]},
			"faces": {
				"north": {"uv": [0, 0, 0.5, 0.5], "rotation": 90, "texture": "#3"},
				"east": {"uv": [0, 0, 1, 0.5], "rotation": 270, "texture": "#3"},
				"west": {"uv": [0, 0, 1, 0.5], "rotation": 270, "texture": "#3"},
				"up": {"uv": [0, 0, 1, 0.5], "rotation": 270, "texture": "#3"},
				"down": {"uv": [0, 0, 1, 0.5], "rotation": 270, "texture": "#3"}
			}
		},
		{
			"name": "hoods1_2",
			"from": [10.493, 8.046, 5],
			"to": [10.753, 8.654, 6],
			"rotation": {"angle": -22.5, "axis": "z", "origin": [11.295, 9.047, 6]},
			"faces": {
				"north": {"uv": [0, 0, 0.5, 0.5], "rotation": 90, "texture": "#3"},
				"east": {"uv": [0, 0, 1, 0.5], "rotation": 270, "texture": "#3"},
				"west": {"uv": [0, 0, 1, 0.5], "rotation": 270, "texture": "#3"},
				"up": {"uv": [0, 0, 1, 0.5], "rotation": 270, "texture": "#3"},
				"down": {"uv": [0, 0, 1, 0.5], "rotation": 270, "texture": "#3"}
			}
		},
		{
			"name": "hoods1_2",
			"from": [12.283, 7.966, 5],
			"to": [12.543, 8.574, 6],
			"rotation": {"angle": 22.5, "axis": "z", "origin": [11.545, 9.047, 6]},
			"faces": {
				"north": {"uv": [0, 0, 0.5, 0.5], "rotation": 90, "texture": "#3"},
				"east": {"uv": [0, 0, 1, 0.5], "rotation": 270, "texture": "#3"},
				"west": {"uv": [0, 0, 1, 0.5], "rotation": 270, "texture": "#3"},
				"up": {"uv": [0, 0, 1, 0.5], "rotation": 270, "texture": "#3"},
				"down": {"uv": [0, 0, 1, 0.5], "rotation": 270, "texture": "#3"}
			}
		},
		{
			"name": "hoods1_2",
			"from": [10.171, 7.974, 5],
			"to": [10.431, 8.43, 6],
			"rotation": {"angle": 0, "axis": "y", "origin": [11.295, 9.047, 6]},
			"faces": {
				"north": {"uv": [0, 0, 0.5, 0.5], "rotation": 90, "texture": "#3"},
				"east": {"uv": [0, 0, 1, 0.5], "rotation": 270, "texture": "#3"},
				"west": {"uv": [0, 0, 1, 0.5], "rotation": 270, "texture": "#3"},
				"up": {"uv": [0, 0, 1, 0.5], "rotation": 270, "texture": "#3"},
				"down": {"uv": [0, 0, 1, 0.5], "rotation": 270, "texture": "#3"}
			}
		},
		{
			"name": "hoods1_2",
			"from": [12.621, 7.974, 5],
			"to": [12.881, 8.43, 6],
			"rotation": {"angle": 0, "axis": "y", "origin": [11.545, 9.047, 6]},
			"faces": {
				"north": {"uv": [0, 0, 0.5, 0.5], "rotation": 90, "texture": "#3"},
				"east": {"uv": [0, 0, 1, 0.5], "rotation": 270, "texture": "#3"},
				"west": {"uv": [0, 0, 1, 0.5], "rotation": 270, "texture": "#3"},
				"up": {"uv": [0, 0, 1, 0.5], "rotation": 270, "texture": "#3"},
				"down": {"uv": [0, 0, 1, 0.5], "rotation": 270, "texture": "#3"}
			}
		}
	],
	"groups": [
		{
			"name": "body",
			"origin": [11, 16, 13],
			"color": 0,
			"children": [0, 1, 2, 3, 4, 5, 6, 7, 8]
		},
		{
			"name": "lamps",
			"origin": [11, 16, 13],
			"color": 0,
			"children": [9, 10, 11, 12]
		},
		{
			"name": "signs",
			"origin": [8, 8, 8],
			"color": 0,
			"children": [13, 14, 15]
		},
		{
			"name": "hood9",
			"origin": [0, 0, 0],
			"color": 0,
			"children": [
				16,
				17,
				18,
				19,
				20,
				{
					"name": "hood9",
					"origin": [0, 0, 0],
					"color": 0,
					"children": [
						21,
						22,
						23,
						24,
						{
							"name": "hood9",
							"origin": [0, 0, 0],
							"color": 0,
							"children": [25, 26, 27, 28, 29, 30, 31, 32, 33]
						}
					]
				}
			]
		},
		{
			"name": "hood9",
			"origin": [0, 0, 0],
			"color": 0,
			"children": [
				34,
				35,
				36,
				37,
				38,
				39,
				40,
				41,
				42,
				{
					"name": "hood9",
					"origin": [0, 0, 0],
					"color": 0,
					"children": [43, 44, 45, 46, 47, 48, 49, 50, 51]
				}
			]
		}
	]
}