{
	"credit": "Made with Blockbench by Markus_GamerHD",
	"texture_size": [32, 32],
	"textures": {
		"5": "opensignals:blocks/projekt675signale/default/white",
		"8": "opensignals:blocks/projekt675signale/default/shield_black",
		"9": "opensignals:blocks/projekt675signale/default/shield_gray",
		"11": "opensignals:blocks/projekt675signale/mast_sign/wrw",
		"12": "opensignals:blocks/projekt675signale/sh/sh_back",
		"particle": "opensignals:blocks/projekt675signale/default/white",
		"lamp_red2north": "opensignals:blocks/projekt675signale/lamps/lamp_dark",
		"lamp_red1north": "opensignals:blocks/projekt675signale/lamps/lamp_dark",
		"lamp_white2north": "opensignals:blocks/projekt675signale/lamps/lamp_dark"
	},
	"elements": [
		{
			"from": [2, 11, 6],
			"to": [14, 13, 10],
			"rotation": {"angle": 0, "axis": "y", "origin": [0, 8, 0]},
			"faces": {
				"north": {"uv": [0, 0, 6, 3], "texture": "#8"},
				"east": {"uv": [0, 0, 2, 3], "texture": "#8"},
				"south": {"uv": [5, 3, 16, 5], "texture": "#12"},
				"west": {"uv": [0, 0, 2, 3], "texture": "#8"},
				"up": {"uv": [0, 0, 6, 2], "texture": "#8"},
				"down": {"uv": [0, 0, 6, 2], "texture": "#8"}
			}
		},
		{
			"from": [3, 13, 6],
			"to": [13, 14, 10],
			"rotation": {"angle": 0, "axis": "y", "origin": [0, 8, 0]},
			"faces": {
				"north": {"uv": [0, 0, 4, 0.5], "texture": "#8"},
				"east": {"uv": [0, 0, 2, 0.5], "texture": "#8"},
				"south": {"uv": [6, 2, 15, 3], "texture": "#12"},
				"west": {"uv": [0, 0, 2, 0.5], "texture": "#8"},
				"up": {"uv": [0, 0, 4, 2], "texture": "#8"}
			}
		},
		{
			"from": [3, 10, 6],
			"to": [13, 11, 10],
			"rotation": {"angle": 0, "axis": "y", "origin": [0, 8, 0]},
			"faces": {
				"north": {"uv": [2, 7, 7, 7.5], "texture": "#8"},
				"east": {"uv": [0, 7, 2, 7.5], "texture": "#8"},
				"south": {"uv": [9, 7, 14, 7.5], "texture": "#12"},
				"west": {"uv": [7, 7, 9, 7.5], "texture": "#8"},
				"up": {"uv": [7, 7, 2, 5], "texture": "#8"},
				"down": {"uv": [12, 5, 7, 7], "texture": "#8"}
			}
		},
		{
			"from": [3, 10, 10],
			"to": [13, 11, 10],
			"rotation": {"angle": 0, "axis": "y", "origin": [0, 8, 0]},
			"faces": {
				"north": {"uv": [2, 7, 7, 7.5], "texture": "#8"},
				"east": {"uv": [2, 7, 2, 7.5], "texture": "#8"},
				"south": {"uv": [6, 5, 15, 6], "texture": "#12"},
				"west": {"uv": [7, 7, 7, 7.5], "texture": "#8"},
				"up": {"uv": [7, 7, 2, 7], "texture": "#8"},
				"down": {"uv": [12, 7, 7, 7], "texture": "#8"}
			}
		},
		{
			"from": [12.588, 11, 6],
			"to": [14, 11.716, 10],
			"rotation": {"angle": 45, "axis": "z", "origin": [14, 11, 10]},
			"faces": {
				"north": {"uv": [2.5, 4, 3, 4], "texture": "#8"},
				"east": {"uv": [0.5, 4, 2.5, 4], "texture": "#8"},
				"south": {"uv": [5, 4, 5.5, 4], "texture": "#12"},
				"west": {"uv": [3, 4, 5, 4], "texture": "#8"},
				"up": {"uv": [3, 4, 2.5, 2], "texture": "#8"},
				"down": {"uv": [3.5, 2, 3, 4], "texture": "#8"}
			}
		},
		{
			"from": [12.588, 12.288, 6],
			"to": [14, 13.004, 10],
			"rotation": {"angle": -45, "axis": "z", "origin": [14, 13, 10]},
			"faces": {
				"north": {"uv": [0, 0, 3, 0.5], "texture": "#8"},
				"east": {"uv": [0, 0, 2, 0.5], "texture": "#8"},
				"south": {"uv": [0, 9, 1, 10], "texture": "#12"},
				"west": {"uv": [0, 0, 2, 0.5], "texture": "#8"},
				"up": {"uv": [0, 0, 3, 2], "texture": "#8"},
				"down": {"uv": [0, 0, 0, 0], "texture": "#8"}
			}
		},
		{
			"from": [1.588, 10, 6],
			"to": [3, 10.716, 10],
			"rotation": {"angle": -45, "axis": "z", "origin": [3, 10, 10]},
			"faces": {
				"north": {"uv": [2.5, 4, 3, 4], "texture": "#8"},
				"east": {"uv": [0.5, 4, 2.5, 4], "texture": "#8"},
				"south": {"uv": [5, 4, 5.5, 4], "texture": "#12"},
				"west": {"uv": [3, 4, 5, 4], "texture": "#8"},
				"up": {"uv": [3, 4, 2.5, 2], "texture": "#8"},
				"down": {"uv": [3.5, 2, 3, 4], "texture": "#8"}
			}
		},
		{
			"from": [1.588, 13.288, 6],
			"to": [3, 14.004, 10],
			"rotation": {"angle": 45, "axis": "z", "origin": [3, 14, 10]},
			"faces": {
				"north": {"uv": [0, 0, 3, 0.5], "texture": "#8"},
				"east": {"uv": [0, 0, 2, 0.5], "texture": "#8"},
				"south": {"uv": [0, 9, 1, 10], "texture": "#12"},
				"west": {"uv": [0, 0, 2, 0.5], "texture": "#8"},
				"up": {"uv": [0, 0, 3, 2], "texture": "#8"},
				"down": {"uv": [0, 0, 0, 0], "texture": "#8"}
			}
		},
		{
			"from": [11.5, 14, 7],
			"to": [11.75, 14.5, 9],
			"rotation": {"angle": 0, "axis": "y", "origin": [1, 8, 0]},
			"faces": {
				"north": {"uv": [0, 0, 1, 1], "texture": "#9"},
				"east": {"uv": [0, 0, 1, 1], "texture": "#9"},
				"south": {"uv": [0, 0, 1, 1], "texture": "#9"},
				"west": {"uv": [0, 0, 1, 1], "texture": "#9"},
				"up": {"uv": [0, 0, 0, 0], "texture": "#9"},
				"down": {"uv": [0, 0, 0, 0], "texture": "#9"}
			}
		},
		{
			"from": [12.75, 14, 7],
			"to": [13, 14.5, 9],
			"rotation": {"angle": 0, "axis": "y", "origin": [0, 8, 0]},
			"faces": {
				"north": {"uv": [0, 0, 1, 1], "texture": "#9"},
				"east": {"uv": [0, 0, 1, 1], "texture": "#9"},
				"south": {"uv": [0, 0, 1, 1], "texture": "#9"},
				"west": {"uv": [0, 0, 1, 1], "texture": "#9"},
				"up": {"uv": [0, 0, 0, 0], "texture": "#9"},
				"down": {"uv": [0, 0, 0, 0], "texture": "#9"}
			}
		},
		{
			"from": [3, 14, 7],
			"to": [3.25, 14.5, 9],
			"rotation": {"angle": 0, "axis": "y", "origin": [-7.5, 8, 0]},
			"faces": {
				"north": {"uv": [0, 0, 1, 1], "texture": "#9"},
				"east": {"uv": [0, 0, 1, 1], "texture": "#9"},
				"south": {"uv": [0, 0, 1, 1], "texture": "#9"},
				"west": {"uv": [0, 0, 1, 1], "texture": "#9"},
				"up": {"uv": [0, 0, 0, 0], "texture": "#9"},
				"down": {"uv": [0, 0, 0, 0], "texture": "#9"}
			}
		},
		{
			"from": [13.952, 16.1, 7],
			"to": [15, 16.35, 9],
			"rotation": {"angle": 45, "axis": "z", "origin": [10.712, 2.212, 0]},
			"faces": {
				"north": {"uv": [0, 0, 1, 1], "rotation": 90, "texture": "#9"},
				"east": {"uv": [0, 0, 0, 0], "rotation": 270, "texture": "#9"},
				"south": {"uv": [0, 0, 1, 1], "rotation": 270, "texture": "#9"},
				"west": {"uv": [0, 0, 0, 0], "rotation": 270, "texture": "#9"},
				"up": {"uv": [0, 0, 1, 1], "rotation": 270, "texture": "#9"},
				"down": {"uv": [0, 0, 1, 1], "rotation": 270, "texture": "#9"}
			}
		},
		{
			"from": [14.75, 15.754, 6.75],
			"to": [15, 16.004, 9.25],
			"rotation": {"angle": 45, "axis": "z", "origin": [10.712, 1.866, 0]},
			"faces": {
				"north": {"uv": [1, 2, 1, 2], "rotation": 90, "texture": "#8"},
				"east": {"uv": [0, 2, 1, 2], "rotation": 270, "texture": "#8"},
				"south": {"uv": [2, 2, 2, 2], "rotation": 270, "texture": "#8"},
				"west": {"uv": [1, 2, 2, 2], "rotation": 270, "texture": "#8"},
				"up": {"uv": [1, 2, 1, 1], "rotation": 270, "texture": "#8"},
				"down": {"uv": [1, 1, 1, 2], "rotation": 270, "texture": "#8"}
			}
		},
		{
			"from": [3.56647, 14.54297, 6.734],
			"to": [3.92847, 15.99297, 7],
			"rotation": {"angle": 0, "axis": "z", "origin": [3.12, 14.09, 8]},
			"faces": {
				"north": {"uv": [0.5, 1.5, 0.5, 2], "rotation": 90, "texture": "#8"},
				"east": {"uv": [0.5, 1.5, 0.5, 2], "rotation": 270, "texture": "#8"},
				"south": {"uv": [0.5, 1.5, 0.5, 2], "rotation": 270, "texture": "#8"},
				"west": {"uv": [0.5, 1.5, 0.5, 2], "rotation": 270, "texture": "#8"},
				"up": {"uv": [0.5, 1.5, 0.5, 1.5], "rotation": 270, "texture": "#8"},
				"down": {"uv": [0.5, 1.5, 0.5, 1.5], "rotation": 270, "texture": "#8"}
			}
		},
		{
			"from": [3.56647, 14.54297, 8.992],
			"to": [3.92847, 15.99297, 9.258],
			"rotation": {"angle": 0, "axis": "y", "origin": [3.12, 14.09, 10.008]},
			"faces": {
				"north": {"uv": [0.5, 1.5, 0.5, 2], "rotation": 90, "texture": "#8"},
				"east": {"uv": [0.5, 1.5, 0.5, 2], "rotation": 270, "texture": "#8"},
				"south": {"uv": [0.5, 1.5, 0.5, 2], "rotation": 270, "texture": "#8"},
				"west": {"uv": [0.5, 1.5, 0.5, 2], "rotation": 270, "texture": "#8"},
				"up": {"uv": [0.5, 1.5, 0.5, 1.5], "rotation": 270, "texture": "#8"},
				"down": {"uv": [0.5, 1.5, 0.5, 1.5], "rotation": 270, "texture": "#8"}
			}
		},
		{
			"from": [12.06647, 14.54297, 6.734],
			"to": [12.42847, 15.99297, 7],
			"rotation": {"angle": 0, "axis": "y", "origin": [11.62, 14.09, 8]},
			"faces": {
				"north": {"uv": [0.5, 1.5, 0.5, 2], "rotation": 90, "texture": "#8"},
				"east": {"uv": [0.5, 1.5, 0.5, 2], "rotation": 270, "texture": "#8"},
				"south": {"uv": [0.5, 1.5, 0.5, 2], "rotation": 270, "texture": "#8"},
				"west": {"uv": [0.5, 1.5, 0.5, 2], "rotation": 270, "texture": "#8"},
				"up": {"uv": [0.5, 1.5, 0.5, 1.5], "rotation": 270, "texture": "#8"},
				"down": {"uv": [0.5, 1.5, 0.5, 1.5], "rotation": 270, "texture": "#8"}
			}
		},
		{
			"from": [12.06647, 14.54297, 8.992],
			"to": [12.42847, 15.99297, 9.258],
			"rotation": {"angle": 0, "axis": "y", "origin": [11.62, 14.09, 10.008]},
			"faces": {
				"north": {"uv": [0.5, 1.5, 0.5, 2], "rotation": 90, "texture": "#8"},
				"east": {"uv": [0.5, 1.5, 0.5, 2], "rotation": 270, "texture": "#8"},
				"south": {"uv": [0.5, 1.5, 0.5, 2], "rotation": 270, "texture": "#8"},
				"west": {"uv": [0.5, 1.5, 0.5, 2], "rotation": 270, "texture": "#8"},
				"up": {"uv": [0.5, 1.5, 0.5, 1.5], "rotation": 270, "texture": "#8"},
				"down": {"uv": [0.5, 1.5, 0.5, 1.5], "rotation": 270, "texture": "#8"}
			}
		},
		{
			"from": [23.25, 15.754, 6.75],
			"to": [23.5, 16.004, 9.25],
			"rotation": {"angle": 45, "axis": "z", "origin": [19.212, 1.866, 0]},
			"faces": {
				"north": {"uv": [1, 2, 1, 2], "rotation": 90, "texture": "#8"},
				"east": {"uv": [0, 2, 1, 2], "rotation": 270, "texture": "#8"},
				"south": {"uv": [2, 2, 2, 2], "rotation": 270, "texture": "#8"},
				"west": {"uv": [1, 2, 2, 2], "rotation": 270, "texture": "#8"},
				"up": {"uv": [1, 2, 1, 1], "rotation": 270, "texture": "#8"},
				"down": {"uv": [1, 1, 1, 2], "rotation": 270, "texture": "#8"}
			}
		},
		{
			"from": [5.388, 3.26, 7],
			"to": [5.638, 4.292, 9],
			"rotation": {"angle": 45, "axis": "z", "origin": [-8.5, 7.5, 0]},
			"faces": {
				"north": {"uv": [0, 0, 1, 1], "texture": "#9"},
				"east": {"uv": [0, 0, 1, 1], "texture": "#9"},
				"south": {"uv": [0, 0, 1, 1], "texture": "#9"},
				"west": {"uv": [0, 0, 1, 1], "texture": "#9"},
				"up": {"uv": [0, 0, 0, 0], "texture": "#9"},
				"down": {"uv": [0, 0, 0, 0], "texture": "#9"}
			}
		},
		{
			"from": [4.25, 14, 7],
			"to": [4.5, 14.5, 9],
			"rotation": {"angle": 0, "axis": "y", "origin": [-8.5, 8, 0]},
			"faces": {
				"north": {"uv": [0, 0, 1, 1], "texture": "#9"},
				"east": {"uv": [0, 0, 1, 1], "texture": "#9"},
				"south": {"uv": [0, 0, 1, 1], "texture": "#9"},
				"west": {"uv": [0, 0, 1, 1], "texture": "#9"},
				"up": {"uv": [0, 0, 0, 0], "texture": "#9"},
				"down": {"uv": [0, 0, 0, 0], "texture": "#9"}
			}
		},
		{
			"from": [13.888, 3.26, 7],
			"to": [14.138, 4.292, 9],
			"rotation": {"angle": 45, "axis": "z", "origin": [0, 7.5, 0]},
			"faces": {
				"north": {"uv": [0, 0, 1, 1], "texture": "#9"},
				"east": {"uv": [0, 0, 1, 1], "texture": "#9"},
				"south": {"uv": [0, 0, 1, 1], "texture": "#9"},
				"west": {"uv": [0, 0, 1, 1], "texture": "#9"},
				"up": {"uv": [0, 0, 0, 0], "texture": "#9"},
				"down": {"uv": [0, 0, 0, 0], "texture": "#9"}
			}
		},
		{
			"from": [22.452, 16.1, 7],
			"to": [23.5, 16.35, 9],
			"rotation": {"angle": 45, "axis": "z", "origin": [19.212, 2.212, 0]},
			"faces": {
				"north": {"uv": [0, 0, 1, 1], "rotation": 90, "texture": "#9"},
				"east": {"uv": [0, 0, 0, 0], "rotation": 270, "texture": "#9"},
				"south": {"uv": [0, 0, 1, 1], "rotation": 270, "texture": "#9"},
				"west": {"uv": [0, 0, 0, 0], "rotation": 270, "texture": "#9"},
				"up": {"uv": [0, 0, 1, 1], "rotation": 270, "texture": "#9"},
				"down": {"uv": [0, 0, 1, 1], "rotation": 270, "texture": "#9"}
			}
		},
		{
			"name": "lamp_red2",
			"from": [3.5, 11, 5.9],
			"to": [5.5, 13, 5.9],
			"rotation": {"angle": 0, "axis": "y", "origin": [0, 8, 0]},
			"faces": {
				"north": {"uv": [0, 0, 4.3125, 4.3125], "texture": "#lamp_red2north"}
			}
		},
		{
			"name": "lamp_white2",
			"from": [7, 11, 5.9],
			"to": [9, 13, 5.9],
			"rotation": {"angle": 0, "axis": "y", "origin": [0, 8, 0]},
			"faces": {
				"north": {"uv": [0, 0, 4.3125, 4.3125], "texture": "#lamp_white2north"}
			}
		},
		{
			"name": "lamp_red1",
			"from": [10.5, 11, 5.9],
			"to": [12.5, 13, 5.9],
			"rotation": {"angle": 0, "axis": "y", "origin": [0, 8, 0]},
			"faces": {
				"north": {"uv": [0, 0, 4.3125, 4.3125], "texture": "#lamp_red1north"}
			}
		},
		{
			"from": [12.75, 10.25, 5.5],
			"to": [14.75, 13.25, 6],
			"rotation": {"angle": 0, "axis": "y", "origin": [0, 8, 0]},
			"faces": {
				"north": {"uv": [0, 0.25, 1, 1.75], "texture": "#5"},
				"east": {"uv": [0, 0.25, 0, 1.75], "texture": "#8"},
				"south": {"uv": [1, 0.25, 2, 1.75], "texture": "#8"},
				"west": {"uv": [1, 0.25, 1, 1.75], "texture": "#8"},
				"up": {"uv": [1, 0.25, 0, 0.25], "texture": "#8"},
				"down": {"uv": [2, 0.25, 1, 0.25], "texture": "#8"}
			}
		},
		{
			"from": [1.5, 9.5, 5.5],
			"to": [2.5, 13, 6],
			"rotation": {"angle": 0, "axis": "y", "origin": [0, 8, 0]},
			"faces": {
				"north": {"uv": [0, 0.25, 0.5, 1.75], "texture": "#11"},
				"east": {"uv": [0, 0.25, 0, 1.75], "texture": "#8"},
				"south": {"uv": [0.5, 0.25, 1, 1.75], "texture": "#8"},
				"west": {"uv": [0.5, 0.25, 0.5, 1.75], "texture": "#8"},
				"up": {"uv": [0.5, 0.25, 0, 0.25], "texture": "#8"},
				"down": {"uv": [1, 0.25, 0.5, 0.25], "texture": "#8"}
			}
		},
		{
			"from": [1.5, 9.5, 5.492],
			"to": [2.5, 13, 5.492],
			"rotation": {"angle": 0, "axis": "y", "origin": [0, 8, -0.508]},
			"faces": {
				"north": {"uv": [0, 0, 1, 16], "texture": "#11"},
				"east": {"uv": [0, 0, 0.25, 3], "texture": "#8"},
				"south": {"uv": [0, 0, 0, 0], "texture": "#8"},
				"west": {"uv": [0, 0, 0.25, 3], "texture": "#8"},
				"up": {"uv": [0, 0, 1, 0.25], "texture": "#8"},
				"down": {"uv": [0, 0, 1, 0.25], "texture": "#8"}
			}
		},
		{
			"name": "hoods1_2",
			"from": [11.183, 12.924, 4],
			"to": [11.819, 13.184, 6],
			"rotation": {"angle": 0, "axis": "y", "origin": [11.475, 13.125, 6]},
			"faces": {
				"north": {"uv": [0, 0, 0.5, 0.5], "rotation": 180, "texture": "#8"},
				"east": {"uv": [0, 0, 1, 0.5], "rotation": 180, "texture": "#8"},
				"west": {"uv": [0, 0, 1, 0.5], "rotation": 180, "texture": "#8"},
				"up": {"uv": [0, 0, 1, 0.5], "rotation": 180, "texture": "#8"},
				"down": {"uv": [0, 0, 1, 0.5], "rotation": 180, "texture": "#8"}
			}
		},
		{
			"name": "hoods1_2",
			"from": [8.971, 11.724, 5],
			"to": [9.231, 12.18, 6],
			"rotation": {"angle": 0, "axis": "y", "origin": [7.895, 12.797, 6]},
			"faces": {
				"north": {"uv": [0, 0, 0.5, 0.5], "rotation": 90, "texture": "#8"},
				"east": {"uv": [0, 0, 1, 0.5], "rotation": 270, "texture": "#8"},
				"west": {"uv": [0, 0, 1, 0.5], "rotation": 270, "texture": "#8"},
				"up": {"uv": [0, 0, 1, 0.5], "rotation": 270, "texture": "#8"},
				"down": {"uv": [0, 0, 1, 0.5], "rotation": 270, "texture": "#8"}
			}
		},
		{
			"name": "hoods1_2",
			"from": [6.771, 11.724, 5],
			"to": [7.031, 12.18, 6],
			"rotation": {"angle": 0, "axis": "y", "origin": [7.895, 12.797, 6]},
			"faces": {
				"north": {"uv": [0, 0, 0.5, 0.5], "rotation": 90, "texture": "#8"},
				"east": {"uv": [0, 0, 1, 0.5], "rotation": 270, "texture": "#8"},
				"west": {"uv": [0, 0, 1, 0.5], "rotation": 270, "texture": "#8"},
				"up": {"uv": [0, 0, 1, 0.5], "rotation": 270, "texture": "#8"},
				"down": {"uv": [0, 0, 1, 0.5], "rotation": 270, "texture": "#8"}
			}
		},
		{
			"name": "hoods1_2",
			"from": [8.633, 11.716, 5],
			"to": [8.893, 12.324, 6],
			"rotation": {"angle": 22.5, "axis": "z", "origin": [7.895, 12.797, 6]},
			"faces": {
				"north": {"uv": [0, 0, 0.5, 0.5], "rotation": 90, "texture": "#8"},
				"east": {"uv": [0, 0, 1, 0.5], "rotation": 270, "texture": "#8"},
				"west": {"uv": [0, 0, 1, 0.5], "rotation": 270, "texture": "#8"},
				"up": {"uv": [0, 0, 1, 0.5], "rotation": 270, "texture": "#8"},
				"down": {"uv": [0, 0, 1, 0.5], "rotation": 270, "texture": "#8"}
			}
		},
		{
			"name": "hoods1_2",
			"from": [7.093, 11.796, 5],
			"to": [7.353, 12.404, 6],
			"rotation": {"angle": -22.5, "axis": "z", "origin": [7.895, 12.797, 6]},
			"faces": {
				"north": {"uv": [0, 0, 0.5, 0.5], "rotation": 90, "texture": "#8"},
				"east": {"uv": [0, 0, 1, 0.5], "rotation": 270, "texture": "#8"},
				"west": {"uv": [0, 0, 1, 0.5], "rotation": 270, "texture": "#8"},
				"up": {"uv": [0, 0, 1, 0.5], "rotation": 270, "texture": "#8"},
				"down": {"uv": [0, 0, 1, 0.5], "rotation": 270, "texture": "#8"}
			}
		},
		{
			"name": "hoods1_2",
			"from": [8.232, 12.113, 5],
			"to": [8.492, 12.473, 6],
			"rotation": {"angle": 45, "axis": "z", "origin": [7.991, 13.037, 6]},
			"faces": {
				"north": {"uv": [0, 0, 0.5, 0.5], "rotation": 90, "texture": "#8"},
				"east": {"uv": [0, 0, 1, 0.5], "rotation": 270, "texture": "#8"},
				"west": {"uv": [0, 0, 1, 0.5], "rotation": 270, "texture": "#8"},
				"up": {"uv": [0, 0, 1, 0.5], "rotation": 270, "texture": "#8"},
				"down": {"uv": [0, 0, 1, 0.5], "rotation": 270, "texture": "#8"}
			}
		},
		{
			"name": "hoods1_2",
			"from": [7.091, 13.272, 5],
			"to": [7.451, 13.532, 6],
			"rotation": {"angle": 45, "axis": "z", "origin": [7.991, 13.037, 6]},
			"faces": {
				"north": {"uv": [0, 0, 0.5, 0.5], "texture": "#8"},
				"east": {"uv": [0, 0, 1, 0.5], "texture": "#8"},
				"west": {"uv": [0, 0, 1, 0.5], "texture": "#8"},
				"up": {"uv": [0, 0, 1, 0.5], "texture": "#8"},
				"down": {"uv": [0, 0, 1, 0.5], "texture": "#8"}
			}
		},
		{
			"name": "hoods1_2",
			"from": [8.241, 13.035, 4],
			"to": [8.705, 13.295, 6],
			"rotation": {"angle": -22.5, "axis": "z", "origin": [7.991, 13.037, 6]},
			"faces": {
				"north": {"uv": [0, 0, 0.5, 0.5], "rotation": 180, "texture": "#8"},
				"east": {"uv": [0, 0, 1, 0.5], "rotation": 180, "texture": "#8"},
				"west": {"uv": [0, 0, 1, 0.5], "rotation": 180, "texture": "#8"},
				"up": {"uv": [0, 0, 1, 0.5], "rotation": 180, "texture": "#8"},
				"down": {"uv": [0, 0, 1, 0.5], "rotation": 180, "texture": "#8"}
			}
		},
		{
			"name": "hoods1_2",
			"from": [7.301, 13.027, 4],
			"to": [7.765, 13.287, 6],
			"rotation": {"angle": 22.5, "axis": "z", "origin": [7.991, 13.037, 6]},
			"faces": {
				"north": {"uv": [0, 0, 0.5, 0.5], "texture": "#8"},
				"east": {"uv": [0, 0, 1, 0.5], "texture": "#8"},
				"west": {"uv": [0, 0, 1, 0.5], "texture": "#8"},
				"up": {"uv": [0, 0, 1, 0.5], "texture": "#8"},
				"down": {"uv": [0, 0, 1, 0.5], "texture": "#8"}
			}
		},
		{
			"name": "hoods1_2",
			"from": [7.683, 12.924, 4],
			"to": [8.319, 13.184, 6],
			"rotation": {"angle": 0, "axis": "y", "origin": [7.975, 13.125, 6]},
			"faces": {
				"north": {"uv": [0, 0, 0.5, 0.5], "rotation": 180, "texture": "#8"},
				"east": {"uv": [0, 0, 1, 0.5], "rotation": 180, "texture": "#8"},
				"west": {"uv": [0, 0, 1, 0.5], "rotation": 180, "texture": "#8"},
				"up": {"uv": [0, 0, 1, 0.5], "rotation": 180, "texture": "#8"},
				"down": {"uv": [0, 0, 1, 0.5], "rotation": 180, "texture": "#8"}
			}
		},
		{
			"name": "hoods1_2",
			"from": [7.301, 13.027, 4],
			"to": [7.765, 13.287, 6],
			"rotation": {"angle": 22.5, "axis": "z", "origin": [7.991, 13.037, 6]},
			"faces": {
				"north": {"uv": [0, 0, 0.5, 0.5], "texture": "#8"},
				"east": {"uv": [0, 0, 1, 0.5], "texture": "#8"},
				"west": {"uv": [0, 0, 1, 0.5], "texture": "#8"},
				"up": {"uv": [0, 0, 1, 0.5], "texture": "#8"},
				"down": {"uv": [0, 0, 1, 0.5], "texture": "#8"}
			}
		},
		{
			"name": "hoods1_2",
			"from": [8.241, 13.035, 4],
			"to": [8.705, 13.295, 6],
			"rotation": {"angle": -22.5, "axis": "z", "origin": [7.991, 13.037, 6]},
			"faces": {
				"north": {"uv": [0, 0, 0.5, 0.5], "rotation": 180, "texture": "#8"},
				"east": {"uv": [0, 0, 1, 0.5], "rotation": 180, "texture": "#8"},
				"west": {"uv": [0, 0, 1, 0.5], "rotation": 180, "texture": "#8"},
				"up": {"uv": [0, 0, 1, 0.5], "rotation": 180, "texture": "#8"},
				"down": {"uv": [0, 0, 1, 0.5], "rotation": 180, "texture": "#8"}
			}
		},
		{
			"name": "hoods1_2",
			"from": [7.091, 13.272, 5],
			"to": [7.451, 13.532, 6],
			"rotation": {"angle": 45, "axis": "z", "origin": [7.991, 13.037, 6]},
			"faces": {
				"north": {"uv": [0, 0, 0.5, 0.5], "texture": "#8"},
				"east": {"uv": [0, 0, 1, 0.5], "texture": "#8"},
				"west": {"uv": [0, 0, 1, 0.5], "texture": "#8"},
				"up": {"uv": [0, 0, 1, 0.5], "texture": "#8"},
				"down": {"uv": [0, 0, 1, 0.5], "texture": "#8"}
			}
		},
		{
			"name": "hoods1_2",
			"from": [8.232, 12.113, 5],
			"to": [8.492, 12.473, 6],
			"rotation": {"angle": 45, "axis": "z", "origin": [7.991, 13.037, 6]},
			"faces": {
				"north": {"uv": [0, 0, 0.5, 0.5], "rotation": 90, "texture": "#8"},
				"east": {"uv": [0, 0, 1, 0.5], "rotation": 270, "texture": "#8"},
				"west": {"uv": [0, 0, 1, 0.5], "rotation": 270, "texture": "#8"},
				"up": {"uv": [0, 0, 1, 0.5], "rotation": 270, "texture": "#8"},
				"down": {"uv": [0, 0, 1, 0.5], "rotation": 270, "texture": "#8"}
			}
		},
		{
			"name": "hoods1_2",
			"from": [7.093, 11.796, 5],
			"to": [7.353, 12.404, 6],
			"rotation": {"angle": -22.5, "axis": "z", "origin": [7.895, 12.797, 6]},
			"faces": {
				"north": {"uv": [0, 0, 0.5, 0.5], "rotation": 90, "texture": "#8"},
				"east": {"uv": [0, 0, 1, 0.5], "rotation": 270, "texture": "#8"},
				"west": {"uv": [0, 0, 1, 0.5], "rotation": 270, "texture": "#8"},
				"up": {"uv": [0, 0, 1, 0.5], "rotation": 270, "texture": "#8"},
				"down": {"uv": [0, 0, 1, 0.5], "rotation": 270, "texture": "#8"}
			}
		},
		{
			"name": "hoods1_2",
			"from": [8.633, 11.716, 5],
			"to": [8.893, 12.324, 6],
			"rotation": {"angle": 22.5, "axis": "z", "origin": [7.895, 12.797, 6]},
			"faces": {
				"north": {"uv": [0, 0, 0.5, 0.5], "rotation": 90, "texture": "#8"},
				"east": {"uv": [0, 0, 1, 0.5], "rotation": 270, "texture": "#8"},
				"west": {"uv": [0, 0, 1, 0.5], "rotation": 270, "texture": "#8"},
				"up": {"uv": [0, 0, 1, 0.5], "rotation": 270, "texture": "#8"},
				"down": {"uv": [0, 0, 1, 0.5], "rotation": 270, "texture": "#8"}
			}
		},
		{
			"name": "hoods1_2",
			"from": [6.771, 11.724, 5],
			"to": [7.031, 12.18, 6],
			"rotation": {"angle": 0, "axis": "y", "origin": [7.895, 12.797, 6]},
			"faces": {
				"north": {"uv": [0, 0, 0.5, 0.5], "rotation": 90, "texture": "#8"},
				"east": {"uv": [0, 0, 1, 0.5], "rotation": 270, "texture": "#8"},
				"west": {"uv": [0, 0, 1, 0.5], "rotation": 270, "texture": "#8"},
				"up": {"uv": [0, 0, 1, 0.5], "rotation": 270, "texture": "#8"},
				"down": {"uv": [0, 0, 1, 0.5], "rotation": 270, "texture": "#8"}
			}
		},
		{
			"name": "hoods1_2",
			"from": [8.971, 11.724, 5],
			"to": [9.231, 12.18, 6],
			"rotation": {"angle": 0, "axis": "y", "origin": [7.895, 12.797, 6]},
			"faces": {
				"north": {"uv": [0, 0, 0.5, 0.5], "rotation": 90, "texture": "#8"},
				"east": {"uv": [0, 0, 1, 0.5], "rotation": 270, "texture": "#8"},
				"west": {"uv": [0, 0, 1, 0.5], "rotation": 270, "texture": "#8"},
				"up": {"uv": [0, 0, 1, 0.5], "rotation": 270, "texture": "#8"},
				"down": {"uv": [0, 0, 1, 0.5], "rotation": 270, "texture": "#8"}
			}
		},
		{
			"name": "hoods1_2",
			"from": [7.683, 12.924, 4],
			"to": [8.319, 13.184, 6],
			"rotation": {"angle": 0, "axis": "y", "origin": [7.975, 13.125, 6]},
			"faces": {
				"north": {"uv": [0, 0, 0.5, 0.5], "rotation": 180, "texture": "#8"},
				"east": {"uv": [0, 0, 1, 0.5], "rotation": 180, "texture": "#8"},
				"west": {"uv": [0, 0, 1, 0.5], "rotation": 180, "texture": "#8"},
				"up": {"uv": [0, 0, 1, 0.5], "rotation": 180, "texture": "#8"},
				"down": {"uv": [0, 0, 1, 0.5], "rotation": 180, "texture": "#8"}
			}
		},
		{
			"name": "hoods1_2",
			"from": [5.471, 11.724, 5],
			"to": [5.731, 12.18, 6],
			"rotation": {"angle": 0, "axis": "y", "origin": [4.395, 12.797, 6]},
			"faces": {
				"north": {"uv": [0, 0, 0.5, 0.5], "rotation": 90, "texture": "#8"},
				"east": {"uv": [0, 0, 1, 0.5], "rotation": 270, "texture": "#8"},
				"west": {"uv": [0, 0, 1, 0.5], "rotation": 270, "texture": "#8"},
				"up": {"uv": [0, 0, 1, 0.5], "rotation": 270, "texture": "#8"},
				"down": {"uv": [0, 0, 1, 0.5], "rotation": 270, "texture": "#8"}
			}
		},
		{
			"name": "hoods1_2",
			"from": [3.271, 11.724, 5],
			"to": [3.531, 12.18, 6],
			"rotation": {"angle": 0, "axis": "y", "origin": [4.395, 12.797, 6]},
			"faces": {
				"north": {"uv": [0, 0, 0.5, 0.5], "rotation": 90, "texture": "#8"},
				"east": {"uv": [0, 0, 1, 0.5], "rotation": 270, "texture": "#8"},
				"west": {"uv": [0, 0, 1, 0.5], "rotation": 270, "texture": "#8"},
				"up": {"uv": [0, 0, 1, 0.5], "rotation": 270, "texture": "#8"},
				"down": {"uv": [0, 0, 1, 0.5], "rotation": 270, "texture": "#8"}
			}
		},
		{
			"name": "hoods1_2",
			"from": [5.133, 11.716, 5],
			"to": [5.393, 12.324, 6],
			"rotation": {"angle": 22.5, "axis": "z", "origin": [4.395, 12.797, 6]},
			"faces": {
				"north": {"uv": [0, 0, 0.5, 0.5], "rotation": 90, "texture": "#8"},
				"east": {"uv": [0, 0, 1, 0.5], "rotation": 270, "texture": "#8"},
				"west": {"uv": [0, 0, 1, 0.5], "rotation": 270, "texture": "#8"},
				"up": {"uv": [0, 0, 1, 0.5], "rotation": 270, "texture": "#8"},
				"down": {"uv": [0, 0, 1, 0.5], "rotation": 270, "texture": "#8"}
			}
		},
		{
			"name": "hoods1_2",
			"from": [3.593, 11.796, 5],
			"to": [3.853, 12.404, 6],
			"rotation": {"angle": -22.5, "axis": "z", "origin": [4.395, 12.797, 6]},
			"faces": {
				"north": {"uv": [0, 0, 0.5, 0.5], "rotation": 90, "texture": "#8"},
				"east": {"uv": [0, 0, 1, 0.5], "rotation": 270, "texture": "#8"},
				"west": {"uv": [0, 0, 1, 0.5], "rotation": 270, "texture": "#8"},
				"up": {"uv": [0, 0, 1, 0.5], "rotation": 270, "texture": "#8"},
				"down": {"uv": [0, 0, 1, 0.5], "rotation": 270, "texture": "#8"}
			}
		},
		{
			"name": "hoods1_2",
			"from": [4.732, 12.113, 5],
			"to": [4.992, 12.473, 6],
			"rotation": {"angle": 45, "axis": "z", "origin": [4.491, 13.037, 6]},
			"faces": {
				"north": {"uv": [0, 0, 0.5, 0.5], "rotation": 90, "texture": "#8"},
				"east": {"uv": [0, 0, 1, 0.5], "rotation": 270, "texture": "#8"},
				"west": {"uv": [0, 0, 1, 0.5], "rotation": 270, "texture": "#8"},
				"up": {"uv": [0, 0, 1, 0.5], "rotation": 270, "texture": "#8"},
				"down": {"uv": [0, 0, 1, 0.5], "rotation": 270, "texture": "#8"}
			}
		},
		{
			"name": "hoods1_2",
			"from": [3.591, 13.272, 5],
			"to": [3.951, 13.532, 6],
			"rotation": {"angle": 45, "axis": "z", "origin": [4.491, 13.037, 6]},
			"faces": {
				"north": {"uv": [0, 0, 0.5, 0.5], "texture": "#8"},
				"east": {"uv": [0, 0, 1, 0.5], "texture": "#8"},
				"west": {"uv": [0, 0, 1, 0.5], "texture": "#8"},
				"up": {"uv": [0, 0, 1, 0.5], "texture": "#8"},
				"down": {"uv": [0, 0, 1, 0.5], "texture": "#8"}
			}
		},
		{
			"name": "hoods1_2",
			"from": [4.741, 13.035, 4],
			"to": [5.205, 13.295, 6],
			"rotation": {"angle": -22.5, "axis": "z", "origin": [4.491, 13.037, 6]},
			"faces": {
				"north": {"uv": [0, 0, 0.5, 0.5], "rotation": 180, "texture": "#8"},
				"east": {"uv": [0, 0, 1, 0.5], "rotation": 180, "texture": "#8"},
				"west": {"uv": [0, 0, 1, 0.5], "rotation": 180, "texture": "#8"},
				"up": {"uv": [0, 0, 1, 0.5], "rotation": 180, "texture": "#8"},
				"down": {"uv": [0, 0, 1, 0.5], "rotation": 180, "texture": "#8"}
			}
		},
		{
			"name": "hoods1_2",
			"from": [3.801, 13.027, 4],
			"to": [4.265, 13.287, 6],
			"rotation": {"angle": 22.5, "axis": "z", "origin": [4.491, 13.037, 6]},
			"faces": {
				"north": {"uv": [0, 0, 0.5, 0.5], "texture": "#8"},
				"east": {"uv": [0, 0, 1, 0.5], "texture": "#8"},
				"west": {"uv": [0, 0, 1, 0.5], "texture": "#8"},
				"up": {"uv": [0, 0, 1, 0.5], "texture": "#8"},
				"down": {"uv": [0, 0, 1, 0.5], "texture": "#8"}
			}
		},
		{
			"name": "hoods1_2",
			"from": [4.183, 12.924, 4],
			"to": [4.819, 13.184, 6],
			"rotation": {"angle": 0, "axis": "y", "origin": [4.475, 13.125, 6]},
			"faces": {
				"north": {"uv": [0, 0, 0.5, 0.5], "rotation": 180, "texture": "#8"},
				"east": {"uv": [0, 0, 1, 0.5], "rotation": 180, "texture": "#8"},
				"west": {"uv": [0, 0, 1, 0.5], "rotation": 180, "texture": "#8"},
				"up": {"uv": [0, 0, 1, 0.5], "rotation": 180, "texture": "#8"},
				"down": {"uv": [0, 0, 1, 0.5], "rotation": 180, "texture": "#8"}
			}
		},
		{
			"name": "hoods1_2",
			"from": [3.801, 13.027, 4],
			"to": [4.265, 13.287, 6],
			"rotation": {"angle": 22.5, "axis": "z", "origin": [4.491, 13.037, 6]},
			"faces": {
				"north": {"uv": [0, 0, 0.5, 0.5], "texture": "#8"},
				"east": {"uv": [0, 0, 1, 0.5], "texture": "#8"},
				"west": {"uv": [0, 0, 1, 0.5], "texture": "#8"},
				"up": {"uv": [0, 0, 1, 0.5], "texture": "#8"},
				"down": {"uv": [0, 0, 1, 0.5], "texture": "#8"}
			}
		},
		{
			"name": "hoods1_2",
			"from": [4.741, 13.035, 4],
			"to": [5.205, 13.295, 6],
			"rotation": {"angle": -22.5, "axis": "z", "origin": [4.491, 13.037, 6]},
			"faces": {
				"north": {"uv": [0, 0, 0.5, 0.5], "rotation": 180, "texture": "#8"},
				"east": {"uv": [0, 0, 1, 0.5], "rotation": 180, "texture": "#8"},
				"west": {"uv": [0, 0, 1, 0.5], "rotation": 180, "texture": "#8"},
				"up": {"uv": [0, 0, 1, 0.5], "rotation": 180, "texture": "#8"},
				"down": {"uv": [0, 0, 1, 0.5], "rotation": 180, "texture": "#8"}
			}
		},
		{
			"name": "hoods1_2",
			"from": [3.591, 13.272, 5],
			"to": [3.951, 13.532, 6],
			"rotation": {"angle": 45, "axis": "z", "origin": [4.491, 13.037, 6]},
			"faces": {
				"north": {"uv": [0, 0, 0.5, 0.5], "texture": "#8"},
				"east": {"uv": [0, 0, 1, 0.5], "texture": "#8"},
				"west": {"uv": [0, 0, 1, 0.5], "texture": "#8"},
				"up": {"uv": [0, 0, 1, 0.5], "texture": "#8"},
				"down": {"uv": [0, 0, 1, 0.5], "texture": "#8"}
			}
		},
		{
			"name": "hoods1_2",
			"from": [4.732, 12.113, 5],
			"to": [4.992, 12.473, 6],
			"rotation": {"angle": 45, "axis": "z", "origin": [4.491, 13.037, 6]},
			"faces": {
				"north": {"uv": [0, 0, 0.5, 0.5], "rotation": 90, "texture": "#8"},
				"east": {"uv": [0, 0, 1, 0.5], "rotation": 270, "texture": "#8"},
				"west": {"uv": [0, 0, 1, 0.5], "rotation": 270, "texture": "#8"},
				"up": {"uv": [0, 0, 1, 0.5], "rotation": 270, "texture": "#8"},
				"down": {"uv": [0, 0, 1, 0.5], "rotation": 270, "texture": "#8"}
			}
		},
		{
			"name": "hoods1_2",
			"from": [3.593, 11.796, 5],
			"to": [3.853, 12.404, 6],
			"rotation": {"angle": -22.5, "axis": "z", "origin": [4.395, 12.797, 6]},
			"faces": {
				"north": {"uv": [0, 0, 0.5, 0.5], "rotation": 90, "texture": "#8"},
				"east": {"uv": [0, 0, 1, 0.5], "rotation": 270, "texture": "#8"},
				"west": {"uv": [0, 0, 1, 0.5], "rotation": 270, "texture": "#8"},
				"up": {"uv": [0, 0, 1, 0.5], "rotation": 270, "texture": "#8"},
				"down": {"uv": [0, 0, 1, 0.5], "rotation": 270, "texture": "#8"}
			}
		},
		{
			"name": "hoods1_2",
			"from": [5.133, 11.716, 5],
			"to": [5.393, 12.324, 6],
			"rotation": {"angle": 22.5, "axis": "z", "origin": [4.395, 12.797, 6]},
			"faces": {
				"north": {"uv": [0, 0, 0.5, 0.5], "rotation": 90, "texture": "#8"},
				"east": {"uv": [0, 0, 1, 0.5], "rotation": 270, "texture": "#8"},
				"west": {"uv": [0, 0, 1, 0.5], "rotation": 270, "texture": "#8"},
				"up": {"uv": [0, 0, 1, 0.5], "rotation": 270, "texture": "#8"},
				"down": {"uv": [0, 0, 1, 0.5], "rotation": 270, "texture": "#8"}
			}
		},
		{
			"name": "hoods1_2",
			"from": [3.271, 11.724, 5],
			"to": [3.531, 12.18, 6],
			"rotation": {"angle": 0, "axis": "y", "origin": [4.395, 12.797, 6]},
			"faces": {
				"north": {"uv": [0, 0, 0.5, 0.5], "rotation": 90, "texture": "#8"},
				"east": {"uv": [0, 0, 1, 0.5], "rotation": 270, "texture": "#8"},
				"west": {"uv": [0, 0, 1, 0.5], "rotation": 270, "texture": "#8"},
				"up": {"uv": [0, 0, 1, 0.5], "rotation": 270, "texture": "#8"},
				"down": {"uv": [0, 0, 1, 0.5], "rotation": 270, "texture": "#8"}
			}
		},
		{
			"name": "hoods1_2",
			"from": [5.471, 11.724, 5],
			"to": [5.731, 12.18, 6],
			"rotation": {"angle": 0, "axis": "y", "origin": [4.395, 12.797, 6]},
			"faces": {
				"north": {"uv": [0, 0, 0.5, 0.5], "rotation": 90, "texture": "#8"},
				"east": {"uv": [0, 0, 1, 0.5], "rotation": 270, "texture": "#8"},
				"west": {"uv": [0, 0, 1, 0.5], "rotation": 270, "texture": "#8"},
				"up": {"uv": [0, 0, 1, 0.5], "rotation": 270, "texture": "#8"},
				"down": {"uv": [0, 0, 1, 0.5], "rotation": 270, "texture": "#8"}
			}
		},
		{
			"name": "hoods1_2",
			"from": [4.183, 12.924, 4],
			"to": [4.819, 13.184, 6],
			"rotation": {"angle": 0, "axis": "y", "origin": [4.475, 13.125, 6]},
			"faces": {
				"north": {"uv": [0, 0, 0.5, 0.5], "rotation": 180, "texture": "#8"},
				"east": {"uv": [0, 0, 1, 0.5], "rotation": 180, "texture": "#8"},
				"west": {"uv": [0, 0, 1, 0.5], "rotation": 180, "texture": "#8"},
				"up": {"uv": [0, 0, 1, 0.5], "rotation": 180, "texture": "#8"},
				"down": {"uv": [0, 0, 1, 0.5], "rotation": 180, "texture": "#8"}
			}
		},
		{
			"name": "hoods1_2",
			"from": [12.471, 11.724, 5],
			"to": [12.731, 12.18, 6],
			"rotation": {"angle": 0, "axis": "y", "origin": [11.395, 12.797, 6]},
			"faces": {
				"north": {"uv": [0, 0, 0.5, 0.5], "rotation": 90, "texture": "#8"},
				"east": {"uv": [0, 0, 1, 0.5], "rotation": 270, "texture": "#8"},
				"west": {"uv": [0, 0, 1, 0.5], "rotation": 270, "texture": "#8"},
				"up": {"uv": [0, 0, 1, 0.5], "rotation": 270, "texture": "#8"},
				"down": {"uv": [0, 0, 1, 0.5], "rotation": 270, "texture": "#8"}
			}
		},
		{
			"name": "hoods1_2",
			"from": [10.271, 11.724, 5],
			"to": [10.531, 12.18, 6],
			"rotation": {"angle": 0, "axis": "y", "origin": [11.395, 12.797, 6]},
			"faces": {
				"north": {"uv": [0, 0, 0.5, 0.5], "rotation": 90, "texture": "#8"},
				"east": {"uv": [0, 0, 1, 0.5], "rotation": 270, "texture": "#8"},
				"west": {"uv": [0, 0, 1, 0.5], "rotation": 270, "texture": "#8"},
				"up": {"uv": [0, 0, 1, 0.5], "rotation": 270, "texture": "#8"},
				"down": {"uv": [0, 0, 1, 0.5], "rotation": 270, "texture": "#8"}
			}
		},
		{
			"name": "hoods1_2",
			"from": [12.133, 11.716, 5],
			"to": [12.393, 12.324, 6],
			"rotation": {"angle": 22.5, "axis": "z", "origin": [11.395, 12.797, 6]},
			"faces": {
				"north": {"uv": [0, 0, 0.5, 0.5], "rotation": 90, "texture": "#8"},
				"east": {"uv": [0, 0, 1, 0.5], "rotation": 270, "texture": "#8"},
				"west": {"uv": [0, 0, 1, 0.5], "rotation": 270, "texture": "#8"},
				"up": {"uv": [0, 0, 1, 0.5], "rotation": 270, "texture": "#8"},
				"down": {"uv": [0, 0, 1, 0.5], "rotation": 270, "texture": "#8"}
			}
		},
		{
			"name": "hoods1_2",
			"from": [10.593, 11.796, 5],
			"to": [10.853, 12.404, 6],
			"rotation": {"angle": -22.5, "axis": "z", "origin": [11.395, 12.797, 6]},
			"faces": {
				"north": {"uv": [0, 0, 0.5, 0.5], "rotation": 90, "texture": "#8"},
				"east": {"uv": [0, 0, 1, 0.5], "rotation": 270, "texture": "#8"},
				"west": {"uv": [0, 0, 1, 0.5], "rotation": 270, "texture": "#8"},
				"up": {"uv": [0, 0, 1, 0.5], "rotation": 270, "texture": "#8"},
				"down": {"uv": [0, 0, 1, 0.5], "rotation": 270, "texture": "#8"}
			}
		},
		{
			"name": "hoods1_2",
			"from": [11.732, 12.113, 5],
			"to": [11.992, 12.473, 6],
			"rotation": {"angle": 45, "axis": "z", "origin": [11.491, 13.037, 6]},
			"faces": {
				"north": {"uv": [0, 0, 0.5, 0.5], "rotation": 90, "texture": "#8"},
				"east": {"uv": [0, 0, 1, 0.5], "rotation": 270, "texture": "#8"},
				"west": {"uv": [0, 0, 1, 0.5], "rotation": 270, "texture": "#8"},
				"up": {"uv": [0, 0, 1, 0.5], "rotation": 270, "texture": "#8"},
				"down": {"uv": [0, 0, 1, 0.5], "rotation": 270, "texture": "#8"}
			}
		},
		{
			"name": "hoods1_2",
			"from": [10.591, 13.272, 5],
			"to": [10.951, 13.532, 6],
			"rotation": {"angle": 45, "axis": "z", "origin": [11.491, 13.037, 6]},
			"faces": {
				"north": {"uv": [0, 0, 0.5, 0.5], "texture": "#8"},
				"east": {"uv": [0, 0, 1, 0.5], "texture": "#8"},
				"west": {"uv": [0, 0, 1, 0.5], "texture": "#8"},
				"up": {"uv": [0, 0, 1, 0.5], "texture": "#8"},
				"down": {"uv": [0, 0, 1, 0.5], "texture": "#8"}
			}
		},
		{
			"name": "hoods1_2",
			"from": [11.741, 13.035, 4],
			"to": [12.205, 13.295, 6],
			"rotation": {"angle": -22.5, "axis": "z", "origin": [11.491, 13.037, 6]},
			"faces": {
				"north": {"uv": [0, 0, 0.5, 0.5], "rotation": 180, "texture": "#8"},
				"east": {"uv": [0, 0, 1, 0.5], "rotation": 180, "texture": "#8"},
				"west": {"uv": [0, 0, 1, 0.5], "rotation": 180, "texture": "#8"},
				"up": {"uv": [0, 0, 1, 0.5], "rotation": 180, "texture": "#8"},
				"down": {"uv": [0, 0, 1, 0.5], "rotation": 180, "texture": "#8"}
			}
		},
		{
			"name": "hoods1_2",
			"from": [10.801, 13.027, 4],
			"to": [11.265, 13.287, 6],
			"rotation": {"angle": 22.5, "axis": "z", "origin": [11.491, 13.037, 6]},
			"faces": {
				"north": {"uv": [0, 0, 0.5, 0.5], "texture": "#8"},
				"east": {"uv": [0, 0, 1, 0.5], "texture": "#8"},
				"west": {"uv": [0, 0, 1, 0.5], "texture": "#8"},
				"up": {"uv": [0, 0, 1, 0.5], "texture": "#8"},
				"down": {"uv": [0, 0, 1, 0.5], "texture": "#8"}
			}
		},
		{
			"name": "hoods1_2",
			"from": [11.183, 12.924, 4],
			"to": [11.819, 13.184, 6],
			"rotation": {"angle": 0, "axis": "y", "origin": [11.475, 13.125, 6]},
			"faces": {
				"north": {"uv": [0, 0, 0.5, 0.5], "rotation": 180, "texture": "#8"},
				"east": {"uv": [0, 0, 1, 0.5], "rotation": 180, "texture": "#8"},
				"west": {"uv": [0, 0, 1, 0.5], "rotation": 180, "texture": "#8"},
				"up": {"uv": [0, 0, 1, 0.5], "rotation": 180, "texture": "#8"},
				"down": {"uv": [0, 0, 1, 0.5], "rotation": 180, "texture": "#8"}
			}
		},
		{
			"name": "hoods1_2",
			"from": [10.801, 13.027, 4],
			"to": [11.265, 13.287, 6],
			"rotation": {"angle": 22.5, "axis": "z", "origin": [11.491, 13.037, 6]},
			"faces": {
				"north": {"uv": [0, 0, 0.5, 0.5], "texture": "#8"},
				"east": {"uv": [0, 0, 1, 0.5], "texture": "#8"},
				"west": {"uv": [0, 0, 1, 0.5], "texture": "#8"},
				"up": {"uv": [0, 0, 1, 0.5], "texture": "#8"},
				"down": {"uv": [0, 0, 1, 0.5], "texture": "#8"}
			}
		},
		{
			"name": "hoods1_2",
			"from": [11.741, 13.035, 4],
			"to": [12.205, 13.295, 6],
			"rotation": {"angle": -22.5, "axis": "z", "origin": [11.491, 13.037, 6]},
			"faces": {
				"north": {"uv": [0, 0, 0.5, 0.5], "rotation": 180, "texture": "#8"},
				"east": {"uv": [0, 0, 1, 0.5], "rotation": 180, "texture": "#8"},
				"west": {"uv": [0, 0, 1, 0.5], "rotation": 180, "texture": "#8"},
				"up": {"uv": [0, 0, 1, 0.5], "rotation": 180, "texture": "#8"},
				"down": {"uv": [0, 0, 1, 0.5], "rotation": 180, "texture": "#8"}
			}
		},
		{
			"name": "hoods1_2",
			"from": [10.591, 13.272, 5],
			"to": [10.951, 13.532, 6],
			"rotation": {"angle": 45, "axis": "z", "origin": [11.491, 13.037, 6]},
			"faces": {
				"north": {"uv": [0, 0, 0.5, 0.5], "texture": "#8"},
				"east": {"uv": [0, 0, 1, 0.5], "texture": "#8"},
				"west": {"uv": [0, 0, 1, 0.5], "texture": "#8"},
				"up": {"uv": [0, 0, 1, 0.5], "texture": "#8"},
				"down": {"uv": [0, 0, 1, 0.5], "texture": "#8"}
			}
		},
		{
			"name": "hoods1_2",
			"from": [11.732, 12.113, 5],
			"to": [11.992, 12.473, 6],
			"rotation": {"angle": 45, "axis": "z", "origin": [11.491, 13.037, 6]},
			"faces": {
				"north": {"uv": [0, 0, 0.5, 0.5], "rotation": 90, "texture": "#8"},
				"east": {"uv": [0, 0, 1, 0.5], "rotation": 270, "texture": "#8"},
				"west": {"uv": [0, 0, 1, 0.5], "rotation": 270, "texture": "#8"},
				"up": {"uv": [0, 0, 1, 0.5], "rotation": 270, "texture": "#8"},
				"down": {"uv": [0, 0, 1, 0.5], "rotation": 270, "texture": "#8"}
			}
		},
		{
			"name": "hoods1_2",
			"from": [10.593, 11.796, 5],
			"to": [10.853, 12.404, 6],
			"rotation": {"angle": -22.5, "axis": "z", "origin": [11.395, 12.797, 6]},
			"faces": {
				"north": {"uv": [0, 0, 0.5, 0.5], "rotation": 90, "texture": "#8"},
				"east": {"uv": [0, 0, 1, 0.5], "rotation": 270, "texture": "#8"},
				"west": {"uv": [0, 0, 1, 0.5], "rotation": 270, "texture": "#8"},
				"up": {"uv": [0, 0, 1, 0.5], "rotation": 270, "texture": "#8"},
				"down": {"uv": [0, 0, 1, 0.5], "rotation": 270, "texture": "#8"}
			}
		},
		{
			"name": "hoods1_2",
			"from": [12.133, 11.716, 5],
			"to": [12.393, 12.324, 6],
			"rotation": {"angle": 22.5, "axis": "z", "origin": [11.395, 12.797, 6]},
			"faces": {
				"north": {"uv": [0, 0, 0.5, 0.5], "rotation": 90, "texture": "#8"},
				"east": {"uv": [0, 0, 1, 0.5], "rotation": 270, "texture": "#8"},
				"west": {"uv": [0, 0, 1, 0.5], "rotation": 270, "texture": "#8"},
				"up": {"uv": [0, 0, 1, 0.5], "rotation": 270, "texture": "#8"},
				"down": {"uv": [0, 0, 1, 0.5], "rotation": 270, "texture": "#8"}
			}
		},
		{
			"name": "hoods1_2",
			"from": [10.271, 11.724, 5],
			"to": [10.531, 12.18, 6],
			"rotation": {"angle": 0, "axis": "y", "origin": [11.395, 12.797, 6]},
			"faces": {
				"north": {"uv": [0, 0, 0.5, 0.5], "rotation": 90, "texture": "#8"},
				"east": {"uv": [0, 0, 1, 0.5], "rotation": 270, "texture": "#8"},
				"west": {"uv": [0, 0, 1, 0.5], "rotation": 270, "texture": "#8"},
				"up": {"uv": [0, 0, 1, 0.5], "rotation": 270, "texture": "#8"},
				"down": {"uv": [0, 0, 1, 0.5], "rotation": 270, "texture": "#8"}
			}
		},
		{
			"name": "hoods1_2",
			"from": [12.471, 11.724, 5],
			"to": [12.731, 12.18, 6],
			"rotation": {"angle": 0, "axis": "y", "origin": [11.395, 12.797, 6]},
			"faces": {
				"north": {"uv": [0, 0, 0.5, 0.5], "rotation": 90, "texture": "#8"},
				"east": {"uv": [0, 0, 1, 0.5], "rotation": 270, "texture": "#8"},
				"west": {"uv": [0, 0, 1, 0.5], "rotation": 270, "texture": "#8"},
				"up": {"uv": [0, 0, 1, 0.5], "rotation": 270, "texture": "#8"},
				"down": {"uv": [0, 0, 1, 0.5], "rotation": 270, "texture": "#8"}
			}
		}
	],
	"groups": [
		{
			"name": "body",
			"origin": [11, 16, 13],
			"color": 0,
			"children": [0, 1, 2, 3, 4, 5, 6, 7, 8, 9, 10, 11, 12, 13, 14, 15, 16, 17, 18, 19, 20, 21]
		},
		{
			"name": "lamps",
			"origin": [11, 16, 13],
			"color": 0,
			"children": [22, 23, 24]
		},
		{
			"name": "signs",
			"origin": [8, 8, 8],
			"color": 0,
			"children": [
				25,
				26,
				27,
				{
					"name": "hood9",
					"origin": [0, 0, 0],
					"color": 0,
					"children": [
						28,
						29,
						30,
						31,
						32,
						33,
						34,
						35,
						36,
						37,
						38,
						39,
						40,
						41,
						42,
						43,
						44,
						45,
						46,
						47,
						48,
						49,
						50,
						51,
						52,
						53,
						54,
						55,
						56,
						57,
						58,
						59,
						60,
						61,
						62,
						63,
						64,
						65,
						66,
						67,
						68,
						69,
						70,
						71,
						72,
						73,
						74,
						75,
						76,
						77,
						78,
						79,
						80,
						81
					]
				}
			]
		}
	]
}