{
"ZS32plate": ["OFF", "Z1", "Z2", "Z3", "Z4", "Z5", "Z6", "Z7", "Z8", "Z9", "Z10", "Z11", "Z12", "Z13", "Z14", "Z15", "Z16", "Z17", "Z18", "Z19", "Z20"],
"ZS32digital": ["OFF", "A", "B", "C", "D", "E", "F", "G", "H", "I", "J", "K", "L", "M", "N", "O", "P", "Q", "R", "S", "T", "U", "V", "W", "X", "Y", "Z", "Z1", "Z2", "Z3", "Z4", "Z5", "Z6", "Z7", "Z8", "Z9", "Z10", "Z11", "Z12", "Z13", "Z14", "Z15", "Z16", "Z17", "Z18", "Z19", "Z20", "ZS6", "ZS8", "ZS13", "ZP8", "ZP9", "HALTMELDER"],
"ZS32vplate": ["OFF", "Z1", "Z2", "Z3", "Z4", "Z5", "Z6", "Z7", "Z8", "Z9", "Z10", "Z11", "Z12", "Z13", "Z14", "Z15", "Z16", "Z17", "Z18", "Z19", "Z20"],
"ZS32v": ["OFF", "A", "B", "C", "D", "E", "F", "G", "H", "I", "J", "K", "L", "M", "N", "O", "P", "Q", "R", "S", "T", "U", "V", "W", "X", "Y", "Z", "Z1", "Z2", "Z3", "Z4", "Z5", "Z6", "Z7", "Z8", "Z9", "Z10", "Z11", "Z12", "Z13", "Z14", "Z15", "Z16", "Z17", "Z18", "Z19", "Z20", "ZS6", "ZS8", "ZS13", "ZP8", "ZP9", "HALTMELDER"],  
"MastSignal675": ["OFF", "WRW", "WYWYW", "WBWBW"],
"HVType51": ["OFF", "MAIN"], 
"HV51Main": ["OFF", "HP0", "HP0_ALTERNATE_RED", "HP1", "HP2"],
"VR51": ["OFF", "VR0", "VR1", "VR2"],
"HVType59": ["OFF", "EXIT", "ENTRY"],
"HV59Exit": ["OFF", "HP0", "HP1", "HP2", "SHUNTING"],
"HV59Entry": ["OFF", "HP0", "HP0_ALTERNATE_RED", "HP1", "HP2"],
"VR59": ["OFF", "VR0", "VR1", "VR2"],
"HVType69": ["OFF", "EXIT", "ENTRY", "BLOCK"],
"HV69Exit": ["OFF", "HP0", "HP1", "HP2", "SHUNTING"],
"HV69Entry": ["OFF", "HP0", "HP0_ALTERNATE_RED", "HP1", "HP2"],
"HV69Block": ["OFF", "HP0", "HP1"],
"VR69": ["OFF", "VR0", "VR1", "VR2"],
"HVTypeG": ["OFF", "EXIT", "ENTRY", "BLOCK"],
"HVGExit": ["OFF", "HP0", "HP1", "HP2", "HV_SHUNTING", "HV_ZS1", "HV_ZS7", "HV_ZS8", "HV_STATUS_LIGHT"],
"HVGEntry": ["OFF", "HP0", "HP1", "HP2", "HV_ZS1", "HV_ZS7", "HV_STATUS_LIGHT"],
"HVGBlock": ["OFF", "HP0", "HP1", "HV_ZS1", "HV_ZS7", "HV_ZS8", "HV_STATUS_LIGHT"],
"VRHVG": ["OFF", "VR0", "VR1", "VR2"],
"KSTypeG": ["OFF", "MAS", "MAIN", "DISTANT"],
"KSGMAS": ["OFF", "HP0", "KS1", "KS1_BLINK", "KS1_BLINK_VKW", "KS2", "KS2_VKW", "KS_ZS1", "KS_ZS7",  "KS_SHUNTING", "KS_STATUS_LIGHT"],
"KSGMain": ["OFF", "HP0", "KS1", "KS_ZS1", "KS_ZS7", "KS_SHUNTING", "KS_STATUS_LIGHT"],
"KSGDistant": ["OFF", "KS1", "KS1_BLINK", "KS1_BLINK_VKW", "KS1_BLINK_WDH", "KS2", "KS2_VKW", "KS2_WDH", "KS_STATUS_LIGHT"],
"KSTypeL": ["OFF", "MAS", "MAIN", "DISTANT"],
"KSLMAS": ["OFF", "HP0", "KS1", "KS1_BLINK", "KS1_BLINK_VKW", "KS2", "KS2_VKW", "KS_ZS1", "KS_ZS7",  "KS_SHUNTING", "KS_STATUS_LIGHT"],
"KSLMain": ["OFF", "HP0", "KS1", "KS_ZS1", "KS_ZS7", "KS_SHUNTING", "KS_STATUS_LIGHT"],
"KSLDistant": ["OFF", "KS1", "KS1_BLINK", "KS1_BLINK_VKW", "KS1_BLINK_WDH", "KS2", "KS2_VKW", "KS2_WDH", "KS_STATUS_LIGHT"],
"KSTypeR": ["OFF", "MAS", "MAIN", "DISTANT"],
"KSRMAS": ["OFF", "HP0", "KS1", "KS1_BLINK", "KS1_BLINK_VKW", "KS2", "KS2_VKW", "KS_ZS1", "KS_ZS7",  "KS_SHUNTING", "KS_STATUS_LIGHT"],
"KSRMain": ["OFF", "HP0", "KS1", "KS_ZS1", "KS_ZS7", "KS_SHUNTING", "KS_STATUS_LIGHT"],
"KSRDistant": ["OFF", "KS1", "KS1_BLINK", "KS1_BLINK_VKW", "KS1_BLINK_WDH", "KS2", "KS2_VKW", "KS2_WDH", "KS_STATUS_LIGHT"],
"SHType": ["OFF", "THALES", "ZUGDECKUNG", "SIEMENS", "LORENZ"],
"Siemens": ["OFF", "HP00", "SH1", "STATUS_LIGHT"],
"Lorenz": ["OFF", "HP00", "SH1", "STATUS_LIGHT"],
"Thales": ["OFF", "HP0", "SH1", "STATUS_LIGHT"],
"Zugdeckung": ["OFF", "HP00", "STATUS_LIGHT"]
}