{
    "currentSignals": ["hvsignal59","hvsignal59bridge"],
    "nextSignals": ["hvsignal69","hvsignal69bridge"],
    "savedPredicates": {
        "stop": "config(hv69exit.HP0) || config(hv69entry.HP0) || config(hv69block.HP0)",
        "drive": "config(hv69exit.HP1) || config(hv69entry.HP1) || config(hv69block.HP1)",
        "slow": "config(hv69exit.HP2) || config(hv69entry.HP2)"
    },
    "values": {
        "map(stop)": ["distantsignal59.VR0", "zs3v.OFF"],
        "map(drive)": ["distantsignal59.VR1"],
        "map(slow)": ["distantsignal59.VR2"],
        "signalRepeater(true)": ["vrlight59.true"],
        
        "(config(zs3.Z1) || config(zs3plate.Z1))": ["zs3v.Z1"],
        "(config(zs3.Z2) || config(zs3plate.Z2))": ["zs3v.Z2"],
        "(config(zs3.Z3) || config(zs3plate.Z3))": ["zs3v.Z3"],
        "(config(zs3.Z4) || config(zs3plate.Z4))": ["zs3v.Z4"],
        "(config(zs3.Z5) || config(zs3plate.Z5))": ["zs3v.Z5"],
        "(config(zs3.Z6) || config(zs3plate.Z6))": ["zs3v.Z6"],
        "(config(zs3.Z7) || config(zs3plate.Z7))": ["zs3v.Z7"],
        "(config(zs3.Z8) || config(zs3plate.Z8))": ["zs3v.Z8"],
        "(config(zs3.Z9) || config(zs3plate.Z9))": ["zs3v.Z9"],
        "(config(zs3.Z10) || config(zs3plate.Z10))": ["zs3v.Z10"],
        "(config(zs3.Z11) || config(zs3plate.Z11))": ["zs3v.Z11"],
        "(config(zs3.Z12) || config(zs3plate.Z12))": ["zs3v.Z12"],
        "(config(zs3.Z13) || config(zs3plate.Z13))": ["zs3v.Z13"],
        "(config(zs3.Z14) || config(zs3plate.Z14))": ["zs3v.Z14"],
        "(config(zs3.Z15) || config(zs3plate.Z15))": ["zs3v.Z15"],

        "speed(<.1) || speed(>.15)": ["hv59exit.HP1","hv59entry.HP1"],
        "speed(==.1)": ["zs3.Z1", "hv59exit.HP2","hv59entry.HP2"],
        "speed(==.2)": ["zs3.Z2", "hv59exit.HP2","hv59entry.HP2"],
        "speed(==.3)": ["zs3.Z3", "hv59exit.HP2","hv59entry.HP2"],
        "speed(==.4)": ["hv59exit.HP2","hv59entry.HP2"],
        "speed(==.5)": ["zs3.Z5", "hv59exit.HP2","hv59entry.HP2"],
        "speed(==.6)": ["zs3.Z6", "hv59exit.HP2","hv59entry.HP2"],
        "speed(==.7)": ["zs3.Z7", "hv59exit.HP1","hv59entry.HP1"],
        "speed(==.8)": ["zs3.Z8", "hv59exit.HP1","hv59entry.HP1"],
        "speed(==.9)": ["zs3.Z9", "hv59exit.HP1","hv59entry.HP1"],
        "speed(==.10)": ["zs3.Z10", "hv59exit.HP1","hv59entry.HP1"],
        "speed(==.11)": ["zs3.Z11", "hv59exit.HP1","hv59entry.HP1"],
        "speed(==.12)": ["zs3.Z12", "hv59exit.HP1","hv59entry.HP1"],
        "speed(==.13)": ["zs3.Z13", "hv59exit.HP1","hv59entry.HP1"],
        "speed(==.14)": ["zs3.Z14", "hv59exit.HP1","hv59entry.HP1"],
        "speed(==.15)": ["zs3.Z15", "hv59exit.HP1","hv59entry.HP1"],

        "zs2value(A)": ["zs3.A"],
        "zs2value(B)": ["zs3.B"],
        "zs2value(C)": ["zs3.C"],
        "zs2value(D)": ["zs3.D"],
        "zs2value(E)": ["zs3.E"],
        "zs2value(F)": ["zs3.F"],
        "zs2value(G)": ["zs3.G"],
        "zs2value(H)": ["zs3.H"],
        "zs2value(I)": ["zs3.I"],
        "zs2value(J)": ["zs3.J"],
        "zs2value(K)": ["zs3.K"],
        "zs2value(L)": ["zs3.L"],
        "zs2value(M)": ["zs3.M"],
        "zs2value(N)": ["zs3.N"],
        "zs2value(O)": ["zs3.O"],
        "zs2value(P)": ["zs3.P"],
        "zs2value(Q)": ["zs3.Q"],
        "zs2value(R)": ["zs3.R"],
        "zs2value(S)": ["zs3.S"],
        "zs2value(T)": ["zs3.T"],
        "zs2value(U)": ["zs3.U"],
        "zs2value(V)": ["zs3.V"],
        "zs2value(W)": ["zs3.W"],
        "zs2value(X)": ["zs3.X"],
        "zs2value(Y)": ["zs3.Y"],
        "zs2value(Z)": ["zs3.Z"],
        "zs2value(ZS6)" : ["zs3.ZS6"],
        "zs2value(ZS13)": ["zs3.ZS13"],

        "config(zs3.A)": ["zs3v.A"],
        "config(zs3.B)": ["zs3v.B"],
        "config(zs3.C)": ["zs3v.C"],
        "config(zs3.D)": ["zs3v.D"],
        "config(zs3.E)": ["zs3v.E"],
        "config(zs3.F)": ["zs3v.F"],
        "config(zs3.G)": ["zs3v.G"],
        "config(zs3.H)": ["zs3v.H"],
        "config(zs3.I)": ["zs3v.I"],
        "config(zs3.J)": ["zs3v.J"],
        "config(zs3.K)": ["zs3v.K"],
        "config(zs3.L)": ["zs3v.L"],
        "config(zs3.M)": ["zs3v.M"],
        "config(zs3.N)": ["zs3v.N"],
        "config(zs3.O)": ["zs3v.O"],
        "config(zs3.P)": ["zs3v.P"],
        "config(zs3.Q)": ["zs3v.Q"],
        "config(zs3.R)": ["zs3v.R"],
        "config(zs3.S)": ["zs3v.S"],
        "config(zs3.T)": ["zs3v.T"],
        "config(zs3.U)": ["zs3v.U"],
        "config(zs3.V)": ["zs3v.V"],
        "config(zs3.W)": ["zs3v.W"],
        "config(zs3.X)": ["zs3v.X"],
        "config(zs3.Y)": ["zs3v.Y"],
        "config(zs3.Z)": ["zs3v.Z"]
    }
}