{
    "currentSignals": ["kssignalauslegerrechts"],
    "nextSignals": ["kssignalauslegerlinks"],
    "savedPredicates": {
        "stop": "config(ksl_mas.HP0) || config(ksl_mas.KS_ZS1) || config(ksl_mas.KS_ZS7) || config(ksl_mas.KS_SHUNTING) || config(ksl_main.HP0) || config(ksl_main.KS_ZS1) || config(ksl_main.KS_ZS7) || config(ksl_main.KS_SHUNTING)",
        "drive": "config(ksl_mas.KS1) || config(ksl_main.KS1) || config(ksl_mas.KS1_BLINK) || config(ksl_mas.KS1_BLINK_VKW) || config(ksl_mas.KS2) || config(ksl_mas.KS2_VKW)",
        "zs3": "config(zs3.Z1) || config(zs3.Z2) || config(zs3.Z3) || config(zs3.Z4) || config(zs3.Z5) || config(zs3.Z6) || config(zs3.Z7) || config(zs3.Z8) || config(zs3.Z9) || config(zs3.Z10) || config(zs3.Z11) || config(zs3.Z12) || config(zs3.Z13) || config(zs3.Z14) || config(zs3.Z15) || config(zs3plate.Z1) || config(zs3plate.Z2) || config(zs3plate.Z3) || config(zs3plate.Z4) || config(zs3plate.Z5) || config(zs3plate.Z6) || config(zs3plate.Z7) || config(zs3plate.Z8) || config(zs3plate.Z9) || config(zs3plate.Z10) || config(zs3plate.Z11) || config(zs3plate.Z12) || config(zs3plate.Z13) || config(zs3plate.Z14) || config(zs3plate.Z15)"
    },
    "values": {
        "(config(zs3.Z1) || config(zs3plate.Z1))": ["zs3v.Z1"],
        "(config(zs3.Z2) || config(zs3plate.Z2))": ["zs3v.Z2"],
        "(config(zs3.Z3) || config(zs3plate.Z3))": ["zs3v.Z3"],
        "(config(zs3.Z4) || config(zs3plate.Z4))": ["zs3v.Z4"],
        "(config(zs3.Z5) || config(zs3plate.Z5))": ["zs3v.Z5"],
        "(config(zs3.Z6) || config(zs3plate.Z6))": ["zs3v.Z6"],
        "(config(zs3.Z7) || config(zs3plate.Z7))": ["zs3v.Z7"],
        "(config(zs3.Z8) || config(zs3plate.Z8))": ["zs3v.Z8"],
        "(config(zs3.Z9) || config(zs3plate.Z9))": ["zs3v.Z9"],
        "(config(zs3.Z10) || config(zs3plate.Z10))": ["zs3v.Z10"],
        "(config(zs3.Z11) || config(zs3plate.Z11))": ["zs3v.Z11"],
        "(config(zs3.Z12) || config(zs3plate.Z12))": ["zs3v.Z12"],
        "(config(zs3.Z13) || config(zs3plate.Z13))": ["zs3v.Z13"],
        "(config(zs3.Z14) || config(zs3plate.Z14))": ["zs3v.Z14"],
        "(config(zs3.Z15) || config(zs3plate.Z15))": ["zs3v.Z15"],

        "map(stop)": ["ksr_mas.KS2", "ksr_main.KS1", "KSR_distant.KS2", "zs3v.OFF", "zs2v.OFF"],
        "map(stop) && signalRepeater(true)": ["KSR_distant.KS2_WDH"],
        "map(drive)": ["ksr_mas.KS1", "ksr_main.KS1", "KSR_distant.KS1"],
        "map(drive) && signalRepeater(true)": ["KSR_distant.KS1_WDH"],
        "map(drive) && map(zs3)": ["ksr_mas.KS1_BLINK", "ksr_main.KS1", "KSR_distant.KS1_BLINK"],
        "map(drive) && map(zs3) && signalRepeater(true)": ["KSR_distant.KS1_BLINK_WDH"],

        "speed(==.1)": ["zs3.Z1"],
        "speed(==.2)": ["zs3.Z2"],
        "speed(==.3)": ["zs3.Z3"],
        "speed(==.4)": ["zs3.Z4"],
        "speed(==.5)": ["zs3.Z5"],
        "speed(==.6)": ["zs3.Z6"],
        "speed(==.7)": ["zs3.Z7"],
        "speed(==.8)": ["zs3.Z8"],
        "speed(==.9)": ["zs3.Z9"],
        "speed(==.10)": ["zs3.Z10"],
        "speed(==.11)": ["zs3.Z11"],
        "speed(==.12)": ["zs3.Z12"],
        "speed(==.13)": ["zs3.Z13"],
        "speed(==.14)": ["zs3.Z14"],
        "speed(==.15)": ["zs3.Z15"],

        "zs2value(A)": ["zs2.A"],
        "zs2value(B)": ["zs2.B"],
        "zs2value(C)": ["zs2.C"],
        "zs2value(D)": ["zs2.D"],
        "zs2value(E)": ["zs2.E"],
        "zs2value(F)": ["zs2.F"],
        "zs2value(G)": ["zs2.G"],
        "zs2value(H)": ["zs2.H"],
        "zs2value(I)": ["zs2.I"],
        "zs2value(J)": ["zs2.J"],
        "zs2value(K)": ["zs2.K"],
        "zs2value(L)": ["zs2.L"],
        "zs2value(M)": ["zs2.M"],
        "zs2value(N)": ["zs2.N"],
        "zs2value(O)": ["zs2.O"],
        "zs2value(P)": ["zs2.P"],
        "zs2value(Q)": ["zs2.Q"],
        "zs2value(R)": ["zs2.R"],
        "zs2value(S)": ["zs2.S"],
        "zs2value(T)": ["zs2.T"],
        "zs2value(U)": ["zs2.U"],
        "zs2value(V)": ["zs2.V"],
        "zs2value(W)": ["zs2.W"],
        "zs2value(X)": ["zs2.X"],
        "zs2value(Y)": ["zs2.Y"],
        "zs2value(Z)": ["zs2.Z"],
        "zs2value(ZS6)" : ["zs2.ZS6"],
        "zs2value(ZS13)": ["zs2.ZS13"],

        "config(zs2.A)": ["zs2v.A"],
        "config(zs2.B)": ["zs2v.B"],
        "config(zs2.C)": ["zs2v.C"],
        "config(zs2.D)": ["zs2v.D"],
        "config(zs2.E)": ["zs2v.E"],
        "config(zs2.F)": ["zs2v.F"],
        "config(zs2.G)": ["zs2v.G"],
        "config(zs2.H)": ["zs2v.H"],
        "config(zs2.I)": ["zs2v.I"],
        "config(zs2.J)": ["zs2v.J"],
        "config(zs2.K)": ["zs2v.K"],
        "config(zs2.L)": ["zs2v.L"],
        "config(zs2.M)": ["zs2v.M"],
        "config(zs2.N)": ["zs2v.N"],
        "config(zs2.O)": ["zs2v.O"],
        "config(zs2.P)": ["zs2v.P"],
        "config(zs2.Q)": ["zs2v.Q"],
        "config(zs2.R)": ["zs2v.R"],
        "config(zs2.S)": ["zs2v.S"],
        "config(zs2.T)": ["zs2v.T"],
        "config(zs2.U)": ["zs2v.U"],
        "config(zs2.V)": ["zs2v.V"],
        "config(zs2.W)": ["zs2v.W"],
        "config(zs2.X)": ["zs2v.X"],
        "config(zs2.Y)": ["zs2v.Y"],
        "config(zs2.Z)": ["zs2v.Z"]
    }
}