{
    "currentSignal": "hvsignal69bridge",
    "allStates": {
        "ZS1": [
            "zs1.TRUE"
        ],
        "ZS7": [
            "zs7.TRUE"
        ],
        "ZS8": [
            "zs3.ZS8"
        ],
        "ZP9": [
            "zs3.ZP9"
        ],
        "SH1": [
            "hv69exit.SHUNTING"
        ],
        "STATUSLIGHT": [
            "hv69exit.OFF",
            "hv69entry.OFF",
            "hv69block.OFF",
            "identifier69.TRUE",
            "vrlight69.TRUE",
            "distantsignal69.OFF"
        ]
    }
}