{
    "currentSignal": "hvsignalkomg",
    "allStates": {
        "ZS1": [
            "hvgexit.HV_ZS1","hvgentry.HV_ZS1","hvgblock.HV_ZS1"
        ],
        "ZS7": [
            "hvgexit.HV_ZS7","hvgentry.HV_ZS7","hvgblock.HV_ZS7"
        ],
        "ZS8": [
            "hvgexit.HV_ZS8","hvgblock.HV_ZS8"
        ],
        "ZP9": [
            "zs3.ZP9"
        ],
        "SH1": [
            "hvgexit.HV_SHUNTING"
        ],
        "STATUSLIGHT": [
            "hvgexit.HV_STATUS_LIGHT",
            "hvgentry.HV_STATUS_LIGHT",
            "hvgblock.HV_STATUS_LIGHT",
            "vrlighthvg.TRUE",
            "distantsignalhvg.OFF"
        ]
    }
}