{
    "currentSignal": "kssignalbridge675",
    "allStates": {
        "ZS1": [
            "ksg_mas.KS_ZS1",
            "ksg_main.KS_ZS1"
        ],
        "ZS7": [
            "ksg_mas.KS_ZS7",
            "ksg_main.KS_ZS7"
        ],
        "ZS8": [
            "zs2.ZS8"
        ],
        "ZP9": [
            "zs2.ZP9"
        ],
        "SH1": [
            "ksg_mas.KS_SHUNTING",
            "ksg_main.KS_SHUNTING"
        ],
        "STATUSLIGHT": [
            "ksg_mas.KS_STATUS_LIGHT",
            "ksg_main.KS_STATUS_LIGHT",
            "ksg_distant.KS_STATUS_LIGHT"
        ]
    }
}