{
	"credit": "Made with Blockbench by SkywalkerValle",
	"textures": {
		"3": "opensignals:blocks/girlever/red",
		"4": "opensignals:blocks/girlever/shield_black",
		"5": "opensignals:blocks/girlever/shield_gray",
		"6": "opensignals:blocks/girlever/white",
		"7": "opensignals:blocks/girlever/yellow",
		"8": "opensignals:blocks/girlever/rope",
		"particle": "opensignals:blocks/girlever/shield_gray"
	},
	"elements": [
		{
			"from": [8.7, 12.55, 6.95],
			"to": [9.4, 20.25, 9.05],
			"rotation": {"angle": -45, "axis": "x", "origin": [8.35, 16.4, 8.35]},
			"faces": {
				"north": {"uv": [0, 0, 0.7, 7.7], "rotation": 180, "texture": "#5"},
				"east": {"uv": [0, 0, 7.7, 2.1], "rotation": 90, "texture": "#5"},
				"south": {"uv": [0, 0, 0.7, 7.7], "texture": "#5"},
				"west": {"uv": [0, 0, 7.7, 2.1], "rotation": 270, "texture": "#5"},
				"up": {"uv": [0, 0, 0.7, 2.1], "texture": "#5"},
				"down": {"uv": [0, 0, 0.7, 2.1], "rotation": 180, "texture": "#5"}
			}
		},
		{
			"from": [8.7, 13.25, 9.05],
			"to": [9.4, 19.55, 10.45],
			"rotation": {"angle": -45, "axis": "x", "origin": [8.35, 16.4, 8.35]},
			"faces": {
				"north": {"uv": [0, 0, 0.7, 6.3], "rotation": 180, "texture": "#5"},
				"east": {"uv": [0, 0, 6.3, 1.4], "rotation": 90, "texture": "#5"},
				"south": {"uv": [0, 0, 0.7, 6.3], "texture": "#5"},
				"west": {"uv": [0, 0, 6.3, 1.4], "rotation": 270, "texture": "#5"},
				"up": {"uv": [0, 0, 0.7, 1.4], "texture": "#5"},
				"down": {"uv": [0, 0, 0.7, 1.4], "rotation": 180, "texture": "#5"}
			}
		},
		{
			"from": [8.7, 13.25, 5.55],
			"to": [9.4, 19.55, 6.95],
			"rotation": {"angle": -45, "axis": "x", "origin": [8.35, 16.4, 8.35]},
			"faces": {
				"north": {"uv": [0, 0, 0.7, 6.3], "rotation": 180, "texture": "#5"},
				"east": {"uv": [0, 0, 6.3, 1.4], "rotation": 90, "texture": "#5"},
				"south": {"uv": [0, 0, 0.7, 6.3], "texture": "#5"},
				"west": {"uv": [0, 0, 6.3, 1.4], "rotation": 270, "texture": "#5"},
				"up": {"uv": [0, 0, 0.7, 1.4], "texture": "#5"},
				"down": {"uv": [0, 0, 0.7, 1.4], "rotation": 180, "texture": "#5"}
			}
		},
		{
			"from": [8.7, 13.95, 4.85],
			"to": [9.4, 18.85, 5.55],
			"rotation": {"angle": -45, "axis": "x", "origin": [8.35, 16.4, 8.35]},
			"faces": {
				"north": {"uv": [0, 0, 0.7, 4.9], "rotation": 180, "texture": "#5"},
				"east": {"uv": [0, 0, 4.9, 0.7], "rotation": 90, "texture": "#5"},
				"south": {"uv": [0, 0, 0.7, 4.9], "texture": "#5"},
				"west": {"uv": [0, 0, 4.9, 0.7], "rotation": 270, "texture": "#5"},
				"up": {"uv": [0, 0, 0.7, 0.7], "texture": "#5"},
				"down": {"uv": [0, 0, 0.7, 0.7], "rotation": 180, "texture": "#5"}
			}
		},
		{
			"from": [8.7, 13.95, 10.45],
			"to": [9.4, 18.85, 11.15],
			"rotation": {"angle": -45, "axis": "x", "origin": [8.35, 16.4, 8.35]},
			"faces": {
				"north": {"uv": [0, 0, 0.7, 4.9], "rotation": 180, "texture": "#5"},
				"east": {"uv": [0, 0, 4.9, 0.7], "rotation": 90, "texture": "#5"},
				"south": {"uv": [0, 0, 0.7, 4.9], "texture": "#5"},
				"west": {"uv": [0, 0, 4.9, 0.7], "rotation": 270, "texture": "#5"},
				"up": {"uv": [0, 0, 0.7, 0.7], "texture": "#5"},
				"down": {"uv": [0, 0, 0.7, 0.7], "rotation": 180, "texture": "#5"}
			}
		},
		{
			"from": [8.7, 15.35, 11.15],
			"to": [9.4, 17.45, 11.85],
			"rotation": {"angle": -45, "axis": "x", "origin": [8.35, 16.4, 8.35]},
			"faces": {
				"north": {"uv": [0, 0, 0.7, 2.1], "rotation": 180, "texture": "#5"},
				"east": {"uv": [0, 0, 2.1, 0.7], "rotation": 90, "texture": "#5"},
				"south": {"uv": [0, 0, 0.7, 2.1], "texture": "#5"},
				"west": {"uv": [0, 0, 2.1, 0.7], "rotation": 270, "texture": "#5"},
				"up": {"uv": [0, 0, 0.7, 0.7], "texture": "#5"},
				"down": {"uv": [0, 0, 0.7, 0.7], "rotation": 180, "texture": "#5"}
			}
		},
		{
			"from": [8.7, 15.35, 4.15],
			"to": [9.4, 17.45, 4.85],
			"rotation": {"angle": -45, "axis": "x", "origin": [8.35, 16.4, 8.35]},
			"faces": {
				"north": {"uv": [0, 0, 0.7, 2.1], "rotation": 180, "texture": "#5"},
				"east": {"uv": [0, 0, 2.1, 0.7], "rotation": 90, "texture": "#5"},
				"south": {"uv": [0, 0, 0.7, 2.1], "texture": "#5"},
				"west": {"uv": [0, 0, 2.1, 0.7], "rotation": 270, "texture": "#5"},
				"up": {"uv": [0, 0, 0.7, 0.7], "texture": "#5"},
				"down": {"uv": [0, 0, 0.7, 0.7], "rotation": 180, "texture": "#5"}
			}
		},
		{
			"from": [9.4, 15.35, 6.95],
			"to": [10.1, 17.45, 9.05],
			"rotation": {"angle": -45, "axis": "x", "origin": [8.35, 16.4, 8.35]},
			"faces": {
				"north": {"uv": [0, 0, 0.7, 2.1], "rotation": 180, "texture": "#5"},
				"east": {"uv": [0, 0, 2.1, 2.1], "rotation": 90, "texture": "#5"},
				"south": {"uv": [0, 0, 0.7, 2.1], "texture": "#5"},
				"west": {"uv": [0, 0, 2.1, 2.1], "rotation": 270, "texture": "#5"},
				"up": {"uv": [0, 0, 0.7, 2.1], "texture": "#5"},
				"down": {"uv": [0, 0, 0.7, 2.1], "rotation": 180, "texture": "#5"}
			}
		},
		{
			"from": [5.9, 16.05, 7.65],
			"to": [10.8, 16.75, 8.35],
			"rotation": {"angle": -45, "axis": "x", "origin": [8.35, 16.4, 8.35]},
			"faces": {
				"north": {"uv": [0, 0, 4.9, 0.7], "rotation": 180, "texture": "#5"},
				"east": {"uv": [0, 0, 0.7, 0.7], "rotation": 90, "texture": "#5"},
				"south": {"uv": [0, 0, 4.9, 0.7], "texture": "#5"},
				"west": {"uv": [0, 0, 0.7, 0.7], "rotation": 270, "texture": "#5"},
				"up": {"uv": [0, 0, 4.9, 0.7], "texture": "#5"},
				"down": {"uv": [0, 0, 4.9, 0.7], "rotation": 180, "texture": "#5"}
			}
		},
		{
			"from": [7.3, 12.55, 6.95],
			"to": [8, 20.25, 9.05],
			"rotation": {"angle": -45, "axis": "x", "origin": [8.35, 16.4, 8.35]},
			"faces": {
				"north": {"uv": [0, 0, 0.7, 7.7], "rotation": 180, "texture": "#5"},
				"east": {"uv": [0, 0, 7.7, 2.1], "rotation": 90, "texture": "#5"},
				"south": {"uv": [0, 0, 0.7, 7.7], "texture": "#5"},
				"west": {"uv": [0, 0, 7.7, 2.1], "rotation": 270, "texture": "#5"},
				"up": {"uv": [0, 0, 0.7, 2.1], "texture": "#5"},
				"down": {"uv": [0, 0, 0.7, 2.1], "rotation": 180, "texture": "#5"}
			}
		},
		{
			"from": [7.3, 13.25, 9.05],
			"to": [8, 19.55, 10.45],
			"rotation": {"angle": -45, "axis": "x", "origin": [8.35, 16.4, 8.35]},
			"faces": {
				"north": {"uv": [0, 0, 0.7, 6.3], "rotation": 180, "texture": "#5"},
				"east": {"uv": [0, 0, 6.3, 1.4], "rotation": 90, "texture": "#5"},
				"south": {"uv": [0, 0, 0.7, 6.3], "texture": "#5"},
				"west": {"uv": [0, 0, 6.3, 1.4], "rotation": 270, "texture": "#5"},
				"up": {"uv": [0, 0, 0.7, 1.4], "texture": "#5"},
				"down": {"uv": [0, 0, 0.7, 1.4], "rotation": 180, "texture": "#5"}
			}
		},
		{
			"from": [7.3, 13.25, 5.55],
			"to": [8, 19.55, 6.95],
			"rotation": {"angle": -45, "axis": "x", "origin": [8.35, 16.4, 8.35]},
			"faces": {
				"north": {"uv": [0, 0, 0.7, 6.3], "rotation": 180, "texture": "#5"},
				"east": {"uv": [0, 0, 6.3, 1.4], "rotation": 90, "texture": "#5"},
				"south": {"uv": [0, 0, 0.7, 6.3], "texture": "#5"},
				"west": {"uv": [0, 0, 6.3, 1.4], "rotation": 270, "texture": "#5"},
				"up": {"uv": [0, 0, 0.7, 1.4], "texture": "#5"},
				"down": {"uv": [0, 0, 0.7, 1.4], "rotation": 180, "texture": "#5"}
			}
		},
		{
			"from": [7.3, 13.95, 4.85],
			"to": [8, 18.85, 5.55],
			"rotation": {"angle": -45, "axis": "x", "origin": [8.35, 16.4, 8.35]},
			"faces": {
				"north": {"uv": [0, 0, 0.7, 4.9], "rotation": 180, "texture": "#5"},
				"east": {"uv": [0, 0, 4.9, 0.7], "rotation": 90, "texture": "#5"},
				"south": {"uv": [0, 0, 0.7, 4.9], "texture": "#5"},
				"west": {"uv": [0, 0, 4.9, 0.7], "rotation": 270, "texture": "#5"},
				"up": {"uv": [0, 0, 0.7, 0.7], "texture": "#5"},
				"down": {"uv": [0, 0, 0.7, 0.7], "rotation": 180, "texture": "#5"}
			}
		},
		{
			"from": [7.3, 13.95, 10.45],
			"to": [8, 18.85, 11.15],
			"rotation": {"angle": -45, "axis": "x", "origin": [8.35, 16.4, 8.35]},
			"faces": {
				"north": {"uv": [0, 0, 0.7, 4.9], "rotation": 180, "texture": "#5"},
				"east": {"uv": [0, 0, 4.9, 0.7], "rotation": 90, "texture": "#5"},
				"south": {"uv": [0, 0, 0.7, 4.9], "texture": "#5"},
				"west": {"uv": [0, 0, 4.9, 0.7], "rotation": 270, "texture": "#5"},
				"up": {"uv": [0, 0, 0.7, 0.7], "texture": "#5"},
				"down": {"uv": [0, 0, 0.7, 0.7], "rotation": 180, "texture": "#5"}
			}
		},
		{
			"from": [7.3, 15.35, 11.15],
			"to": [8, 17.45, 11.85],
			"rotation": {"angle": -45, "axis": "x", "origin": [8.35, 16.4, 8.35]},
			"faces": {
				"north": {"uv": [0, 0, 0.7, 2.1], "rotation": 180, "texture": "#5"},
				"east": {"uv": [0, 0, 2.1, 0.7], "rotation": 90, "texture": "#5"},
				"south": {"uv": [0, 0, 0.7, 2.1], "texture": "#5"},
				"west": {"uv": [0, 0, 2.1, 0.7], "rotation": 270, "texture": "#5"},
				"up": {"uv": [0, 0, 0.7, 0.7], "texture": "#5"},
				"down": {"uv": [0, 0, 0.7, 0.7], "rotation": 180, "texture": "#5"}
			}
		},
		{
			"from": [7.3, 15.35, 4.15],
			"to": [8, 17.45, 4.85],
			"rotation": {"angle": -45, "axis": "x", "origin": [8.35, 16.4, 8.35]},
			"faces": {
				"north": {"uv": [0, 0, 0.7, 2.1], "rotation": 180, "texture": "#5"},
				"east": {"uv": [0, 0, 2.1, 0.7], "rotation": 90, "texture": "#5"},
				"south": {"uv": [0, 0, 0.7, 2.1], "texture": "#5"},
				"west": {"uv": [0, 0, 2.1, 0.7], "rotation": 270, "texture": "#5"},
				"up": {"uv": [0, 0, 0.7, 0.7], "texture": "#5"},
				"down": {"uv": [0, 0, 0.7, 0.7], "rotation": 180, "texture": "#5"}
			}
		},
		{
			"from": [6.6, 15.35, 6.95],
			"to": [7.3, 17.45, 9.05],
			"rotation": {"angle": -45, "axis": "x", "origin": [8.35, 16.4, 8.35]},
			"faces": {
				"north": {"uv": [0, 0, 0.7, 2.1], "rotation": 180, "texture": "#5"},
				"east": {"uv": [0, 0, 2.1, 2.1], "rotation": 90, "texture": "#5"},
				"south": {"uv": [0, 0, 0.7, 2.1], "texture": "#5"},
				"west": {"uv": [0, 0, 2.1, 2.1], "rotation": 270, "texture": "#5"},
				"up": {"uv": [0, 0, 0.7, 2.1], "texture": "#5"},
				"down": {"uv": [0, 0, 0.7, 2.1], "rotation": 180, "texture": "#5"}
			}
		},
		{
			"from": [8, 13.25, 6.95],
			"to": [8.7, 19.55, 9.05],
			"rotation": {"angle": -45, "axis": "x", "origin": [8.35, 16.4, 8.35]},
			"faces": {
				"north": {"uv": [0, 0, 0.7, 6.3], "rotation": 180, "texture": "#5"},
				"east": {"uv": [0, 0, 6.3, 2.1], "rotation": 90, "texture": "#5"},
				"south": {"uv": [0, 0, 0.7, 6.3], "texture": "#5"},
				"west": {"uv": [0, 0, 6.3, 2.1], "rotation": 270, "texture": "#5"},
				"up": {"uv": [0, 0, 0.7, 2.1], "texture": "#5"},
				"down": {"uv": [0, 0, 0.7, 2.1], "rotation": 180, "texture": "#5"}
			}
		},
		{
			"from": [8, 13.95, 9.05],
			"to": [8.7, 18.85, 10.45],
			"rotation": {"angle": -45, "axis": "x", "origin": [8.35, 16.4, 8.35]},
			"faces": {
				"north": {"uv": [0, 0, 0.7, 4.9], "rotation": 180, "texture": "#5"},
				"east": {"uv": [0, 0, 4.9, 1.4], "rotation": 90, "texture": "#5"},
				"south": {"uv": [0, 0, 0.7, 4.9], "texture": "#5"},
				"west": {"uv": [0, 0, 4.9, 1.4], "rotation": 270, "texture": "#5"},
				"up": {"uv": [0, 0, 0.7, 1.4], "texture": "#5"},
				"down": {"uv": [0, 0, 0.7, 1.4], "rotation": 180, "texture": "#5"}
			}
		},
		{
			"from": [8, 13.95, 6.25],
			"to": [8.7, 18.85, 6.95],
			"rotation": {"angle": -45, "axis": "x", "origin": [8.35, 16.4, 8.35]},
			"faces": {
				"north": {"uv": [0, 0, 0.7, 4.9], "rotation": 180, "texture": "#5"},
				"east": {"uv": [0, 0, 4.9, 0.7], "rotation": 90, "texture": "#5"},
				"south": {"uv": [0, 0, 0.7, 4.9], "texture": "#5"},
				"west": {"uv": [0, 0, 4.9, 0.7], "rotation": 270, "texture": "#5"},
				"up": {"uv": [0, 0, 0.7, 0.7], "texture": "#5"},
				"down": {"uv": [0, 0, 0.7, 0.7], "rotation": 180, "texture": "#5"}
			}
		},
		{
			"from": [8, 14.65, 5.55],
			"to": [8.7, 18.15, 6.25],
			"rotation": {"angle": -45, "axis": "x", "origin": [8.35, 16.4, 8.35]},
			"faces": {
				"north": {"uv": [0, 0, 0.7, 3.5], "rotation": 180, "texture": "#5"},
				"east": {"uv": [0, 0, 3.5, 0.7], "rotation": 90, "texture": "#5"},
				"south": {"uv": [0, 0, 0.7, 3.5], "texture": "#5"},
				"west": {"uv": [0, 0, 3.5, 0.7], "rotation": 270, "texture": "#5"},
				"up": {"uv": [0, 0, 0.7, 0.7], "texture": "#5"},
				"down": {"uv": [0, 0, 0.7, 0.7], "rotation": 180, "texture": "#5"}
			}
		},
		{
			"from": [8, 15.35, 10.45],
			"to": [8.7, 17.45, 11.15],
			"rotation": {"angle": -45, "axis": "x", "origin": [8.35, 16.4, 8.35]},
			"faces": {
				"north": {"uv": [0, 0, 0.7, 2.1], "rotation": 180, "texture": "#5"},
				"east": {"uv": [0, 0, 2.1, 0.7], "rotation": 90, "texture": "#5"},
				"south": {"uv": [0, 0, 0.7, 2.1], "texture": "#5"},
				"west": {"uv": [0, 0, 2.1, 0.7], "rotation": 270, "texture": "#5"},
				"up": {"uv": [0, 0, 0.7, 0.7], "texture": "#5"},
				"down": {"uv": [0, 0, 0.7, 0.7], "rotation": 180, "texture": "#5"}
			}
		},
		{
			"from": [8, 15.35, 4.85],
			"to": [8.7, 17.45, 5.55],
			"rotation": {"angle": -45, "axis": "x", "origin": [8.35, 16.4, 8.35]},
			"faces": {
				"north": {"uv": [0, 0, 0.7, 2.1], "rotation": 180, "texture": "#5"},
				"east": {"uv": [0, 0, 2.1, 0.7], "rotation": 90, "texture": "#5"},
				"south": {"uv": [0, 0, 0.7, 2.1], "texture": "#5"},
				"west": {"uv": [0, 0, 2.1, 0.7], "rotation": 270, "texture": "#5"},
				"up": {"uv": [0, 0, 0.7, 0.7], "texture": "#5"},
				"down": {"uv": [0, 0, 0.7, 0.7], "rotation": 180, "texture": "#5"}
			}
		},
		{
			"name": "lever",
			"from": [6.6, 15.35, -2.15],
			"to": [7.3, 16.75, 6.95],
			"rotation": {"angle": -45, "axis": "x", "origin": [8.35, 16.4, 8.35]},
			"faces": {
				"north": {"uv": [0, 0, 0.7, 1.4], "rotation": 180, "texture": "#3"},
				"east": {"uv": [0, 0, 1.4, 9.1], "rotation": 90, "texture": "#3"},
				"south": {"uv": [0, 0, 0.7, 1.4], "texture": "#3"},
				"west": {"uv": [0, 0, 1.4, 9.1], "rotation": 270, "texture": "#3"},
				"up": {"uv": [0, 0, 0.7, 9.1], "texture": "#3"},
				"down": {"uv": [0, 0, 0.7, 9.1], "rotation": 180, "texture": "#3"}
			}
		},
		{
			"name": "handtrap",
			"from": [6.6, 16.75, -5.17194],
			"to": [7.3, 17.45, -3.07194],
			"rotation": {"angle": -45, "axis": "x", "origin": [8.35, 16.4, 8.35]},
			"faces": {
				"north": {"uv": [0, 0, 0.7, 0.7], "rotation": 180, "texture": "#5"},
				"east": {"uv": [0, 0, 0.7, 2.1], "rotation": 90, "texture": "#5"},
				"south": {"uv": [0, 0, 0.7, 0.7], "texture": "#5"},
				"west": {"uv": [0, 0, 0.7, 2.1], "rotation": 270, "texture": "#5"},
				"up": {"uv": [0, 0, 0.7, 2.1], "texture": "#5"},
				"down": {"uv": [0, 0, 0.7, 2.1], "rotation": 180, "texture": "#5"}
			}
		},
		{
			"name": "handtrap",
			"from": [6.6, 16.05, -3.55],
			"to": [7.3, 16.75, -2.15],
			"rotation": {"angle": -45, "axis": "x", "origin": [8.35, 16.4, 8.35]},
			"faces": {
				"north": {"uv": [0, 0, 0.7, 0.7], "rotation": 180, "texture": "#5"},
				"east": {"uv": [0, 0, 0.7, 1.4], "rotation": 90, "texture": "#5"},
				"south": {"uv": [0, 0, 0.7, 0.7], "texture": "#5"},
				"west": {"uv": [0, 0, 0.7, 1.4], "rotation": 270, "texture": "#5"},
				"up": {"uv": [0, 0, 0.7, 1.4], "texture": "#5"},
				"down": {"uv": [0, 0, 0.7, 1.4], "rotation": 180, "texture": "#5"}
			}
		},
		{
			"name": "knob",
			"from": [6.6, 15.35, -6.35],
			"to": [7.3, 16.05, -2.15],
			"rotation": {"angle": -45, "axis": "x", "origin": [8.35, 16.4, 8.35]},
			"faces": {
				"north": {"uv": [0, 0, 0.7, 0.7], "rotation": 180, "texture": "#7"},
				"east": {"uv": [0, 0, 0.7, 4.2], "rotation": 90, "texture": "#7"},
				"south": {"uv": [0, 0, 0.7, 0.7], "texture": "#7"},
				"west": {"uv": [0, 0, 0.7, 4.2], "rotation": 270, "texture": "#7"},
				"up": {"uv": [0, 0, 0.7, 4.2], "texture": "#7"},
				"down": {"uv": [0, 0, 0.7, 4.2], "rotation": 180, "texture": "#7"}
			}
		},
		{
			"from": [5.9, 12.2, 7.14],
			"to": [6.6, 16, 8.84],
			"rotation": {"angle": 0, "axis": "y", "origin": [8.35, 14, 8.35]},
			"faces": {
				"north": {"uv": [0, 0, 0.7, 5.8], "texture": "#4"},
				"east": {"uv": [0, 0, 0.7, 5.8], "texture": "#4"},
				"south": {"uv": [0, 0, 0.7, 5.8], "texture": "#4"},
				"west": {"uv": [0, 0, 0.7, 5.8], "texture": "#4"},
				"up": {"uv": [0, 0, 0.7, 0.7], "texture": "#4"},
				"down": {"uv": [0, 0, 0.7, 0.7], "texture": "#4"}
			}
		},
		{
			"from": [10.1, 11.2, 7.14],
			"to": [10.8, 16, 8.84],
			"rotation": {"angle": 0, "axis": "y", "origin": [8.35, 14, 8.35]},
			"faces": {
				"north": {"uv": [0, 0, 0.7, 5.8], "texture": "#4"},
				"east": {"uv": [0, 0, 0.7, 5.8], "texture": "#4"},
				"south": {"uv": [0, 0, 0.7, 5.8], "texture": "#4"},
				"west": {"uv": [0, 0, 0.7, 5.8], "texture": "#4"},
				"up": {"uv": [0, 0, 0.7, 0.7], "texture": "#4"},
				"down": {"uv": [0, 0, 0.7, 0.7], "texture": "#4"}
			}
		},
		{
			"from": [10.1, 7, 6.44],
			"to": [10.8, 11.2, 9.54],
			"rotation": {"angle": 0, "axis": "y", "origin": [8.35, 14, 8.35]},
			"faces": {
				"north": {"uv": [0, 0, 0.7, 4.2], "texture": "#4"},
				"east": {"uv": [0, 0, 2.1, 4.2], "texture": "#4"},
				"south": {"uv": [0, 0, 0.7, 4.2], "texture": "#4"},
				"west": {"uv": [0, 0, 2.1, 4.2], "texture": "#4"},
				"up": {"uv": [0, 0, 0.7, 2.1], "texture": "#4"},
				"down": {"uv": [0, 0, 0.7, 2.1], "texture": "#4"}
			}
		},
		{
			"from": [14.1, -0.8, 5.44],
			"to": [15.8, 6.2, 10.54],
			"rotation": {"angle": 0, "axis": "y", "origin": [8.35, 14, 8.35]},
			"faces": {
				"north": {"uv": [0, 0, 0.7, 4.2], "texture": "#4"},
				"east": {"uv": [0, 0, 2.1, 4.2], "texture": "#4"},
				"south": {"uv": [0, 0, 0.7, 4.2], "texture": "#4"},
				"west": {"uv": [0, 0, 2.1, 4.2], "texture": "#4"},
				"up": {"uv": [0, 0, 0.7, 2.1], "texture": "#4"},
				"down": {"uv": [0, 0, 0.7, 2.1], "texture": "#4"}
			}
		},
		{
			"from": [0.1, -0.8, 5.44],
			"to": [1.8, 6.2, 10.54],
			"rotation": {"angle": 0, "axis": "y", "origin": [8.35, 14, 8.35]},
			"faces": {
				"north": {"uv": [0, 0, 0.7, 4.2], "texture": "#4"},
				"east": {"uv": [0, 0, 2.1, 4.2], "texture": "#4"},
				"south": {"uv": [0, 0, 0.7, 4.2], "texture": "#4"},
				"west": {"uv": [0, 0, 2.1, 4.2], "texture": "#4"},
				"up": {"uv": [0, 0, 0.7, 2.1], "texture": "#4"},
				"down": {"uv": [0, 0, 0.7, 2.1], "texture": "#4"}
			}
		},
		{
			"from": [0.1, 6.2, 5.44],
			"to": [15.8, 7.2, 10.54],
			"rotation": {"angle": 0, "axis": "y", "origin": [8.35, 17, 8.35]},
			"faces": {
				"north": {"uv": [0, 0, 0.7, 4.2], "texture": "#4"},
				"east": {"uv": [0, 0, 2.1, 4.2], "texture": "#4"},
				"south": {"uv": [0, 0, 0.7, 4.2], "texture": "#4"},
				"west": {"uv": [0, 0, 2.1, 4.2], "texture": "#4"},
				"up": {"uv": [0, 0, 0.7, 2.1], "texture": "#4"},
				"down": {"uv": [0, 0, 0.7, 2.1], "texture": "#4"}
			}
		},
		{
			"from": [5.9, 7, 6.44],
			"to": [6.6, 12.2, 9.54],
			"rotation": {"angle": 0, "axis": "y", "origin": [6.25, 9.1, 9.19]},
			"faces": {
				"north": {"uv": [0, 0, 0.7, 4.2], "texture": "#4"},
				"east": {"uv": [0, 0, 2.1, 4.2], "texture": "#4"},
				"south": {"uv": [0, 0, 0.7, 4.2], "texture": "#4"},
				"west": {"uv": [0, 0, 2.1, 4.2], "texture": "#4"},
				"up": {"uv": [0, 0, 0.7, 2.1], "texture": "#4"},
				"down": {"uv": [0, 0, 0.7, 2.1], "texture": "#4"}
			}
		},
		{
			"name": "sign",
			"from": [10, 12, 7],
			"to": [13, 15, 7.5],
			"rotation": {"angle": 0, "axis": "y", "origin": [8.5, 16.5, 8.2]},
			"faces": {
				"north": {"uv": [0, 0, 3, 3], "texture": "#6"},
				"east": {"uv": [0, 0, 0.5, 3], "texture": "#4"},
				"south": {"uv": [0, 0, 3, 3], "texture": "#4"},
				"west": {"uv": [0, 0, 0.5, 3], "texture": "#4"},
				"up": {"uv": [0, 0, 3, 0.5], "texture": "#4"},
				"down": {"uv": [0, 0, 3, 0.5], "texture": "#4"}
			}
		},
		{
			"from": [8, -0.6, 4.66],
			"to": [8.7, 18.35, 5.235],
			"rotation": {"angle": 0, "axis": "y", "origin": [8.35, 16.4, 8.35]},
			"faces": {
				"north": {"uv": [0, 0, 0.7, 12.1], "texture": "#8"},
				"east": {"uv": [0, 0, 0.7, 12.1], "texture": "#8"},
				"south": {"uv": [0, 0, 0.7, 12.1], "texture": "#8"},
				"west": {"uv": [0, 0, 0.7, 12.1], "texture": "#8"},
				"up": {"uv": [0, 0, 0.7, 0.7], "texture": "#8"},
				"down": {"uv": [0, 0, 0.7, 0.7], "texture": "#8"}
			}
		},
		{
			"from": [8, 19.15, 9],
			"to": [8.7, 19.85, 11.35],
			"rotation": {"angle": 45, "axis": "x", "origin": [8.35, 18.44783, 9.3069]},
			"faces": {
				"north": {"uv": [0, 0, 0.7, 0.7], "rotation": 180, "texture": "#8"},
				"east": {"uv": [0, 0, 0.7, 4.2], "rotation": 270, "texture": "#8"},
				"south": {"uv": [0, 0, 0.7, 0.7], "texture": "#8"},
				"west": {"uv": [0, 0, 0.7, 4.2], "rotation": 90, "texture": "#8"},
				"up": {"uv": [0, 0, 0.7, 4.2], "rotation": 180, "texture": "#8"},
				"down": {"uv": [0, 0, 0.7, 4.2], "texture": "#8"}
			}
		},
		{
			"from": [8, 18.41115, 4.5781],
			"to": [8.7, 19.06115, 6.5281],
			"rotation": {"angle": -45, "axis": "x", "origin": [8.35, 18.76115, 5.4781]},
			"faces": {
				"north": {"uv": [0, 0, 0.7, 0.7], "rotation": 180, "texture": "#8"},
				"east": {"uv": [0, 0, 0.7, 4.2], "rotation": 270, "texture": "#8"},
				"south": {"uv": [0, 0, 0.7, 0.7], "texture": "#8"},
				"west": {"uv": [0, 0, 0.7, 4.2], "rotation": 90, "texture": "#8"},
				"up": {"uv": [0, 0, 0.7, 4.2], "rotation": 180, "texture": "#8"},
				"down": {"uv": [0, 0, 0.7, 4.2], "texture": "#8"}
			}
		},
		{
			"from": [8, 19, 6.01057],
			"to": [8.7, 19.7, 10.21057],
			"rotation": {"angle": 0, "axis": "y", "origin": [8.35, 19.90781, 8.66057]},
			"faces": {
				"north": {"uv": [0, 0, 0.7, 0.7], "rotation": 180, "texture": "#8"},
				"east": {"uv": [0, 0, 0.7, 4.2], "rotation": 270, "texture": "#8"},
				"south": {"uv": [0, 0, 0.7, 0.7], "texture": "#8"},
				"west": {"uv": [0, 0, 0.7, 4.2], "rotation": 90, "texture": "#8"},
				"up": {"uv": [0, 0, 0.7, 4.2], "rotation": 180, "texture": "#8"},
				"down": {"uv": [0, 0, 0.7, 4.2], "texture": "#8"}
			}
		},
		{
			"from": [8, 17.725, 6.95],
			"to": [8.7, 18.425, 9.15],
			"rotation": {"angle": -22.5, "axis": "x", "origin": [8.35, 16.4, 8.35]},
			"faces": {
				"north": {"uv": [0, 0, 0.7, 0.7], "rotation": 180, "texture": "#8"},
				"east": {"uv": [0, 0, 0.7, 4.2], "rotation": 270, "texture": "#8"},
				"south": {"uv": [0, 0, 0.7, 0.7], "texture": "#8"},
				"west": {"uv": [0, 0, 0.7, 4.2], "rotation": 90, "texture": "#8"},
				"up": {"uv": [0, 0, 0.7, 4.2], "rotation": 180, "texture": "#8"},
				"down": {"uv": [0, 0, 0.7, 4.2], "texture": "#8"}
			}
		},
		{
			"from": [8, -0.6, 11],
			"to": [8.7, 18.075, 11.7],
			"rotation": {"angle": 0, "axis": "y", "origin": [8.35, 16.4, 8.35]},
			"faces": {
				"north": {"uv": [0, 0, 0.7, 12.8], "texture": "#8"},
				"east": {"uv": [0, 0, 0.7, 12.8], "texture": "#8"},
				"south": {"uv": [0, 0, 0.7, 12.8], "texture": "#8"},
				"west": {"uv": [0, 0, 0.7, 12.8], "texture": "#8"},
				"up": {"uv": [0, 0, 0.7, 0.7], "texture": "#8"},
				"down": {"uv": [0, 0, 0.7, 0.7], "texture": "#8"}
			}
		}
	],
	"groups": [
		{
			"name": "discmain",
			"origin": [8, 8, 8],
			"color": 0,
			"children": [
				{
					"name": "disc",
					"origin": [8, 8, 8],
					"color": 0,
					"children": [0, 1, 2, 3, 4, 5, 6, 7, 8]
				},
				{
					"name": "disc",
					"origin": [8, 8, 8],
					"color": 0,
					"children": [9, 10, 11, 12, 13, 14, 15, 16]
				},
				{
					"name": "innerdisc",
					"origin": [8, 8, 8],
					"color": 0,
					"children": [17, 18, 19, 20, 21, 22]
				}
			]
		},
		{
			"name": "lever",
			"origin": [8, 8, 8],
			"color": 0,
			"children": [23, 24, 25, 26]
		},
		{
			"name": "stand",
			"origin": [8, 8, 8],
			"color": 0,
			"children": [27, 28, 29, 30, 31, 32, 33, 34]
		},
		{
			"name": "rope",
			"origin": [8, 8, 8],
			"color": 0,
			"children": [35, 36, 37, 38, 39, 40]
		}
	]
}